inventory_created_utc,dataset,provider,provider_product_version,survey_start,survey_end,source_package_dir,relative_path,file_name,file_type,asset_role,asset_role_evidence,file_size_bytes,sha256,units,units_evidence,crs,transform,resolution,width,height,band_count,dtypes,nodata,bounds,raster_tags,band_tags,raster_error,sidecar_files,related_text_reports
2026-09-28T20:13:50Z,ASO_Tuolumne_2026Jan31-Feb01_AllData_and_Reports,"Airborne Snow Observatories, Inc. (ASO)",USCATE20260131v0,2026-01-31,2026-02-01,/Users/jtarrico/ch13_nisar_prelim/data/rasters/aso/ca/tuo/ASO_Tuolumne_2026Jan31-Feb01_AllData_and_Reports,ASO_Tuolumne_2026Jan31-Feb01_banded_swe.txt,ASO_Tuolumne_2026Jan31-Feb01_banded_swe.txt,text/plain,report_text,file extension,2533,d9457036e10dfa4ff756fff95c23fd82fe0a363395c2500cf40bcf592f1b426f,,,,,,,,,,,,,,,,"[""ASO_Tuolumne_2026Jan31-Feb01_banded_swe.txt"",""ASO_Tuolumne_2026Jan31-Feb01_report_v0.pdf"",""ASO_Tuolumne_2026Jan31-Feb01_swe_report.txt"",""ASO_Tuolumne_2026Jan31_hypsometry_SWE.pdf"",""ASO_Tuolumne_2026Jan31_m3w_hypso.pdf"",""ASO_Tuolumne_2026Jan31_radial_TAF.pdf"",""ASO_Tuolumne_2026Jan31_radial_sweDepth.pdf"",""ASO_Tuolumne_2026Jan31_sweVolume_STEP_2a.pdf"",""ASO_Tuolumne_2026Jan31_swe_50m.pdf"",""ASO_Tuolumne_Cherry_2026Jan31-Feb01_banded_swe.txt"",""ASO_Tuolumne_Cherry_2026Jan31-Feb01_swe_report.txt"",""ASO_Tuolumne_Eleanor_2026Jan31-Feb01_banded_swe.txt"",""ASO_Tuolumne_Eleanor_2026Jan31-Feb01_swe_report.txt"",""ASO_Tuolumne_Hetchy_2026Jan31-Feb01_banded_swe.txt"",""ASO_Tuolumne_Hetchy_2026Jan31-Feb01_swe_report.txt"",""ASO_Tuolumne_NorthFork_2026Jan31-Feb01_banded_swe.txt"",""ASO_Tuolumne_NorthFork_2026Jan31-Feb01_swe_report.txt"",""ASO_Tuolumne_SouthFork_2026Jan31-Feb01_banded_swe.txt"",""ASO_Tuolumne_SouthFork_2026Jan31-Feb01_swe_report.txt""]"
2026-09-28T20:13:50Z,ASO_Tuolumne_2026Jan31-Feb01_AllData_and_Reports,"Airborne Snow Observatories, Inc. (ASO)",USCATE20260131v0,2026-01-31,2026-02-01,/Users/jtarrico/ch13_nisar_prelim/data/rasters/aso/ca/tuo/ASO_Tuolumne_2026Jan31-Feb01_AllData_and_Reports,ASO_Tuolumne_2026Jan31-Feb01_report_v0.pdf,ASO_Tuolumne_2026Jan31-Feb01_report_v0.pdf,application/pdf,report_pdf,file extension,1897317,87351c8dd38ba0a96c7e5175c0ff68b3e92a367e5ba2b777cb311279ddb0c1f4,,,,,,,,,,,,,,,,"[""ASO_Tuolumne_2026Jan31-Feb01_banded_swe.txt"",""ASO_Tuolumne_2026Jan31-Feb01_report_v0.pdf"",""ASO_Tuolumne_2026Jan31-Feb01_swe_report.txt"",""ASO_Tuolumne_2026Jan31_hypsometry_SWE.pdf"",""ASO_Tuolumne_2026Jan31_m3w_hypso.pdf"",""ASO_Tuolumne_2026Jan31_radial_TAF.pdf"",""ASO_Tuolumne_2026Jan31_radial_sweDepth.pdf"",""ASO_Tuolumne_2026Jan31_sweVolume_STEP_2a.pdf"",""ASO_Tuolumne_2026Jan31_swe_50m.pdf"",""ASO_Tuolumne_Cherry_2026Jan31-Feb01_banded_swe.txt"",""ASO_Tuolumne_Cherry_2026Jan31-Feb01_swe_report.txt"",""ASO_Tuolumne_Eleanor_2026Jan31-Feb01_banded_swe.txt"",""ASO_Tuolumne_Eleanor_2026Jan31-Feb01_swe_report.txt"",""ASO_Tuolumne_Hetchy_2026Jan31-Feb01_banded_swe.txt"",""ASO_Tuolumne_Hetchy_2026Jan31-Feb01_swe_report.txt"",""ASO_Tuolumne_NorthFork_2026Jan31-Feb01_banded_swe.txt"",""ASO_Tuolumne_NorthFork_2026Jan31-Feb01_swe_report.txt"",""ASO_Tuolumne_SouthFork_2026Jan31-Feb01_banded_swe.txt"",""ASO_Tuolumne_SouthFork_2026Jan31-Feb01_swe_report.txt""]"
2026-09-28T20:13:50Z,ASO_Tuolumne_2026Jan31-Feb01_AllData_and_Reports,"Airborne Snow Observatories, Inc. (ASO)",USCATE20260131v0,2026-01-31,2026-02-01,/Users/jtarrico/ch13_nisar_prelim/data/rasters/aso/ca/tuo/ASO_Tuolumne_2026Jan31-Feb01_AllData_and_Reports,ASO_Tuolumne_2026Jan31-Feb01_snowdepth_3m.tif,ASO_Tuolumne_2026Jan31-Feb01_snowdepth_3m.tif,image/tiff,snow_depth_raster_candidate,filename label,2322065314,b04c6718ce3f9986fde6d1b67e940d28198c9388477037eca3166334f0acc119,,package report gives mean depth in m (ASO_Tuolumne_SouthFork_2026Jan31-Feb01_swe_report.txt); exact raster linkage is not stated,EPSG:32611,"[3.0,0.0,212352.0,0.0,-3.0,4234641.0,0.0,0.0,1.0]","[3.0,3.0]",31464,18449,1,"[""float32""]",-9999.0,"[212352.0,4179294.0,306744.0,4234641.0]","{""AREA_OR_POINT"":""Area""}","[{""STATISTICS_APPROXIMATE"":""YES"",""STATISTICS_MAXIMUM"":""13.604277610779"",""STATISTICS_MEAN"":""0.43675528274952"",""STATISTICS_MINIMUM"":""0"",""STATISTICS_STDDEV"":""0.58715602895428"",""STATISTICS_VALID_PERCENT"":""55.08""}]",,"[""ASO_Tuolumne_2026Jan31-Feb01_snowdepth_3m.tif.aux.xml""]","[""ASO_Tuolumne_2026Jan31-Feb01_banded_swe.txt"",""ASO_Tuolumne_2026Jan31-Feb01_report_v0.pdf"",""ASO_Tuolumne_2026Jan31-Feb01_swe_report.txt"",""ASO_Tuolumne_2026Jan31_hypsometry_SWE.pdf"",""ASO_Tuolumne_2026Jan31_m3w_hypso.pdf"",""ASO_Tuolumne_2026Jan31_radial_TAF.pdf"",""ASO_Tuolumne_2026Jan31_radial_sweDepth.pdf"",""ASO_Tuolumne_2026Jan31_sweVolume_STEP_2a.pdf"",""ASO_Tuolumne_2026Jan31_swe_50m.pdf"",""ASO_Tuolumne_Cherry_2026Jan31-Feb01_banded_swe.txt"",""ASO_Tuolumne_Cherry_2026Jan31-Feb01_swe_report.txt"",""ASO_Tuolumne_Eleanor_2026Jan31-Feb01_banded_swe.txt"",""ASO_Tuolumne_Eleanor_2026Jan31-Feb01_swe_report.txt"",""ASO_Tuolumne_Hetchy_2026Jan31-Feb01_banded_swe.txt"",""ASO_Tuolumne_Hetchy_2026Jan31-Feb01_swe_report.txt"",""ASO_Tuolumne_NorthFork_2026Jan31-Feb01_banded_swe.txt"",""ASO_Tuolumne_NorthFork_2026Jan31-Feb01_swe_report.txt"",""ASO_Tuolumne_SouthFork_2026Jan31-Feb01_banded_swe.txt"",""ASO_Tuolumne_SouthFork_2026Jan31-Feb01_swe_report.txt""]"
2026-09-28T20:13:50Z,ASO_Tuolumne_2026Jan31-Feb01_AllData_and_Reports,"Airborne Snow Observatories, Inc. (ASO)",USCATE20260131v0,2026-01-31,2026-02-01,/Users/jtarrico/ch13_nisar_prelim/data/rasters/aso/ca/tuo/ASO_Tuolumne_2026Jan31-Feb01_AllData_and_Reports,ASO_Tuolumne_2026Jan31-Feb01_snowdepth_3m.tif.aux.xml,ASO_Tuolumne_2026Jan31-Feb01_snowdepth_3m.tif.aux.xml,application/xml,raster_sidecar,GDAL auxiliary XML filename,3569,5731e97238e3c442c7fe3a3f1ae5fd74562a23c6729e7ff9922ab3fe44109893,,,,,,,,,,,,,,,,"[""ASO_Tuolumne_2026Jan31-Feb01_banded_swe.txt"",""ASO_Tuolumne_2026Jan31-Feb01_report_v0.pdf"",""ASO_Tuolumne_2026Jan31-Feb01_swe_report.txt"",""ASO_Tuolumne_2026Jan31_hypsometry_SWE.pdf"",""ASO_Tuolumne_2026Jan31_m3w_hypso.pdf"",""ASO_Tuolumne_2026Jan31_radial_TAF.pdf"",""ASO_Tuolumne_2026Jan31_radial_sweDepth.pdf"",""ASO_Tuolumne_2026Jan31_sweVolume_STEP_2a.pdf"",""ASO_Tuolumne_2026Jan31_swe_50m.pdf"",""ASO_Tuolumne_Cherry_2026Jan31-Feb01_banded_swe.txt"",""ASO_Tuolumne_Cherry_2026Jan31-Feb01_swe_report.txt"",""ASO_Tuolumne_Eleanor_2026Jan31-Feb01_banded_swe.txt"",""ASO_Tuolumne_Eleanor_2026Jan31-Feb01_swe_report.txt"",""ASO_Tuolumne_Hetchy_2026Jan31-Feb01_banded_swe.txt"",""ASO_Tuolumne_Hetchy_2026Jan31-Feb01_swe_report.txt"",""ASO_Tuolumne_NorthFork_2026Jan31-Feb01_banded_swe.txt"",""ASO_Tuolumne_NorthFork_2026Jan31-Feb01_swe_report.txt"",""ASO_Tuolumne_SouthFork_2026Jan31-Feb01_banded_swe.txt"",""ASO_Tuolumne_SouthFork_2026Jan31-Feb01_swe_report.txt""]"
2026-09-28T20:13:50Z,ASO_Tuolumne_2026Jan31-Feb01_AllData_and_Reports,"Airborne Snow Observatories, Inc. (ASO)",USCATE20260131v0,2026-01-31,2026-02-01,/Users/jtarrico/ch13_nisar_prelim/data/rasters/aso/ca/tuo/ASO_Tuolumne_2026Jan31-Feb01_AllData_and_Reports,ASO_Tuolumne_2026Jan31-Feb01_snowdepth_50m.tif,ASO_Tuolumne_2026Jan31-Feb01_snowdepth_50m.tif,image/tiff,snow_depth_raster_candidate,filename label,8463228,00e00237416bf51c346638f061b05fa2d0bdee6a2354c9ab02af52c057c412a5,,package report gives mean depth in m (ASO_Tuolumne_SouthFork_2026Jan31-Feb01_swe_report.txt); exact raster linkage is not stated,EPSG:32611,"[50.0,0.0,212150.0,0.0,-50.0,4234850.0,0.0,0.0,1.0]","[50.0,50.0]",1896,1115,1,"[""float32""]",-9999.0,"[212150.0,4179100.0,306950.0,4234850.0]","{""AREA_OR_POINT"":""Area""}",[{}],,[],"[""ASO_Tuolumne_2026Jan31-Feb01_banded_swe.txt"",""ASO_Tuolumne_2026Jan31-Feb01_report_v0.pdf"",""ASO_Tuolumne_2026Jan31-Feb01_swe_report.txt"",""ASO_Tuolumne_2026Jan31_hypsometry_SWE.pdf"",""ASO_Tuolumne_2026Jan31_m3w_hypso.pdf"",""ASO_Tuolumne_2026Jan31_radial_TAF.pdf"",""ASO_Tuolumne_2026Jan31_radial_sweDepth.pdf"",""ASO_Tuolumne_2026Jan31_sweVolume_STEP_2a.pdf"",""ASO_Tuolumne_2026Jan31_swe_50m.pdf"",""ASO_Tuolumne_Cherry_2026Jan31-Feb01_banded_swe.txt"",""ASO_Tuolumne_Cherry_2026Jan31-Feb01_swe_report.txt"",""ASO_Tuolumne_Eleanor_2026Jan31-Feb01_banded_swe.txt"",""ASO_Tuolumne_Eleanor_2026Jan31-Feb01_swe_report.txt"",""ASO_Tuolumne_Hetchy_2026Jan31-Feb01_banded_swe.txt"",""ASO_Tuolumne_Hetchy_2026Jan31-Feb01_swe_report.txt"",""ASO_Tuolumne_NorthFork_2026Jan31-Feb01_banded_swe.txt"",""ASO_Tuolumne_NorthFork_2026Jan31-Feb01_swe_report.txt"",""ASO_Tuolumne_SouthFork_2026Jan31-Feb01_banded_swe.txt"",""ASO_Tuolumne_SouthFork_2026Jan31-Feb01_swe_report.txt""]"
2026-09-28T20:13:50Z,ASO_Tuolumne_2026Jan31-Feb01_AllData_and_Reports,"Airborne Snow Observatories, Inc. (ASO)",USCATE20260131v0,2026-01-31,2026-02-01,/Users/jtarrico/ch13_nisar_prelim/data/rasters/aso/ca/tuo/ASO_Tuolumne_2026Jan31-Feb01_AllData_and_Reports,ASO_Tuolumne_2026Jan31-Feb01_swe_50m.tif,ASO_Tuolumne_2026Jan31-Feb01_swe_50m.tif,image/tiff,swe_raster,matched SWE File Used entry in package text report,8463222,95cc3ba9ee6bf758a35a823b0c62273c040e89bacba1d0003f8fe90547d20ca7,m,mean SWE unit in ASO_Tuolumne_2026Jan31-Feb01_swe_report.txt; the report identifies this raster as SWE input,EPSG:32611,"[50.0,0.0,212150.0,0.0,-50.0,4234850.0,0.0,0.0,1.0]","[50.0,50.0]",1896,1115,1,"[""float32""]",NaN,"[212150.0,4179100.0,306950.0,4234850.0]","{""AREA_OR_POINT"":""Area""}","[{""STATISTICS_APPROXIMATE"":""YES"",""STATISTICS_MAXIMUM"":""3.0241878032684"",""STATISTICS_MEAN"":""0.15562931673115"",""STATISTICS_MINIMUM"":""0"",""STATISTICS_STDDEV"":""0.18531442694145"",""STATISTICS_VALID_PERCENT"":""53.89""}]",,"[""ASO_Tuolumne_2026Jan31-Feb01_swe_50m.tif.aux.xml""]","[""ASO_Tuolumne_2026Jan31-Feb01_banded_swe.txt"",""ASO_Tuolumne_2026Jan31-Feb01_report_v0.pdf"",""ASO_Tuolumne_2026Jan31-Feb01_swe_report.txt"",""ASO_Tuolumne_2026Jan31_hypsometry_SWE.pdf"",""ASO_Tuolumne_2026Jan31_m3w_hypso.pdf"",""ASO_Tuolumne_2026Jan31_radial_TAF.pdf"",""ASO_Tuolumne_2026Jan31_radial_sweDepth.pdf"",""ASO_Tuolumne_2026Jan31_sweVolume_STEP_2a.pdf"",""ASO_Tuolumne_2026Jan31_swe_50m.pdf"",""ASO_Tuolumne_Cherry_2026Jan31-Feb01_banded_swe.txt"",""ASO_Tuolumne_Cherry_2026Jan31-Feb01_swe_report.txt"",""ASO_Tuolumne_Eleanor_2026Jan31-Feb01_banded_swe.txt"",""ASO_Tuolumne_Eleanor_2026Jan31-Feb01_swe_report.txt"",""ASO_Tuolumne_Hetchy_2026Jan31-Feb01_banded_swe.txt"",""ASO_Tuolumne_Hetchy_2026Jan31-Feb01_swe_report.txt"",""ASO_Tuolumne_NorthFork_2026Jan31-Feb01_banded_swe.txt"",""ASO_Tuolumne_NorthFork_2026Jan31-Feb01_swe_report.txt"",""ASO_Tuolumne_SouthFork_2026Jan31-Feb01_banded_swe.txt"",""ASO_Tuolumne_SouthFork_2026Jan31-Feb01_swe_report.txt""]"
2026-09-28T20:13:50Z,ASO_Tuolumne_2026Jan31-Feb01_AllData_and_Reports,"Airborne Snow Observatories, Inc. (ASO)",USCATE20260131v0,2026-01-31,2026-02-01,/Users/jtarrico/ch13_nisar_prelim/data/rasters/aso/ca/tuo/ASO_Tuolumne_2026Jan31-Feb01_AllData_and_Reports,ASO_Tuolumne_2026Jan31-Feb01_swe_50m.tif.aux.xml,ASO_Tuolumne_2026Jan31-Feb01_swe_50m.tif.aux.xml,application/xml,raster_sidecar,GDAL auxiliary XML filename,3064,160dce00a5b72b75da2950fc3144bc39b2fbefe89967965521cfc32a1566b209,,,,,,,,,,,,,,,,"[""ASO_Tuolumne_2026Jan31-Feb01_banded_swe.txt"",""ASO_Tuolumne_2026Jan31-Feb01_report_v0.pdf"",""ASO_Tuolumne_2026Jan31-Feb01_swe_report.txt"",""ASO_Tuolumne_2026Jan31_hypsometry_SWE.pdf"",""ASO_Tuolumne_2026Jan31_m3w_hypso.pdf"",""ASO_Tuolumne_2026Jan31_radial_TAF.pdf"",""ASO_Tuolumne_2026Jan31_radial_sweDepth.pdf"",""ASO_Tuolumne_2026Jan31_sweVolume_STEP_2a.pdf"",""ASO_Tuolumne_2026Jan31_swe_50m.pdf"",""ASO_Tuolumne_Cherry_2026Jan31-Feb01_banded_swe.txt"",""ASO_Tuolumne_Cherry_2026Jan31-Feb01_swe_report.txt"",""ASO_Tuolumne_Eleanor_2026Jan31-Feb01_banded_swe.txt"",""ASO_Tuolumne_Eleanor_2026Jan31-Feb01_swe_report.txt"",""ASO_Tuolumne_Hetchy_2026Jan31-Feb01_banded_swe.txt"",""ASO_Tuolumne_Hetchy_2026Jan31-Feb01_swe_report.txt"",""ASO_Tuolumne_NorthFork_2026Jan31-Feb01_banded_swe.txt"",""ASO_Tuolumne_NorthFork_2026Jan31-Feb01_swe_report.txt"",""ASO_Tuolumne_SouthFork_2026Jan31-Feb01_banded_swe.txt"",""ASO_Tuolumne_SouthFork_2026Jan31-Feb01_swe_report.txt""]"
2026-09-28T20:13:50Z,ASO_Tuolumne_2026Jan31-Feb01_AllData_and_Reports,"Airborne Snow Observatories, Inc. (ASO)",USCATE20260131v0,2026-01-31,2026-02-01,/Users/jtarrico/ch13_nisar_prelim/data/rasters/aso/ca/tuo/ASO_Tuolumne_2026Jan31-Feb01_AllData_and_Reports,ASO_Tuolumne_2026Jan31-Feb01_swe_RFC_aggregate.csv,ASO_Tuolumne_2026Jan31-Feb01_swe_RFC_aggregate.csv,text/csv,summary_table,file extension,1330,e295c224950c431bc8bf30f111c9f1faefc0da76bdf33aa3d7e3cafa7ddc9e7d,,,,,,,,,,,,,,,,"[""ASO_Tuolumne_2026Jan31-Feb01_banded_swe.txt"",""ASO_Tuolumne_2026Jan31-Feb01_report_v0.pdf"",""ASO_Tuolumne_2026Jan31-Feb01_swe_report.txt"",""ASO_Tuolumne_2026Jan31_hypsometry_SWE.pdf"",""ASO_Tuolumne_2026Jan31_m3w_hypso.pdf"",""ASO_Tuolumne_2026Jan31_radial_TAF.pdf"",""ASO_Tuolumne_2026Jan31_radial_sweDepth.pdf"",""ASO_Tuolumne_2026Jan31_sweVolume_STEP_2a.pdf"",""ASO_Tuolumne_2026Jan31_swe_50m.pdf"",""ASO_Tuolumne_Cherry_2026Jan31-Feb01_banded_swe.txt"",""ASO_Tuolumne_Cherry_2026Jan31-Feb01_swe_report.txt"",""ASO_Tuolumne_Eleanor_2026Jan31-Feb01_banded_swe.txt"",""ASO_Tuolumne_Eleanor_2026Jan31-Feb01_swe_report.txt"",""ASO_Tuolumne_Hetchy_2026Jan31-Feb01_banded_swe.txt"",""ASO_Tuolumne_Hetchy_2026Jan31-Feb01_swe_report.txt"",""ASO_Tuolumne_NorthFork_2026Jan31-Feb01_banded_swe.txt"",""ASO_Tuolumne_NorthFork_2026Jan31-Feb01_swe_report.txt"",""ASO_Tuolumne_SouthFork_2026Jan31-Feb01_banded_swe.txt"",""ASO_Tuolumne_SouthFork_2026Jan31-Feb01_swe_report.txt""]"
2026-09-28T20:13:50Z,ASO_Tuolumne_2026Jan31-Feb01_AllData_and_Reports,"Airborne Snow Observatories, Inc. (ASO)",USCATE20260131v0,2026-01-31,2026-02-01,/Users/jtarrico/ch13_nisar_prelim/data/rasters/aso/ca/tuo/ASO_Tuolumne_2026Jan31-Feb01_AllData_and_Reports,ASO_Tuolumne_2026Jan31-Feb01_swe_report.txt,ASO_Tuolumne_2026Jan31-Feb01_swe_report.txt,text/plain,report_text,file extension,758,3ea81234ab7df3b0d16a9bf45cc691a7b1f03254f65907b4645d5bd39c595d85,,,,,,,,,,,,,,,,"[""ASO_Tuolumne_2026Jan31-Feb01_banded_swe.txt"",""ASO_Tuolumne_2026Jan31-Feb01_report_v0.pdf"",""ASO_Tuolumne_2026Jan31-Feb01_swe_report.txt"",""ASO_Tuolumne_2026Jan31_hypsometry_SWE.pdf"",""ASO_Tuolumne_2026Jan31_m3w_hypso.pdf"",""ASO_Tuolumne_2026Jan31_radial_TAF.pdf"",""ASO_Tuolumne_2026Jan31_radial_sweDepth.pdf"",""ASO_Tuolumne_2026Jan31_sweVolume_STEP_2a.pdf"",""ASO_Tuolumne_2026Jan31_swe_50m.pdf"",""ASO_Tuolumne_Cherry_2026Jan31-Feb01_banded_swe.txt"",""ASO_Tuolumne_Cherry_2026Jan31-Feb01_swe_report.txt"",""ASO_Tuolumne_Eleanor_2026Jan31-Feb01_banded_swe.txt"",""ASO_Tuolumne_Eleanor_2026Jan31-Feb01_swe_report.txt"",""ASO_Tuolumne_Hetchy_2026Jan31-Feb01_banded_swe.txt"",""ASO_Tuolumne_Hetchy_2026Jan31-Feb01_swe_report.txt"",""ASO_Tuolumne_NorthFork_2026Jan31-Feb01_banded_swe.txt"",""ASO_Tuolumne_NorthFork_2026Jan31-Feb01_swe_report.txt"",""ASO_Tuolumne_SouthFork_2026Jan31-Feb01_banded_swe.txt"",""ASO_Tuolumne_SouthFork_2026Jan31-Feb01_swe_report.txt""]"
2026-09-28T20:13:50Z,ASO_Tuolumne_2026Jan31-Feb01_AllData_and_Reports,"Airborne Snow Observatories, Inc. (ASO)",USCATE20260131v0,2026-01-31,2026-02-01,/Users/jtarrico/ch13_nisar_prelim/data/rasters/aso/ca/tuo/ASO_Tuolumne_2026Jan31-Feb01_AllData_and_Reports,ASO_Tuolumne_2026Jan31-Feb01_swe_volume_barplot.png,ASO_Tuolumne_2026Jan31-Feb01_swe_volume_barplot.png,image/png,other_file,file extension or package inventory,78919,f2fd137be3d4ef781e1fca18af3ec5d93e0757ce9875ea3c227eeefaae2a391e,,,,,,,,,,,,,,,,"[""ASO_Tuolumne_2026Jan31-Feb01_banded_swe.txt"",""ASO_Tuolumne_2026Jan31-Feb01_report_v0.pdf"",""ASO_Tuolumne_2026Jan31-Feb01_swe_report.txt"",""ASO_Tuolumne_2026Jan31_hypsometry_SWE.pdf"",""ASO_Tuolumne_2026Jan31_m3w_hypso.pdf"",""ASO_Tuolumne_2026Jan31_radial_TAF.pdf"",""ASO_Tuolumne_2026Jan31_radial_sweDepth.pdf"",""ASO_Tuolumne_2026Jan31_sweVolume_STEP_2a.pdf"",""ASO_Tuolumne_2026Jan31_swe_50m.pdf"",""ASO_Tuolumne_Cherry_2026Jan31-Feb01_banded_swe.txt"",""ASO_Tuolumne_Cherry_2026Jan31-Feb01_swe_report.txt"",""ASO_Tuolumne_Eleanor_2026Jan31-Feb01_banded_swe.txt"",""ASO_Tuolumne_Eleanor_2026Jan31-Feb01_swe_report.txt"",""ASO_Tuolumne_Hetchy_2026Jan31-Feb01_banded_swe.txt"",""ASO_Tuolumne_Hetchy_2026Jan31-Feb01_swe_report.txt"",""ASO_Tuolumne_NorthFork_2026Jan31-Feb01_banded_swe.txt"",""ASO_Tuolumne_NorthFork_2026Jan31-Feb01_swe_report.txt"",""ASO_Tuolumne_SouthFork_2026Jan31-Feb01_banded_swe.txt"",""ASO_Tuolumne_SouthFork_2026Jan31-Feb01_swe_report.txt""]"
2026-09-28T20:13:50Z,ASO_Tuolumne_2026Jan31-Feb01_AllData_and_Reports,"Airborne Snow Observatories, Inc. (ASO)",USCATE20260131v0,2026-01-31,2026-02-01,/Users/jtarrico/ch13_nisar_prelim/data/rasters/aso/ca/tuo/ASO_Tuolumne_2026Jan31-Feb01_AllData_and_Reports,ASO_Tuolumne_2026Jan31_hypsometry_SWE.pdf,ASO_Tuolumne_2026Jan31_hypsometry_SWE.pdf,application/pdf,report_pdf,file extension,15727,60a82111111b6e576ddc6b55baa443ac9e01663e169f03b9d54bb5cf83066d13,,,,,,,,,,,,,,,,"[""ASO_Tuolumne_2026Jan31-Feb01_banded_swe.txt"",""ASO_Tuolumne_2026Jan31-Feb01_report_v0.pdf"",""ASO_Tuolumne_2026Jan31-Feb01_swe_report.txt"",""ASO_Tuolumne_2026Jan31_hypsometry_SWE.pdf"",""ASO_Tuolumne_2026Jan31_m3w_hypso.pdf"",""ASO_Tuolumne_2026Jan31_radial_TAF.pdf"",""ASO_Tuolumne_2026Jan31_radial_sweDepth.pdf"",""ASO_Tuolumne_2026Jan31_sweVolume_STEP_2a.pdf"",""ASO_Tuolumne_2026Jan31_swe_50m.pdf"",""ASO_Tuolumne_Cherry_2026Jan31-Feb01_banded_swe.txt"",""ASO_Tuolumne_Cherry_2026Jan31-Feb01_swe_report.txt"",""ASO_Tuolumne_Eleanor_2026Jan31-Feb01_banded_swe.txt"",""ASO_Tuolumne_Eleanor_2026Jan31-Feb01_swe_report.txt"",""ASO_Tuolumne_Hetchy_2026Jan31-Feb01_banded_swe.txt"",""ASO_Tuolumne_Hetchy_2026Jan31-Feb01_swe_report.txt"",""ASO_Tuolumne_NorthFork_2026Jan31-Feb01_banded_swe.txt"",""ASO_Tuolumne_NorthFork_2026Jan31-Feb01_swe_report.txt"",""ASO_Tuolumne_SouthFork_2026Jan31-Feb01_banded_swe.txt"",""ASO_Tuolumne_SouthFork_2026Jan31-Feb01_swe_report.txt""]"
2026-09-28T20:13:50Z,ASO_Tuolumne_2026Jan31-Feb01_AllData_and_Reports,"Airborne Snow Observatories, Inc. (ASO)",USCATE20260131v0,2026-01-31,2026-02-01,/Users/jtarrico/ch13_nisar_prelim/data/rasters/aso/ca/tuo/ASO_Tuolumne_2026Jan31-Feb01_AllData_and_Reports,ASO_Tuolumne_2026Jan31_m3w_hypso.pdf,ASO_Tuolumne_2026Jan31_m3w_hypso.pdf,application/pdf,report_pdf,file extension,16731,76b480a326c203893c0c7c613b7679c5e1d139bf013f372e97058cd3d90371e4,,,,,,,,,,,,,,,,"[""ASO_Tuolumne_2026Jan31-Feb01_banded_swe.txt"",""ASO_Tuolumne_2026Jan31-Feb01_report_v0.pdf"",""ASO_Tuolumne_2026Jan31-Feb01_swe_report.txt"",""ASO_Tuolumne_2026Jan31_hypsometry_SWE.pdf"",""ASO_Tuolumne_2026Jan31_m3w_hypso.pdf"",""ASO_Tuolumne_2026Jan31_radial_TAF.pdf"",""ASO_Tuolumne_2026Jan31_radial_sweDepth.pdf"",""ASO_Tuolumne_2026Jan31_sweVolume_STEP_2a.pdf"",""ASO_Tuolumne_2026Jan31_swe_50m.pdf"",""ASO_Tuolumne_Cherry_2026Jan31-Feb01_banded_swe.txt"",""ASO_Tuolumne_Cherry_2026Jan31-Feb01_swe_report.txt"",""ASO_Tuolumne_Eleanor_2026Jan31-Feb01_banded_swe.txt"",""ASO_Tuolumne_Eleanor_2026Jan31-Feb01_swe_report.txt"",""ASO_Tuolumne_Hetchy_2026Jan31-Feb01_banded_swe.txt"",""ASO_Tuolumne_Hetchy_2026Jan31-Feb01_swe_report.txt"",""ASO_Tuolumne_NorthFork_2026Jan31-Feb01_banded_swe.txt"",""ASO_Tuolumne_NorthFork_2026Jan31-Feb01_swe_report.txt"",""ASO_Tuolumne_SouthFork_2026Jan31-Feb01_banded_swe.txt"",""ASO_Tuolumne_SouthFork_2026Jan31-Feb01_swe_report.txt""]"
2026-09-28T20:13:50Z,ASO_Tuolumne_2026Jan31-Feb01_AllData_and_Reports,"Airborne Snow Observatories, Inc. (ASO)",USCATE20260131v0,2026-01-31,2026-02-01,/Users/jtarrico/ch13_nisar_prelim/data/rasters/aso/ca/tuo/ASO_Tuolumne_2026Jan31-Feb01_AllData_and_Reports,ASO_Tuolumne_2026Jan31_radial_TAF.pdf,ASO_Tuolumne_2026Jan31_radial_TAF.pdf,application/pdf,report_pdf,file extension,42639,ca7a4f9fe729da2c2c9b4edd3e1f38c31913a8debf18eaec7f450f20f7c51ac9,,,,,,,,,,,,,,,,"[""ASO_Tuolumne_2026Jan31-Feb01_banded_swe.txt"",""ASO_Tuolumne_2026Jan31-Feb01_report_v0.pdf"",""ASO_Tuolumne_2026Jan31-Feb01_swe_report.txt"",""ASO_Tuolumne_2026Jan31_hypsometry_SWE.pdf"",""ASO_Tuolumne_2026Jan31_m3w_hypso.pdf"",""ASO_Tuolumne_2026Jan31_radial_TAF.pdf"",""ASO_Tuolumne_2026Jan31_radial_sweDepth.pdf"",""ASO_Tuolumne_2026Jan31_sweVolume_STEP_2a.pdf"",""ASO_Tuolumne_2026Jan31_swe_50m.pdf"",""ASO_Tuolumne_Cherry_2026Jan31-Feb01_banded_swe.txt"",""ASO_Tuolumne_Cherry_2026Jan31-Feb01_swe_report.txt"",""ASO_Tuolumne_Eleanor_2026Jan31-Feb01_banded_swe.txt"",""ASO_Tuolumne_Eleanor_2026Jan31-Feb01_swe_report.txt"",""ASO_Tuolumne_Hetchy_2026Jan31-Feb01_banded_swe.txt"",""ASO_Tuolumne_Hetchy_2026Jan31-Feb01_swe_report.txt"",""ASO_Tuolumne_NorthFork_2026Jan31-Feb01_banded_swe.txt"",""ASO_Tuolumne_NorthFork_2026Jan31-Feb01_swe_report.txt"",""ASO_Tuolumne_SouthFork_2026Jan31-Feb01_banded_swe.txt"",""ASO_Tuolumne_SouthFork_2026Jan31-Feb01_swe_report.txt""]"
2026-09-28T20:13:50Z,ASO_Tuolumne_2026Jan31-Feb01_AllData_and_Reports,"Airborne Snow Observatories, Inc. (ASO)",USCATE20260131v0,2026-01-31,2026-02-01,/Users/jtarrico/ch13_nisar_prelim/data/rasters/aso/ca/tuo/ASO_Tuolumne_2026Jan31-Feb01_AllData_and_Reports,ASO_Tuolumne_2026Jan31_radial_sweDepth.pdf,ASO_Tuolumne_2026Jan31_radial_sweDepth.pdf,application/pdf,report_pdf,file extension,41842,ab5ab03d444072411ec91f910b905d5ea3ea39c7a674266236f937be8b864d0f,,,,,,,,,,,,,,,,"[""ASO_Tuolumne_2026Jan31-Feb01_banded_swe.txt"",""ASO_Tuolumne_2026Jan31-Feb01_report_v0.pdf"",""ASO_Tuolumne_2026Jan31-Feb01_swe_report.txt"",""ASO_Tuolumne_2026Jan31_hypsometry_SWE.pdf"",""ASO_Tuolumne_2026Jan31_m3w_hypso.pdf"",""ASO_Tuolumne_2026Jan31_radial_TAF.pdf"",""ASO_Tuolumne_2026Jan31_radial_sweDepth.pdf"",""ASO_Tuolumne_2026Jan31_sweVolume_STEP_2a.pdf"",""ASO_Tuolumne_2026Jan31_swe_50m.pdf"",""ASO_Tuolumne_Cherry_2026Jan31-Feb01_banded_swe.txt"",""ASO_Tuolumne_Cherry_2026Jan31-Feb01_swe_report.txt"",""ASO_Tuolumne_Eleanor_2026Jan31-Feb01_banded_swe.txt"",""ASO_Tuolumne_Eleanor_2026Jan31-Feb01_swe_report.txt"",""ASO_Tuolumne_Hetchy_2026Jan31-Feb01_banded_swe.txt"",""ASO_Tuolumne_Hetchy_2026Jan31-Feb01_swe_report.txt"",""ASO_Tuolumne_NorthFork_2026Jan31-Feb01_banded_swe.txt"",""ASO_Tuolumne_NorthFork_2026Jan31-Feb01_swe_report.txt"",""ASO_Tuolumne_SouthFork_2026Jan31-Feb01_banded_swe.txt"",""ASO_Tuolumne_SouthFork_2026Jan31-Feb01_swe_report.txt""]"
2026-09-28T20:13:50Z,ASO_Tuolumne_2026Jan31-Feb01_AllData_and_Reports,"Airborne Snow Observatories, Inc. (ASO)",USCATE20260131v0,2026-01-31,2026-02-01,/Users/jtarrico/ch13_nisar_prelim/data/rasters/aso/ca/tuo/ASO_Tuolumne_2026Jan31-Feb01_AllData_and_Reports,ASO_Tuolumne_2026Jan31_sweVolume_STEP_2a.pdf,ASO_Tuolumne_2026Jan31_sweVolume_STEP_2a.pdf,application/pdf,report_pdf,file extension,14412,9eb0cd31e444d353fe50a5de1159c5d35b0880cade11e0dacc841c9268ac12a1,,,,,,,,,,,,,,,,"[""ASO_Tuolumne_2026Jan31-Feb01_banded_swe.txt"",""ASO_Tuolumne_2026Jan31-Feb01_report_v0.pdf"",""ASO_Tuolumne_2026Jan31-Feb01_swe_report.txt"",""ASO_Tuolumne_2026Jan31_hypsometry_SWE.pdf"",""ASO_Tuolumne_2026Jan31_m3w_hypso.pdf"",""ASO_Tuolumne_2026Jan31_radial_TAF.pdf"",""ASO_Tuolumne_2026Jan31_radial_sweDepth.pdf"",""ASO_Tuolumne_2026Jan31_sweVolume_STEP_2a.pdf"",""ASO_Tuolumne_2026Jan31_swe_50m.pdf"",""ASO_Tuolumne_Cherry_2026Jan31-Feb01_banded_swe.txt"",""ASO_Tuolumne_Cherry_2026Jan31-Feb01_swe_report.txt"",""ASO_Tuolumne_Eleanor_2026Jan31-Feb01_banded_swe.txt"",""ASO_Tuolumne_Eleanor_2026Jan31-Feb01_swe_report.txt"",""ASO_Tuolumne_Hetchy_2026Jan31-Feb01_banded_swe.txt"",""ASO_Tuolumne_Hetchy_2026Jan31-Feb01_swe_report.txt"",""ASO_Tuolumne_NorthFork_2026Jan31-Feb01_banded_swe.txt"",""ASO_Tuolumne_NorthFork_2026Jan31-Feb01_swe_report.txt"",""ASO_Tuolumne_SouthFork_2026Jan31-Feb01_banded_swe.txt"",""ASO_Tuolumne_SouthFork_2026Jan31-Feb01_swe_report.txt""]"
2026-09-28T20:13:50Z,ASO_Tuolumne_2026Jan31-Feb01_AllData_and_Reports,"Airborne Snow Observatories, Inc. (ASO)",USCATE20260131v0,2026-01-31,2026-02-01,/Users/jtarrico/ch13_nisar_prelim/data/rasters/aso/ca/tuo/ASO_Tuolumne_2026Jan31-Feb01_AllData_and_Reports,ASO_Tuolumne_2026Jan31_swe_50m.pdf,ASO_Tuolumne_2026Jan31_swe_50m.pdf,application/pdf,report_pdf,file extension,1185310,6d84d91e1fccd453fb2a211c519d715099ddb40c6833717f51c2349cda3dc2d8,,,,,,,,,,,,,,,,"[""ASO_Tuolumne_2026Jan31-Feb01_banded_swe.txt"",""ASO_Tuolumne_2026Jan31-Feb01_report_v0.pdf"",""ASO_Tuolumne_2026Jan31-Feb01_swe_report.txt"",""ASO_Tuolumne_2026Jan31_hypsometry_SWE.pdf"",""ASO_Tuolumne_2026Jan31_m3w_hypso.pdf"",""ASO_Tuolumne_2026Jan31_radial_TAF.pdf"",""ASO_Tuolumne_2026Jan31_radial_sweDepth.pdf"",""ASO_Tuolumne_2026Jan31_sweVolume_STEP_2a.pdf"",""ASO_Tuolumne_2026Jan31_swe_50m.pdf"",""ASO_Tuolumne_Cherry_2026Jan31-Feb01_banded_swe.txt"",""ASO_Tuolumne_Cherry_2026Jan31-Feb01_swe_report.txt"",""ASO_Tuolumne_Eleanor_2026Jan31-Feb01_banded_swe.txt"",""ASO_Tuolumne_Eleanor_2026Jan31-Feb01_swe_report.txt"",""ASO_Tuolumne_Hetchy_2026Jan31-Feb01_banded_swe.txt"",""ASO_Tuolumne_Hetchy_2026Jan31-Feb01_swe_report.txt"",""ASO_Tuolumne_NorthFork_2026Jan31-Feb01_banded_swe.txt"",""ASO_Tuolumne_NorthFork_2026Jan31-Feb01_swe_report.txt"",""ASO_Tuolumne_SouthFork_2026Jan31-Feb01_banded_swe.txt"",""ASO_Tuolumne_SouthFork_2026Jan31-Feb01_swe_report.txt""]"
2026-09-28T20:13:50Z,ASO_Tuolumne_2026Jan31-Feb01_AllData_and_Reports,"Airborne Snow Observatories, Inc. (ASO)",USCATE20260131v0,2026-01-31,2026-02-01,/Users/jtarrico/ch13_nisar_prelim/data/rasters/aso/ca/tuo/ASO_Tuolumne_2026Jan31-Feb01_AllData_and_Reports,ASO_Tuolumne_Cherry_2026Jan31-Feb01_banded_swe.txt,ASO_Tuolumne_Cherry_2026Jan31-Feb01_banded_swe.txt,text/plain,report_text,file extension,2553,f72ee5c2b0f228036c0eeb1547d21b4c0a1534d314aac4cb0484bd232001243e,,,,,,,,,,,,,,,,"[""ASO_Tuolumne_2026Jan31-Feb01_banded_swe.txt"",""ASO_Tuolumne_2026Jan31-Feb01_report_v0.pdf"",""ASO_Tuolumne_2026Jan31-Feb01_swe_report.txt"",""ASO_Tuolumne_2026Jan31_hypsometry_SWE.pdf"",""ASO_Tuolumne_2026Jan31_m3w_hypso.pdf"",""ASO_Tuolumne_2026Jan31_radial_TAF.pdf"",""ASO_Tuolumne_2026Jan31_radial_sweDepth.pdf"",""ASO_Tuolumne_2026Jan31_sweVolume_STEP_2a.pdf"",""ASO_Tuolumne_2026Jan31_swe_50m.pdf"",""ASO_Tuolumne_Cherry_2026Jan31-Feb01_banded_swe.txt"",""ASO_Tuolumne_Cherry_2026Jan31-Feb01_swe_report.txt"",""ASO_Tuolumne_Eleanor_2026Jan31-Feb01_banded_swe.txt"",""ASO_Tuolumne_Eleanor_2026Jan31-Feb01_swe_report.txt"",""ASO_Tuolumne_Hetchy_2026Jan31-Feb01_banded_swe.txt"",""ASO_Tuolumne_Hetchy_2026Jan31-Feb01_swe_report.txt"",""ASO_Tuolumne_NorthFork_2026Jan31-Feb01_banded_swe.txt"",""ASO_Tuolumne_NorthFork_2026Jan31-Feb01_swe_report.txt"",""ASO_Tuolumne_SouthFork_2026Jan31-Feb01_banded_swe.txt"",""ASO_Tuolumne_SouthFork_2026Jan31-Feb01_swe_report.txt""]"
2026-09-28T20:13:50Z,ASO_Tuolumne_2026Jan31-Feb01_AllData_and_Reports,"Airborne Snow Observatories, Inc. (ASO)",USCATE20260131v0,2026-01-31,2026-02-01,/Users/jtarrico/ch13_nisar_prelim/data/rasters/aso/ca/tuo/ASO_Tuolumne_2026Jan31-Feb01_AllData_and_Reports,ASO_Tuolumne_Cherry_2026Jan31-Feb01_swe_report.txt,ASO_Tuolumne_Cherry_2026Jan31-Feb01_swe_report.txt,text/plain,report_text,file extension,766,d056dfd6a7198ff7ef135cf2e1fd5cb293644e44bf62d3b8283c82b4ed658248,,,,,,,,,,,,,,,,"[""ASO_Tuolumne_2026Jan31-Feb01_banded_swe.txt"",""ASO_Tuolumne_2026Jan31-Feb01_report_v0.pdf"",""ASO_Tuolumne_2026Jan31-Feb01_swe_report.txt"",""ASO_Tuolumne_2026Jan31_hypsometry_SWE.pdf"",""ASO_Tuolumne_2026Jan31_m3w_hypso.pdf"",""ASO_Tuolumne_2026Jan31_radial_TAF.pdf"",""ASO_Tuolumne_2026Jan31_radial_sweDepth.pdf"",""ASO_Tuolumne_2026Jan31_sweVolume_STEP_2a.pdf"",""ASO_Tuolumne_2026Jan31_swe_50m.pdf"",""ASO_Tuolumne_Cherry_2026Jan31-Feb01_banded_swe.txt"",""ASO_Tuolumne_Cherry_2026Jan31-Feb01_swe_report.txt"",""ASO_Tuolumne_Eleanor_2026Jan31-Feb01_banded_swe.txt"",""ASO_Tuolumne_Eleanor_2026Jan31-Feb01_swe_report.txt"",""ASO_Tuolumne_Hetchy_2026Jan31-Feb01_banded_swe.txt"",""ASO_Tuolumne_Hetchy_2026Jan31-Feb01_swe_report.txt"",""ASO_Tuolumne_NorthFork_2026Jan31-Feb01_banded_swe.txt"",""ASO_Tuolumne_NorthFork_2026Jan31-Feb01_swe_report.txt"",""ASO_Tuolumne_SouthFork_2026Jan31-Feb01_banded_swe.txt"",""ASO_Tuolumne_SouthFork_2026Jan31-Feb01_swe_report.txt""]"
2026-09-28T20:13:50Z,ASO_Tuolumne_2026Jan31-Feb01_AllData_and_Reports,"Airborne Snow Observatories, Inc. (ASO)",USCATE20260131v0,2026-01-31,2026-02-01,/Users/jtarrico/ch13_nisar_prelim/data/rasters/aso/ca/tuo/ASO_Tuolumne_2026Jan31-Feb01_AllData_and_Reports,ASO_Tuolumne_Cherry_2026Jan31-Feb01_swe_volume_barplot.png,ASO_Tuolumne_Cherry_2026Jan31-Feb01_swe_volume_barplot.png,image/png,other_file,file extension or package inventory,77670,ba7f9c77ea4c04990fe75097b0165c4b391ddb32c91082c2c9e9ad37793d7d0c,,,,,,,,,,,,,,,,"[""ASO_Tuolumne_2026Jan31-Feb01_banded_swe.txt"",""ASO_Tuolumne_2026Jan31-Feb01_report_v0.pdf"",""ASO_Tuolumne_2026Jan31-Feb01_swe_report.txt"",""ASO_Tuolumne_2026Jan31_hypsometry_SWE.pdf"",""ASO_Tuolumne_2026Jan31_m3w_hypso.pdf"",""ASO_Tuolumne_2026Jan31_radial_TAF.pdf"",""ASO_Tuolumne_2026Jan31_radial_sweDepth.pdf"",""ASO_Tuolumne_2026Jan31_sweVolume_STEP_2a.pdf"",""ASO_Tuolumne_2026Jan31_swe_50m.pdf"",""ASO_Tuolumne_Cherry_2026Jan31-Feb01_banded_swe.txt"",""ASO_Tuolumne_Cherry_2026Jan31-Feb01_swe_report.txt"",""ASO_Tuolumne_Eleanor_2026Jan31-Feb01_banded_swe.txt"",""ASO_Tuolumne_Eleanor_2026Jan31-Feb01_swe_report.txt"",""ASO_Tuolumne_Hetchy_2026Jan31-Feb01_banded_swe.txt"",""ASO_Tuolumne_Hetchy_2026Jan31-Feb01_swe_report.txt"",""ASO_Tuolumne_NorthFork_2026Jan31-Feb01_banded_swe.txt"",""ASO_Tuolumne_NorthFork_2026Jan31-Feb01_swe_report.txt"",""ASO_Tuolumne_SouthFork_2026Jan31-Feb01_banded_swe.txt"",""ASO_Tuolumne_SouthFork_2026Jan31-Feb01_swe_report.txt""]"
2026-09-28T20:13:50Z,ASO_Tuolumne_2026Jan31-Feb01_AllData_and_Reports,"Airborne Snow Observatories, Inc. (ASO)",USCATE20260131v0,2026-01-31,2026-02-01,/Users/jtarrico/ch13_nisar_prelim/data/rasters/aso/ca/tuo/ASO_Tuolumne_2026Jan31-Feb01_AllData_and_Reports,ASO_Tuolumne_Eleanor_2026Jan31-Feb01_banded_swe.txt,ASO_Tuolumne_Eleanor_2026Jan31-Feb01_banded_swe.txt,text/plain,report_text,file extension,2555,2460a32c66a96d703a3795b86a61443a74e541e1d64c306222b8c6f390682608,,,,,,,,,,,,,,,,"[""ASO_Tuolumne_2026Jan31-Feb01_banded_swe.txt"",""ASO_Tuolumne_2026Jan31-Feb01_report_v0.pdf"",""ASO_Tuolumne_2026Jan31-Feb01_swe_report.txt"",""ASO_Tuolumne_2026Jan31_hypsometry_SWE.pdf"",""ASO_Tuolumne_2026Jan31_m3w_hypso.pdf"",""ASO_Tuolumne_2026Jan31_radial_TAF.pdf"",""ASO_Tuolumne_2026Jan31_radial_sweDepth.pdf"",""ASO_Tuolumne_2026Jan31_sweVolume_STEP_2a.pdf"",""ASO_Tuolumne_2026Jan31_swe_50m.pdf"",""ASO_Tuolumne_Cherry_2026Jan31-Feb01_banded_swe.txt"",""ASO_Tuolumne_Cherry_2026Jan31-Feb01_swe_report.txt"",""ASO_Tuolumne_Eleanor_2026Jan31-Feb01_banded_swe.txt"",""ASO_Tuolumne_Eleanor_2026Jan31-Feb01_swe_report.txt"",""ASO_Tuolumne_Hetchy_2026Jan31-Feb01_banded_swe.txt"",""ASO_Tuolumne_Hetchy_2026Jan31-Feb01_swe_report.txt"",""ASO_Tuolumne_NorthFork_2026Jan31-Feb01_banded_swe.txt"",""ASO_Tuolumne_NorthFork_2026Jan31-Feb01_swe_report.txt"",""ASO_Tuolumne_SouthFork_2026Jan31-Feb01_banded_swe.txt"",""ASO_Tuolumne_SouthFork_2026Jan31-Feb01_swe_report.txt""]"
2026-09-28T20:13:50Z,ASO_Tuolumne_2026Jan31-Feb01_AllData_and_Reports,"Airborne Snow Observatories, Inc. (ASO)",USCATE20260131v0,2026-01-31,2026-02-01,/Users/jtarrico/ch13_nisar_prelim/data/rasters/aso/ca/tuo/ASO_Tuolumne_2026Jan31-Feb01_AllData_and_Reports,ASO_Tuolumne_Eleanor_2026Jan31-Feb01_swe_report.txt,ASO_Tuolumne_Eleanor_2026Jan31-Feb01_swe_report.txt,text/plain,report_text,file extension,768,00aa3b99f0e20c29d26d204bdc19f71f1fbb4a7886c1faa2ab643e0e02ea8950,,,,,,,,,,,,,,,,"[""ASO_Tuolumne_2026Jan31-Feb01_banded_swe.txt"",""ASO_Tuolumne_2026Jan31-Feb01_report_v0.pdf"",""ASO_Tuolumne_2026Jan31-Feb01_swe_report.txt"",""ASO_Tuolumne_2026Jan31_hypsometry_SWE.pdf"",""ASO_Tuolumne_2026Jan31_m3w_hypso.pdf"",""ASO_Tuolumne_2026Jan31_radial_TAF.pdf"",""ASO_Tuolumne_2026Jan31_radial_sweDepth.pdf"",""ASO_Tuolumne_2026Jan31_sweVolume_STEP_2a.pdf"",""ASO_Tuolumne_2026Jan31_swe_50m.pdf"",""ASO_Tuolumne_Cherry_2026Jan31-Feb01_banded_swe.txt"",""ASO_Tuolumne_Cherry_2026Jan31-Feb01_swe_report.txt"",""ASO_Tuolumne_Eleanor_2026Jan31-Feb01_banded_swe.txt"",""ASO_Tuolumne_Eleanor_2026Jan31-Feb01_swe_report.txt"",""ASO_Tuolumne_Hetchy_2026Jan31-Feb01_banded_swe.txt"",""ASO_Tuolumne_Hetchy_2026Jan31-Feb01_swe_report.txt"",""ASO_Tuolumne_NorthFork_2026Jan31-Feb01_banded_swe.txt"",""ASO_Tuolumne_NorthFork_2026Jan31-Feb01_swe_report.txt"",""ASO_Tuolumne_SouthFork_2026Jan31-Feb01_banded_swe.txt"",""ASO_Tuolumne_SouthFork_2026Jan31-Feb01_swe_report.txt""]"
2026-09-28T20:13:50Z,ASO_Tuolumne_2026Jan31-Feb01_AllData_and_Reports,"Airborne Snow Observatories, Inc. (ASO)",USCATE20260131v0,2026-01-31,2026-02-01,/Users/jtarrico/ch13_nisar_prelim/data/rasters/aso/ca/tuo/ASO_Tuolumne_2026Jan31-Feb01_AllData_and_Reports,ASO_Tuolumne_Eleanor_2026Jan31-Feb01_swe_volume_barplot.png,ASO_Tuolumne_Eleanor_2026Jan31-Feb01_swe_volume_barplot.png,image/png,other_file,file extension or package inventory,76798,169296d9b71e12278c321b836ec2de5ae633b58ea961dae5604cf02f48b06e2f,,,,,,,,,,,,,,,,"[""ASO_Tuolumne_2026Jan31-Feb01_banded_swe.txt"",""ASO_Tuolumne_2026Jan31-Feb01_report_v0.pdf"",""ASO_Tuolumne_2026Jan31-Feb01_swe_report.txt"",""ASO_Tuolumne_2026Jan31_hypsometry_SWE.pdf"",""ASO_Tuolumne_2026Jan31_m3w_hypso.pdf"",""ASO_Tuolumne_2026Jan31_radial_TAF.pdf"",""ASO_Tuolumne_2026Jan31_radial_sweDepth.pdf"",""ASO_Tuolumne_2026Jan31_sweVolume_STEP_2a.pdf"",""ASO_Tuolumne_2026Jan31_swe_50m.pdf"",""ASO_Tuolumne_Cherry_2026Jan31-Feb01_banded_swe.txt"",""ASO_Tuolumne_Cherry_2026Jan31-Feb01_swe_report.txt"",""ASO_Tuolumne_Eleanor_2026Jan31-Feb01_banded_swe.txt"",""ASO_Tuolumne_Eleanor_2026Jan31-Feb01_swe_report.txt"",""ASO_Tuolumne_Hetchy_2026Jan31-Feb01_banded_swe.txt"",""ASO_Tuolumne_Hetchy_2026Jan31-Feb01_swe_report.txt"",""ASO_Tuolumne_NorthFork_2026Jan31-Feb01_banded_swe.txt"",""ASO_Tuolumne_NorthFork_2026Jan31-Feb01_swe_report.txt"",""ASO_Tuolumne_SouthFork_2026Jan31-Feb01_banded_swe.txt"",""ASO_Tuolumne_SouthFork_2026Jan31-Feb01_swe_report.txt""]"
2026-09-28T20:13:50Z,ASO_Tuolumne_2026Jan31-Feb01_AllData_and_Reports,"Airborne Snow Observatories, Inc. (ASO)",USCATE20260131v0,2026-01-31,2026-02-01,/Users/jtarrico/ch13_nisar_prelim/data/rasters/aso/ca/tuo/ASO_Tuolumne_2026Jan31-Feb01_AllData_and_Reports,ASO_Tuolumne_Hetchy_2026Jan31-Feb01_banded_swe.txt,ASO_Tuolumne_Hetchy_2026Jan31-Feb01_banded_swe.txt,text/plain,report_text,file extension,2547,b988d42b09407a4a320db9ed8a1cfdcdcac75a1723b1d1c53a69cf50ed04c006,,,,,,,,,,,,,,,,"[""ASO_Tuolumne_2026Jan31-Feb01_banded_swe.txt"",""ASO_Tuolumne_2026Jan31-Feb01_report_v0.pdf"",""ASO_Tuolumne_2026Jan31-Feb01_swe_report.txt"",""ASO_Tuolumne_2026Jan31_hypsometry_SWE.pdf"",""ASO_Tuolumne_2026Jan31_m3w_hypso.pdf"",""ASO_Tuolumne_2026Jan31_radial_TAF.pdf"",""ASO_Tuolumne_2026Jan31_radial_sweDepth.pdf"",""ASO_Tuolumne_2026Jan31_sweVolume_STEP_2a.pdf"",""ASO_Tuolumne_2026Jan31_swe_50m.pdf"",""ASO_Tuolumne_Cherry_2026Jan31-Feb01_banded_swe.txt"",""ASO_Tuolumne_Cherry_2026Jan31-Feb01_swe_report.txt"",""ASO_Tuolumne_Eleanor_2026Jan31-Feb01_banded_swe.txt"",""ASO_Tuolumne_Eleanor_2026Jan31-Feb01_swe_report.txt"",""ASO_Tuolumne_Hetchy_2026Jan31-Feb01_banded_swe.txt"",""ASO_Tuolumne_Hetchy_2026Jan31-Feb01_swe_report.txt"",""ASO_Tuolumne_NorthFork_2026Jan31-Feb01_banded_swe.txt"",""ASO_Tuolumne_NorthFork_2026Jan31-Feb01_swe_report.txt"",""ASO_Tuolumne_SouthFork_2026Jan31-Feb01_banded_swe.txt"",""ASO_Tuolumne_SouthFork_2026Jan31-Feb01_swe_report.txt""]"
2026-09-28T20:13:50Z,ASO_Tuolumne_2026Jan31-Feb01_AllData_and_Reports,"Airborne Snow Observatories, Inc. (ASO)",USCATE20260131v0,2026-01-31,2026-02-01,/Users/jtarrico/ch13_nisar_prelim/data/rasters/aso/ca/tuo/ASO_Tuolumne_2026Jan31-Feb01_AllData_and_Reports,ASO_Tuolumne_Hetchy_2026Jan31-Feb01_swe_report.txt,ASO_Tuolumne_Hetchy_2026Jan31-Feb01_swe_report.txt,text/plain,report_text,file extension,770,8f07184a72866d8ab1ace6c5499e113b008b50fef76000be1f66bba63ed4dd22,,,,,,,,,,,,,,,,"[""ASO_Tuolumne_2026Jan31-Feb01_banded_swe.txt"",""ASO_Tuolumne_2026Jan31-Feb01_report_v0.pdf"",""ASO_Tuolumne_2026Jan31-Feb01_swe_report.txt"",""ASO_Tuolumne_2026Jan31_hypsometry_SWE.pdf"",""ASO_Tuolumne_2026Jan31_m3w_hypso.pdf"",""ASO_Tuolumne_2026Jan31_radial_TAF.pdf"",""ASO_Tuolumne_2026Jan31_radial_sweDepth.pdf"",""ASO_Tuolumne_2026Jan31_sweVolume_STEP_2a.pdf"",""ASO_Tuolumne_2026Jan31_swe_50m.pdf"",""ASO_Tuolumne_Cherry_2026Jan31-Feb01_banded_swe.txt"",""ASO_Tuolumne_Cherry_2026Jan31-Feb01_swe_report.txt"",""ASO_Tuolumne_Eleanor_2026Jan31-Feb01_banded_swe.txt"",""ASO_Tuolumne_Eleanor_2026Jan31-Feb01_swe_report.txt"",""ASO_Tuolumne_Hetchy_2026Jan31-Feb01_banded_swe.txt"",""ASO_Tuolumne_Hetchy_2026Jan31-Feb01_swe_report.txt"",""ASO_Tuolumne_NorthFork_2026Jan31-Feb01_banded_swe.txt"",""ASO_Tuolumne_NorthFork_2026Jan31-Feb01_swe_report.txt"",""ASO_Tuolumne_SouthFork_2026Jan31-Feb01_banded_swe.txt"",""ASO_Tuolumne_SouthFork_2026Jan31-Feb01_swe_report.txt""]"
2026-09-28T20:13:50Z,ASO_Tuolumne_2026Jan31-Feb01_AllData_and_Reports,"Airborne Snow Observatories, Inc. (ASO)",USCATE20260131v0,2026-01-31,2026-02-01,/Users/jtarrico/ch13_nisar_prelim/data/rasters/aso/ca/tuo/ASO_Tuolumne_2026Jan31-Feb01_AllData_and_Reports,ASO_Tuolumne_Hetchy_2026Jan31-Feb01_swe_volume_barplot.png,ASO_Tuolumne_Hetchy_2026Jan31-Feb01_swe_volume_barplot.png,image/png,other_file,file extension or package inventory,80410,32da3be8fc740a6cb30b968d775c64c125197b95cdad9140cebda59ac64dda65,,,,,,,,,,,,,,,,"[""ASO_Tuolumne_2026Jan31-Feb01_banded_swe.txt"",""ASO_Tuolumne_2026Jan31-Feb01_report_v0.pdf"",""ASO_Tuolumne_2026Jan31-Feb01_swe_report.txt"",""ASO_Tuolumne_2026Jan31_hypsometry_SWE.pdf"",""ASO_Tuolumne_2026Jan31_m3w_hypso.pdf"",""ASO_Tuolumne_2026Jan31_radial_TAF.pdf"",""ASO_Tuolumne_2026Jan31_radial_sweDepth.pdf"",""ASO_Tuolumne_2026Jan31_sweVolume_STEP_2a.pdf"",""ASO_Tuolumne_2026Jan31_swe_50m.pdf"",""ASO_Tuolumne_Cherry_2026Jan31-Feb01_banded_swe.txt"",""ASO_Tuolumne_Cherry_2026Jan31-Feb01_swe_report.txt"",""ASO_Tuolumne_Eleanor_2026Jan31-Feb01_banded_swe.txt"",""ASO_Tuolumne_Eleanor_2026Jan31-Feb01_swe_report.txt"",""ASO_Tuolumne_Hetchy_2026Jan31-Feb01_banded_swe.txt"",""ASO_Tuolumne_Hetchy_2026Jan31-Feb01_swe_report.txt"",""ASO_Tuolumne_NorthFork_2026Jan31-Feb01_banded_swe.txt"",""ASO_Tuolumne_NorthFork_2026Jan31-Feb01_swe_report.txt"",""ASO_Tuolumne_SouthFork_2026Jan31-Feb01_banded_swe.txt"",""ASO_Tuolumne_SouthFork_2026Jan31-Feb01_swe_report.txt""]"
2026-09-28T20:13:50Z,ASO_Tuolumne_2026Jan31-Feb01_AllData_and_Reports,"Airborne Snow Observatories, Inc. (ASO)",USCATE20260131v0,2026-01-31,2026-02-01,/Users/jtarrico/ch13_nisar_prelim/data/rasters/aso/ca/tuo/ASO_Tuolumne_2026Jan31-Feb01_AllData_and_Reports,ASO_Tuolumne_NorthFork_2026Jan31-Feb01_banded_swe.txt,ASO_Tuolumne_NorthFork_2026Jan31-Feb01_banded_swe.txt,text/plain,report_text,file extension,2558,273791c08acc880200a1a762aef06cb54cfc7d1c3ea853c3fd872599d8ee8c03,,,,,,,,,,,,,,,,"[""ASO_Tuolumne_2026Jan31-Feb01_banded_swe.txt"",""ASO_Tuolumne_2026Jan31-Feb01_report_v0.pdf"",""ASO_Tuolumne_2026Jan31-Feb01_swe_report.txt"",""ASO_Tuolumne_2026Jan31_hypsometry_SWE.pdf"",""ASO_Tuolumne_2026Jan31_m3w_hypso.pdf"",""ASO_Tuolumne_2026Jan31_radial_TAF.pdf"",""ASO_Tuolumne_2026Jan31_radial_sweDepth.pdf"",""ASO_Tuolumne_2026Jan31_sweVolume_STEP_2a.pdf"",""ASO_Tuolumne_2026Jan31_swe_50m.pdf"",""ASO_Tuolumne_Cherry_2026Jan31-Feb01_banded_swe.txt"",""ASO_Tuolumne_Cherry_2026Jan31-Feb01_swe_report.txt"",""ASO_Tuolumne_Eleanor_2026Jan31-Feb01_banded_swe.txt"",""ASO_Tuolumne_Eleanor_2026Jan31-Feb01_swe_report.txt"",""ASO_Tuolumne_Hetchy_2026Jan31-Feb01_banded_swe.txt"",""ASO_Tuolumne_Hetchy_2026Jan31-Feb01_swe_report.txt"",""ASO_Tuolumne_NorthFork_2026Jan31-Feb01_banded_swe.txt"",""ASO_Tuolumne_NorthFork_2026Jan31-Feb01_swe_report.txt"",""ASO_Tuolumne_SouthFork_2026Jan31-Feb01_banded_swe.txt"",""ASO_Tuolumne_SouthFork_2026Jan31-Feb01_swe_report.txt""]"
2026-09-28T20:13:50Z,ASO_Tuolumne_2026Jan31-Feb01_AllData_and_Reports,"Airborne Snow Observatories, Inc. (ASO)",USCATE20260131v0,2026-01-31,2026-02-01,/Users/jtarrico/ch13_nisar_prelim/data/rasters/aso/ca/tuo/ASO_Tuolumne_2026Jan31-Feb01_AllData_and_Reports,ASO_Tuolumne_NorthFork_2026Jan31-Feb01_swe_report.txt,ASO_Tuolumne_NorthFork_2026Jan31-Feb01_swe_report.txt,text/plain,report_text,file extension,773,696b4e1fd6edd9fc1108b0b3806591ab30b9a7227e8441c464617894156cfbe8,,,,,,,,,,,,,,,,"[""ASO_Tuolumne_2026Jan31-Feb01_banded_swe.txt"",""ASO_Tuolumne_2026Jan31-Feb01_report_v0.pdf"",""ASO_Tuolumne_2026Jan31-Feb01_swe_report.txt"",""ASO_Tuolumne_2026Jan31_hypsometry_SWE.pdf"",""ASO_Tuolumne_2026Jan31_m3w_hypso.pdf"",""ASO_Tuolumne_2026Jan31_radial_TAF.pdf"",""ASO_Tuolumne_2026Jan31_radial_sweDepth.pdf"",""ASO_Tuolumne_2026Jan31_sweVolume_STEP_2a.pdf"",""ASO_Tuolumne_2026Jan31_swe_50m.pdf"",""ASO_Tuolumne_Cherry_2026Jan31-Feb01_banded_swe.txt"",""ASO_Tuolumne_Cherry_2026Jan31-Feb01_swe_report.txt"",""ASO_Tuolumne_Eleanor_2026Jan31-Feb01_banded_swe.txt"",""ASO_Tuolumne_Eleanor_2026Jan31-Feb01_swe_report.txt"",""ASO_Tuolumne_Hetchy_2026Jan31-Feb01_banded_swe.txt"",""ASO_Tuolumne_Hetchy_2026Jan31-Feb01_swe_report.txt"",""ASO_Tuolumne_NorthFork_2026Jan31-Feb01_banded_swe.txt"",""ASO_Tuolumne_NorthFork_2026Jan31-Feb01_swe_report.txt"",""ASO_Tuolumne_SouthFork_2026Jan31-Feb01_banded_swe.txt"",""ASO_Tuolumne_SouthFork_2026Jan31-Feb01_swe_report.txt""]"
2026-09-28T20:13:50Z,ASO_Tuolumne_2026Jan31-Feb01_AllData_and_Reports,"Airborne Snow Observatories, Inc. (ASO)",USCATE20260131v0,2026-01-31,2026-02-01,/Users/jtarrico/ch13_nisar_prelim/data/rasters/aso/ca/tuo/ASO_Tuolumne_2026Jan31-Feb01_AllData_and_Reports,ASO_Tuolumne_NorthFork_2026Jan31-Feb01_swe_volume_barplot.png,ASO_Tuolumne_NorthFork_2026Jan31-Feb01_swe_volume_barplot.png,image/png,other_file,file extension or package inventory,76994,fadac06e2f5be7071bb2779dbd66a0a3f71b8ba6e10652227180a48680649079,,,,,,,,,,,,,,,,"[""ASO_Tuolumne_2026Jan31-Feb01_banded_swe.txt"",""ASO_Tuolumne_2026Jan31-Feb01_report_v0.pdf"",""ASO_Tuolumne_2026Jan31-Feb01_swe_report.txt"",""ASO_Tuolumne_2026Jan31_hypsometry_SWE.pdf"",""ASO_Tuolumne_2026Jan31_m3w_hypso.pdf"",""ASO_Tuolumne_2026Jan31_radial_TAF.pdf"",""ASO_Tuolumne_2026Jan31_radial_sweDepth.pdf"",""ASO_Tuolumne_2026Jan31_sweVolume_STEP_2a.pdf"",""ASO_Tuolumne_2026Jan31_swe_50m.pdf"",""ASO_Tuolumne_Cherry_2026Jan31-Feb01_banded_swe.txt"",""ASO_Tuolumne_Cherry_2026Jan31-Feb01_swe_report.txt"",""ASO_Tuolumne_Eleanor_2026Jan31-Feb01_banded_swe.txt"",""ASO_Tuolumne_Eleanor_2026Jan31-Feb01_swe_report.txt"",""ASO_Tuolumne_Hetchy_2026Jan31-Feb01_banded_swe.txt"",""ASO_Tuolumne_Hetchy_2026Jan31-Feb01_swe_report.txt"",""ASO_Tuolumne_NorthFork_2026Jan31-Feb01_banded_swe.txt"",""ASO_Tuolumne_NorthFork_2026Jan31-Feb01_swe_report.txt"",""ASO_Tuolumne_SouthFork_2026Jan31-Feb01_banded_swe.txt"",""ASO_Tuolumne_SouthFork_2026Jan31-Feb01_swe_report.txt""]"
2026-09-28T20:13:50Z,ASO_Tuolumne_2026Jan31-Feb01_AllData_and_Reports,"Airborne Snow Observatories, Inc. (ASO)",USCATE20260131v0,2026-01-31,2026-02-01,/Users/jtarrico/ch13_nisar_prelim/data/rasters/aso/ca/tuo/ASO_Tuolumne_2026Jan31-Feb01_AllData_and_Reports,ASO_Tuolumne_SouthFork_2026Jan31-Feb01_banded_swe.txt,ASO_Tuolumne_SouthFork_2026Jan31-Feb01_banded_swe.txt,text/plain,report_text,file extension,2558,df9c14808322a1f8329162318b6e9b71a4cc9108a33b49a31c2afec1f4b401b6,,,,,,,,,,,,,,,,"[""ASO_Tuolumne_2026Jan31-Feb01_banded_swe.txt"",""ASO_Tuolumne_2026Jan31-Feb01_report_v0.pdf"",""ASO_Tuolumne_2026Jan31-Feb01_swe_report.txt"",""ASO_Tuolumne_2026Jan31_hypsometry_SWE.pdf"",""ASO_Tuolumne_2026Jan31_m3w_hypso.pdf"",""ASO_Tuolumne_2026Jan31_radial_TAF.pdf"",""ASO_Tuolumne_2026Jan31_radial_sweDepth.pdf"",""ASO_Tuolumne_2026Jan31_sweVolume_STEP_2a.pdf"",""ASO_Tuolumne_2026Jan31_swe_50m.pdf"",""ASO_Tuolumne_Cherry_2026Jan31-Feb01_banded_swe.txt"",""ASO_Tuolumne_Cherry_2026Jan31-Feb01_swe_report.txt"",""ASO_Tuolumne_Eleanor_2026Jan31-Feb01_banded_swe.txt"",""ASO_Tuolumne_Eleanor_2026Jan31-Feb01_swe_report.txt"",""ASO_Tuolumne_Hetchy_2026Jan31-Feb01_banded_swe.txt"",""ASO_Tuolumne_Hetchy_2026Jan31-Feb01_swe_report.txt"",""ASO_Tuolumne_NorthFork_2026Jan31-Feb01_banded_swe.txt"",""ASO_Tuolumne_NorthFork_2026Jan31-Feb01_swe_report.txt"",""ASO_Tuolumne_SouthFork_2026Jan31-Feb01_banded_swe.txt"",""ASO_Tuolumne_SouthFork_2026Jan31-Feb01_swe_report.txt""]"
2026-09-28T20:13:50Z,ASO_Tuolumne_2026Jan31-Feb01_AllData_and_Reports,"Airborne Snow Observatories, Inc. (ASO)",USCATE20260131v0,2026-01-31,2026-02-01,/Users/jtarrico/ch13_nisar_prelim/data/rasters/aso/ca/tuo/ASO_Tuolumne_2026Jan31-Feb01_AllData_and_Reports,ASO_Tuolumne_SouthFork_2026Jan31-Feb01_swe_report.txt,ASO_Tuolumne_SouthFork_2026Jan31-Feb01_swe_report.txt,text/plain,report_text,file extension,773,197ae660f3a0e1c122faf679a207a73c50a333626b06d458934520ad1c6b6005,,,,,,,,,,,,,,,,"[""ASO_Tuolumne_2026Jan31-Feb01_banded_swe.txt"",""ASO_Tuolumne_2026Jan31-Feb01_report_v0.pdf"",""ASO_Tuolumne_2026Jan31-Feb01_swe_report.txt"",""ASO_Tuolumne_2026Jan31_hypsometry_SWE.pdf"",""ASO_Tuolumne_2026Jan31_m3w_hypso.pdf"",""ASO_Tuolumne_2026Jan31_radial_TAF.pdf"",""ASO_Tuolumne_2026Jan31_radial_sweDepth.pdf"",""ASO_Tuolumne_2026Jan31_sweVolume_STEP_2a.pdf"",""ASO_Tuolumne_2026Jan31_swe_50m.pdf"",""ASO_Tuolumne_Cherry_2026Jan31-Feb01_banded_swe.txt"",""ASO_Tuolumne_Cherry_2026Jan31-Feb01_swe_report.txt"",""ASO_Tuolumne_Eleanor_2026Jan31-Feb01_banded_swe.txt"",""ASO_Tuolumne_Eleanor_2026Jan31-Feb01_swe_report.txt"",""ASO_Tuolumne_Hetchy_2026Jan31-Feb01_banded_swe.txt"",""ASO_Tuolumne_Hetchy_2026Jan31-Feb01_swe_report.txt"",""ASO_Tuolumne_NorthFork_2026Jan31-Feb01_banded_swe.txt"",""ASO_Tuolumne_NorthFork_2026Jan31-Feb01_swe_report.txt"",""ASO_Tuolumne_SouthFork_2026Jan31-Feb01_banded_swe.txt"",""ASO_Tuolumne_SouthFork_2026Jan31-Feb01_swe_report.txt""]"
2026-09-28T20:13:50Z,ASO_Tuolumne_2026Jan31-Feb01_AllData_and_Reports,"Airborne Snow Observatories, Inc. (ASO)",USCATE20260131v0,2026-01-31,2026-02-01,/Users/jtarrico/ch13_nisar_prelim/data/rasters/aso/ca/tuo/ASO_Tuolumne_2026Jan31-Feb01_AllData_and_Reports,ASO_Tuolumne_SouthFork_2026Jan31-Feb01_swe_volume_barplot.png,ASO_Tuolumne_SouthFork_2026Jan31-Feb01_swe_volume_barplot.png,image/png,other_file,file extension or package inventory,75433,60656e81440435a825ac4e313a783a5d2b06d0769f0a89c353f0026204e0f70c,,,,,,,,,,,,,,,,"[""ASO_Tuolumne_2026Jan31-Feb01_banded_swe.txt"",""ASO_Tuolumne_2026Jan31-Feb01_report_v0.pdf"",""ASO_Tuolumne_2026Jan31-Feb01_swe_report.txt"",""ASO_Tuolumne_2026Jan31_hypsometry_SWE.pdf"",""ASO_Tuolumne_2026Jan31_m3w_hypso.pdf"",""ASO_Tuolumne_2026Jan31_radial_TAF.pdf"",""ASO_Tuolumne_2026Jan31_radial_sweDepth.pdf"",""ASO_Tuolumne_2026Jan31_sweVolume_STEP_2a.pdf"",""ASO_Tuolumne_2026Jan31_swe_50m.pdf"",""ASO_Tuolumne_Cherry_2026Jan31-Feb01_banded_swe.txt"",""ASO_Tuolumne_Cherry_2026Jan31-Feb01_swe_report.txt"",""ASO_Tuolumne_Eleanor_2026Jan31-Feb01_banded_swe.txt"",""ASO_Tuolumne_Eleanor_2026Jan31-Feb01_swe_report.txt"",""ASO_Tuolumne_Hetchy_2026Jan31-Feb01_banded_swe.txt"",""ASO_Tuolumne_Hetchy_2026Jan31-Feb01_swe_report.txt"",""ASO_Tuolumne_NorthFork_2026Jan31-Feb01_banded_swe.txt"",""ASO_Tuolumne_NorthFork_2026Jan31-Feb01_swe_report.txt"",""ASO_Tuolumne_SouthFork_2026Jan31-Feb01_banded_swe.txt"",""ASO_Tuolumne_SouthFork_2026Jan31-Feb01_swe_report.txt""]"
2026-09-28T20:13:50Z,ASO_Tuolumne_2026Feb27-28_SurveyData_and_Reports,"Airborne Snow Observatories, Inc. (ASO)",USCATE20260227v0,2026-02-27,2026-02-28,/Users/jtarrico/ch13_nisar_prelim/data/rasters/aso/ca/tuo/ASO_Tuolumne_2026Feb27-28_SurveyData_and_Reports,ASO_Tuolumne_2026Feb27-28_BBalbedo_50m.tif,ASO_Tuolumne_2026Feb27-28_BBalbedo_50m.tif,image/tiff,albedo_raster,filename label,4231806,00c19e4507c3cbfc59a53f1cb43b2601db623c64a59567dd072411f6ab8699c9,,,EPSG:32611,"[50.0,0.0,212150.0,0.0,-50.0,4234850.0,0.0,0.0,1.0]","[50.0,50.0]",1896,1115,1,"[""int16""]",-9999.0,"[212150.0,4179100.0,306950.0,4234850.0]","{""AREA_OR_POINT"":""Area""}",[{}],,[],"[""ASO_Tuolumne_2026Feb27-28_banded_swe.txt"",""ASO_Tuolumne_2026Feb27-28_report_v0.pdf"",""ASO_Tuolumne_2026Feb27-28_swe_report.txt"",""ASO_Tuolumne_2026Feb27_m3w_hypso.pdf"",""ASO_Tuolumne_2026Feb27_multi_hypsometry_SWE.pdf"",""ASO_Tuolumne_2026Feb27_multi_sweVolume_STEP.pdf"",""ASO_Tuolumne_2026Feb27_radial_BB.pdf"",""ASO_Tuolumne_2026Feb27_radial_TAF.pdf"",""ASO_Tuolumne_2026Feb27_radial_VIS.pdf"",""ASO_Tuolumne_2026Feb27_radial_difference_TAF.pdf"",""ASO_Tuolumne_2026Feb27_radial_difference_sweDepth.pdf"",""ASO_Tuolumne_2026Feb27_radial_sweDepth.pdf"",""ASO_Tuolumne_2026Feb27_sweVolume_STEP_2a.pdf"",""ASO_Tuolumne_2026Feb27_swe_50m.pdf"",""ASO_Tuolumne_Cherry_2026Feb27-28_banded_swe.txt"",""ASO_Tuolumne_Cherry_2026Feb27-28_swe_report.txt"",""ASO_Tuolumne_Eleanor_2026Feb27-28_banded_swe.txt"",""ASO_Tuolumne_Eleanor_2026Feb27-28_swe_report.txt"",""ASO_Tuolumne_Hetchy_2026Feb27-28_banded_swe.txt"",""ASO_Tuolumne_Hetchy_2026Feb27-28_swe_report.txt"",""ASO_Tuolumne_NorthFork_2026Feb27-28_banded_swe.txt"",""ASO_Tuolumne_NorthFork_2026Feb27-28_swe_report.txt"",""ASO_Tuolumne_SouthFork_2026Feb27-28_banded_swe.txt"",""ASO_Tuolumne_SouthFork_2026Feb27-28_swe_report.txt""]"
2026-09-28T20:13:50Z,ASO_Tuolumne_2026Feb27-28_SurveyData_and_Reports,"Airborne Snow Observatories, Inc. (ASO)",USCATE20260227v0,2026-02-27,2026-02-28,/Users/jtarrico/ch13_nisar_prelim/data/rasters/aso/ca/tuo/ASO_Tuolumne_2026Feb27-28_SurveyData_and_Reports,ASO_Tuolumne_2026Feb27-28_NIRalbedo_50m.tif,ASO_Tuolumne_2026Feb27-28_NIRalbedo_50m.tif,image/tiff,albedo_raster,filename label,4231806,e7b5d5f838e1967819e15ad7e51ef73274cddcae430956d3fb64b2e0c982c54d,,,EPSG:32611,"[50.0,0.0,212150.0,0.0,-50.0,4234850.0,0.0,0.0,1.0]","[50.0,50.0]",1896,1115,1,"[""int16""]",-9999.0,"[212150.0,4179100.0,306950.0,4234850.0]","{""AREA_OR_POINT"":""Area""}",[{}],,[],"[""ASO_Tuolumne_2026Feb27-28_banded_swe.txt"",""ASO_Tuolumne_2026Feb27-28_report_v0.pdf"",""ASO_Tuolumne_2026Feb27-28_swe_report.txt"",""ASO_Tuolumne_2026Feb27_m3w_hypso.pdf"",""ASO_Tuolumne_2026Feb27_multi_hypsometry_SWE.pdf"",""ASO_Tuolumne_2026Feb27_multi_sweVolume_STEP.pdf"",""ASO_Tuolumne_2026Feb27_radial_BB.pdf"",""ASO_Tuolumne_2026Feb27_radial_TAF.pdf"",""ASO_Tuolumne_2026Feb27_radial_VIS.pdf"",""ASO_Tuolumne_2026Feb27_radial_difference_TAF.pdf"",""ASO_Tuolumne_2026Feb27_radial_difference_sweDepth.pdf"",""ASO_Tuolumne_2026Feb27_radial_sweDepth.pdf"",""ASO_Tuolumne_2026Feb27_sweVolume_STEP_2a.pdf"",""ASO_Tuolumne_2026Feb27_swe_50m.pdf"",""ASO_Tuolumne_Cherry_2026Feb27-28_banded_swe.txt"",""ASO_Tuolumne_Cherry_2026Feb27-28_swe_report.txt"",""ASO_Tuolumne_Eleanor_2026Feb27-28_banded_swe.txt"",""ASO_Tuolumne_Eleanor_2026Feb27-28_swe_report.txt"",""ASO_Tuolumne_Hetchy_2026Feb27-28_banded_swe.txt"",""ASO_Tuolumne_Hetchy_2026Feb27-28_swe_report.txt"",""ASO_Tuolumne_NorthFork_2026Feb27-28_banded_swe.txt"",""ASO_Tuolumne_NorthFork_2026Feb27-28_swe_report.txt"",""ASO_Tuolumne_SouthFork_2026Feb27-28_banded_swe.txt"",""ASO_Tuolumne_SouthFork_2026Feb27-28_swe_report.txt""]"
2026-09-28T20:13:50Z,ASO_Tuolumne_2026Feb27-28_SurveyData_and_Reports,"Airborne Snow Observatories, Inc. (ASO)",USCATE20260227v0,2026-02-27,2026-02-28,/Users/jtarrico/ch13_nisar_prelim/data/rasters/aso/ca/tuo/ASO_Tuolumne_2026Feb27-28_SurveyData_and_Reports,ASO_Tuolumne_2026Feb27-28_VISalbedo_50m.tif,ASO_Tuolumne_2026Feb27-28_VISalbedo_50m.tif,image/tiff,albedo_raster,filename label,4231806,2db777a5c3e9d4415fc6b65d234b1617da36e6c1e30e681aff3c79bc00bdd8e2,,,EPSG:32611,"[50.0,0.0,212150.0,0.0,-50.0,4234850.0,0.0,0.0,1.0]","[50.0,50.0]",1896,1115,1,"[""int16""]",-9999.0,"[212150.0,4179100.0,306950.0,4234850.0]","{""AREA_OR_POINT"":""Area""}",[{}],,[],"[""ASO_Tuolumne_2026Feb27-28_banded_swe.txt"",""ASO_Tuolumne_2026Feb27-28_report_v0.pdf"",""ASO_Tuolumne_2026Feb27-28_swe_report.txt"",""ASO_Tuolumne_2026Feb27_m3w_hypso.pdf"",""ASO_Tuolumne_2026Feb27_multi_hypsometry_SWE.pdf"",""ASO_Tuolumne_2026Feb27_multi_sweVolume_STEP.pdf"",""ASO_Tuolumne_2026Feb27_radial_BB.pdf"",""ASO_Tuolumne_2026Feb27_radial_TAF.pdf"",""ASO_Tuolumne_2026Feb27_radial_VIS.pdf"",""ASO_Tuolumne_2026Feb27_radial_difference_TAF.pdf"",""ASO_Tuolumne_2026Feb27_radial_difference_sweDepth.pdf"",""ASO_Tuolumne_2026Feb27_radial_sweDepth.pdf"",""ASO_Tuolumne_2026Feb27_sweVolume_STEP_2a.pdf"",""ASO_Tuolumne_2026Feb27_swe_50m.pdf"",""ASO_Tuolumne_Cherry_2026Feb27-28_banded_swe.txt"",""ASO_Tuolumne_Cherry_2026Feb27-28_swe_report.txt"",""ASO_Tuolumne_Eleanor_2026Feb27-28_banded_swe.txt"",""ASO_Tuolumne_Eleanor_2026Feb27-28_swe_report.txt"",""ASO_Tuolumne_Hetchy_2026Feb27-28_banded_swe.txt"",""ASO_Tuolumne_Hetchy_2026Feb27-28_swe_report.txt"",""ASO_Tuolumne_NorthFork_2026Feb27-28_banded_swe.txt"",""ASO_Tuolumne_NorthFork_2026Feb27-28_swe_report.txt"",""ASO_Tuolumne_SouthFork_2026Feb27-28_banded_swe.txt"",""ASO_Tuolumne_SouthFork_2026Feb27-28_swe_report.txt""]"
2026-09-28T20:13:50Z,ASO_Tuolumne_2026Feb27-28_SurveyData_and_Reports,"Airborne Snow Observatories, Inc. (ASO)",USCATE20260227v0,2026-02-27,2026-02-28,/Users/jtarrico/ch13_nisar_prelim/data/rasters/aso/ca/tuo/ASO_Tuolumne_2026Feb27-28_SurveyData_and_Reports,ASO_Tuolumne_2026Feb27-28_banded_swe.txt,ASO_Tuolumne_2026Feb27-28_banded_swe.txt,text/plain,report_text,file extension,2527,a8ec3632e36e686e24fdacde6868e010dfef90bd33aa0bd08e6ecec2af5d7524,,,,,,,,,,,,,,,,"[""ASO_Tuolumne_2026Feb27-28_banded_swe.txt"",""ASO_Tuolumne_2026Feb27-28_report_v0.pdf"",""ASO_Tuolumne_2026Feb27-28_swe_report.txt"",""ASO_Tuolumne_2026Feb27_m3w_hypso.pdf"",""ASO_Tuolumne_2026Feb27_multi_hypsometry_SWE.pdf"",""ASO_Tuolumne_2026Feb27_multi_sweVolume_STEP.pdf"",""ASO_Tuolumne_2026Feb27_radial_BB.pdf"",""ASO_Tuolumne_2026Feb27_radial_TAF.pdf"",""ASO_Tuolumne_2026Feb27_radial_VIS.pdf"",""ASO_Tuolumne_2026Feb27_radial_difference_TAF.pdf"",""ASO_Tuolumne_2026Feb27_radial_difference_sweDepth.pdf"",""ASO_Tuolumne_2026Feb27_radial_sweDepth.pdf"",""ASO_Tuolumne_2026Feb27_sweVolume_STEP_2a.pdf"",""ASO_Tuolumne_2026Feb27_swe_50m.pdf"",""ASO_Tuolumne_Cherry_2026Feb27-28_banded_swe.txt"",""ASO_Tuolumne_Cherry_2026Feb27-28_swe_report.txt"",""ASO_Tuolumne_Eleanor_2026Feb27-28_banded_swe.txt"",""ASO_Tuolumne_Eleanor_2026Feb27-28_swe_report.txt"",""ASO_Tuolumne_Hetchy_2026Feb27-28_banded_swe.txt"",""ASO_Tuolumne_Hetchy_2026Feb27-28_swe_report.txt"",""ASO_Tuolumne_NorthFork_2026Feb27-28_banded_swe.txt"",""ASO_Tuolumne_NorthFork_2026Feb27-28_swe_report.txt"",""ASO_Tuolumne_SouthFork_2026Feb27-28_banded_swe.txt"",""ASO_Tuolumne_SouthFork_2026Feb27-28_swe_report.txt""]"
2026-09-28T20:13:50Z,ASO_Tuolumne_2026Feb27-28_SurveyData_and_Reports,"Airborne Snow Observatories, Inc. (ASO)",USCATE20260227v0,2026-02-27,2026-02-28,/Users/jtarrico/ch13_nisar_prelim/data/rasters/aso/ca/tuo/ASO_Tuolumne_2026Feb27-28_SurveyData_and_Reports,ASO_Tuolumne_2026Feb27-28_report_v0.pdf,ASO_Tuolumne_2026Feb27-28_report_v0.pdf,application/pdf,report_pdf,file extension,1792540,45e26cb3e02cf317627594106698db896b55c82d05abc8f9b80c071248bca4ee,,,,,,,,,,,,,,,,"[""ASO_Tuolumne_2026Feb27-28_banded_swe.txt"",""ASO_Tuolumne_2026Feb27-28_report_v0.pdf"",""ASO_Tuolumne_2026Feb27-28_swe_report.txt"",""ASO_Tuolumne_2026Feb27_m3w_hypso.pdf"",""ASO_Tuolumne_2026Feb27_multi_hypsometry_SWE.pdf"",""ASO_Tuolumne_2026Feb27_multi_sweVolume_STEP.pdf"",""ASO_Tuolumne_2026Feb27_radial_BB.pdf"",""ASO_Tuolumne_2026Feb27_radial_TAF.pdf"",""ASO_Tuolumne_2026Feb27_radial_VIS.pdf"",""ASO_Tuolumne_2026Feb27_radial_difference_TAF.pdf"",""ASO_Tuolumne_2026Feb27_radial_difference_sweDepth.pdf"",""ASO_Tuolumne_2026Feb27_radial_sweDepth.pdf"",""ASO_Tuolumne_2026Feb27_sweVolume_STEP_2a.pdf"",""ASO_Tuolumne_2026Feb27_swe_50m.pdf"",""ASO_Tuolumne_Cherry_2026Feb27-28_banded_swe.txt"",""ASO_Tuolumne_Cherry_2026Feb27-28_swe_report.txt"",""ASO_Tuolumne_Eleanor_2026Feb27-28_banded_swe.txt"",""ASO_Tuolumne_Eleanor_2026Feb27-28_swe_report.txt"",""ASO_Tuolumne_Hetchy_2026Feb27-28_banded_swe.txt"",""ASO_Tuolumne_Hetchy_2026Feb27-28_swe_report.txt"",""ASO_Tuolumne_NorthFork_2026Feb27-28_banded_swe.txt"",""ASO_Tuolumne_NorthFork_2026Feb27-28_swe_report.txt"",""ASO_Tuolumne_SouthFork_2026Feb27-28_banded_swe.txt"",""ASO_Tuolumne_SouthFork_2026Feb27-28_swe_report.txt""]"
2026-09-28T20:13:50Z,ASO_Tuolumne_2026Feb27-28_SurveyData_and_Reports,"Airborne Snow Observatories, Inc. (ASO)",USCATE20260227v0,2026-02-27,2026-02-28,/Users/jtarrico/ch13_nisar_prelim/data/rasters/aso/ca/tuo/ASO_Tuolumne_2026Feb27-28_SurveyData_and_Reports,ASO_Tuolumne_2026Feb27-28_snowdepth_3m.tif,ASO_Tuolumne_2026Feb27-28_snowdepth_3m.tif,image/tiff,snow_depth_raster_candidate,filename label,2322065314,4edbaeefb194da27ce5b0aca494372f96d10499bc73e9f49eb227e8a8ae8fbbf,,package report gives mean depth in m (ASO_Tuolumne_Eleanor_2026Feb27-28_swe_report.txt); exact raster linkage is not stated,EPSG:32611,"[3.0,0.0,212352.0,0.0,-3.0,4234641.0,0.0,0.0,1.0]","[3.0,3.0]",31464,18449,1,"[""float32""]",-9999.0,"[212352.0,4179294.0,306744.0,4234641.0]","{""AREA_OR_POINT"":""Area""}",[{}],,[],"[""ASO_Tuolumne_2026Feb27-28_banded_swe.txt"",""ASO_Tuolumne_2026Feb27-28_report_v0.pdf"",""ASO_Tuolumne_2026Feb27-28_swe_report.txt"",""ASO_Tuolumne_2026Feb27_m3w_hypso.pdf"",""ASO_Tuolumne_2026Feb27_multi_hypsometry_SWE.pdf"",""ASO_Tuolumne_2026Feb27_multi_sweVolume_STEP.pdf"",""ASO_Tuolumne_2026Feb27_radial_BB.pdf"",""ASO_Tuolumne_2026Feb27_radial_TAF.pdf"",""ASO_Tuolumne_2026Feb27_radial_VIS.pdf"",""ASO_Tuolumne_2026Feb27_radial_difference_TAF.pdf"",""ASO_Tuolumne_2026Feb27_radial_difference_sweDepth.pdf"",""ASO_Tuolumne_2026Feb27_radial_sweDepth.pdf"",""ASO_Tuolumne_2026Feb27_sweVolume_STEP_2a.pdf"",""ASO_Tuolumne_2026Feb27_swe_50m.pdf"",""ASO_Tuolumne_Cherry_2026Feb27-28_banded_swe.txt"",""ASO_Tuolumne_Cherry_2026Feb27-28_swe_report.txt"",""ASO_Tuolumne_Eleanor_2026Feb27-28_banded_swe.txt"",""ASO_Tuolumne_Eleanor_2026Feb27-28_swe_report.txt"",""ASO_Tuolumne_Hetchy_2026Feb27-28_banded_swe.txt"",""ASO_Tuolumne_Hetchy_2026Feb27-28_swe_report.txt"",""ASO_Tuolumne_NorthFork_2026Feb27-28_banded_swe.txt"",""ASO_Tuolumne_NorthFork_2026Feb27-28_swe_report.txt"",""ASO_Tuolumne_SouthFork_2026Feb27-28_banded_swe.txt"",""ASO_Tuolumne_SouthFork_2026Feb27-28_swe_report.txt""]"
2026-09-28T20:13:50Z,ASO_Tuolumne_2026Feb27-28_SurveyData_and_Reports,"Airborne Snow Observatories, Inc. (ASO)",USCATE20260227v0,2026-02-27,2026-02-28,/Users/jtarrico/ch13_nisar_prelim/data/rasters/aso/ca/tuo/ASO_Tuolumne_2026Feb27-28_SurveyData_and_Reports,ASO_Tuolumne_2026Feb27-28_snowdepth_50m.tif,ASO_Tuolumne_2026Feb27-28_snowdepth_50m.tif,image/tiff,snow_depth_raster_candidate,filename label,8463228,68ae0b64236b3eeca97f80220644e1f910f41e75ad19e7904b8e6508a88d0cc8,,package report gives mean depth in m (ASO_Tuolumne_Eleanor_2026Feb27-28_swe_report.txt); exact raster linkage is not stated,EPSG:32611,"[50.0,0.0,212150.0,0.0,-50.0,4234850.0,0.0,0.0,1.0]","[50.0,50.0]",1896,1115,1,"[""float32""]",-9999.0,"[212150.0,4179100.0,306950.0,4234850.0]","{""AREA_OR_POINT"":""Area""}",[{}],,[],"[""ASO_Tuolumne_2026Feb27-28_banded_swe.txt"",""ASO_Tuolumne_2026Feb27-28_report_v0.pdf"",""ASO_Tuolumne_2026Feb27-28_swe_report.txt"",""ASO_Tuolumne_2026Feb27_m3w_hypso.pdf"",""ASO_Tuolumne_2026Feb27_multi_hypsometry_SWE.pdf"",""ASO_Tuolumne_2026Feb27_multi_sweVolume_STEP.pdf"",""ASO_Tuolumne_2026Feb27_radial_BB.pdf"",""ASO_Tuolumne_2026Feb27_radial_TAF.pdf"",""ASO_Tuolumne_2026Feb27_radial_VIS.pdf"",""ASO_Tuolumne_2026Feb27_radial_difference_TAF.pdf"",""ASO_Tuolumne_2026Feb27_radial_difference_sweDepth.pdf"",""ASO_Tuolumne_2026Feb27_radial_sweDepth.pdf"",""ASO_Tuolumne_2026Feb27_sweVolume_STEP_2a.pdf"",""ASO_Tuolumne_2026Feb27_swe_50m.pdf"",""ASO_Tuolumne_Cherry_2026Feb27-28_banded_swe.txt"",""ASO_Tuolumne_Cherry_2026Feb27-28_swe_report.txt"",""ASO_Tuolumne_Eleanor_2026Feb27-28_banded_swe.txt"",""ASO_Tuolumne_Eleanor_2026Feb27-28_swe_report.txt"",""ASO_Tuolumne_Hetchy_2026Feb27-28_banded_swe.txt"",""ASO_Tuolumne_Hetchy_2026Feb27-28_swe_report.txt"",""ASO_Tuolumne_NorthFork_2026Feb27-28_banded_swe.txt"",""ASO_Tuolumne_NorthFork_2026Feb27-28_swe_report.txt"",""ASO_Tuolumne_SouthFork_2026Feb27-28_banded_swe.txt"",""ASO_Tuolumne_SouthFork_2026Feb27-28_swe_report.txt""]"
2026-09-28T20:13:50Z,ASO_Tuolumne_2026Feb27-28_SurveyData_and_Reports,"Airborne Snow Observatories, Inc. (ASO)",USCATE20260227v0,2026-02-27,2026-02-28,/Users/jtarrico/ch13_nisar_prelim/data/rasters/aso/ca/tuo/ASO_Tuolumne_2026Feb27-28_SurveyData_and_Reports,ASO_Tuolumne_2026Feb27-28_swe_50m.tif,ASO_Tuolumne_2026Feb27-28_swe_50m.tif,image/tiff,swe_raster,matched SWE File Used entry in package text report,8463222,f1c4d3d5168caba08e94daba6b53d8d05b020eb7afbf2bf1ca009a49accd5b7e,m,mean SWE unit in ASO_Tuolumne_2026Feb27-28_swe_report.txt; the report identifies this raster as SWE input,EPSG:32611,"[50.0,0.0,212150.0,0.0,-50.0,4234850.0,0.0,0.0,1.0]","[50.0,50.0]",1896,1115,1,"[""float32""]",NaN,"[212150.0,4179100.0,306950.0,4234850.0]","{""AREA_OR_POINT"":""Area""}",[{}],,[],"[""ASO_Tuolumne_2026Feb27-28_banded_swe.txt"",""ASO_Tuolumne_2026Feb27-28_report_v0.pdf"",""ASO_Tuolumne_2026Feb27-28_swe_report.txt"",""ASO_Tuolumne_2026Feb27_m3w_hypso.pdf"",""ASO_Tuolumne_2026Feb27_multi_hypsometry_SWE.pdf"",""ASO_Tuolumne_2026Feb27_multi_sweVolume_STEP.pdf"",""ASO_Tuolumne_2026Feb27_radial_BB.pdf"",""ASO_Tuolumne_2026Feb27_radial_TAF.pdf"",""ASO_Tuolumne_2026Feb27_radial_VIS.pdf"",""ASO_Tuolumne_2026Feb27_radial_difference_TAF.pdf"",""ASO_Tuolumne_2026Feb27_radial_difference_sweDepth.pdf"",""ASO_Tuolumne_2026Feb27_radial_sweDepth.pdf"",""ASO_Tuolumne_2026Feb27_sweVolume_STEP_2a.pdf"",""ASO_Tuolumne_2026Feb27_swe_50m.pdf"",""ASO_Tuolumne_Cherry_2026Feb27-28_banded_swe.txt"",""ASO_Tuolumne_Cherry_2026Feb27-28_swe_report.txt"",""ASO_Tuolumne_Eleanor_2026Feb27-28_banded_swe.txt"",""ASO_Tuolumne_Eleanor_2026Feb27-28_swe_report.txt"",""ASO_Tuolumne_Hetchy_2026Feb27-28_banded_swe.txt"",""ASO_Tuolumne_Hetchy_2026Feb27-28_swe_report.txt"",""ASO_Tuolumne_NorthFork_2026Feb27-28_banded_swe.txt"",""ASO_Tuolumne_NorthFork_2026Feb27-28_swe_report.txt"",""ASO_Tuolumne_SouthFork_2026Feb27-28_banded_swe.txt"",""ASO_Tuolumne_SouthFork_2026Feb27-28_swe_report.txt""]"
2026-09-28T20:13:50Z,ASO_Tuolumne_2026Feb27-28_SurveyData_and_Reports,"Airborne Snow Observatories, Inc. (ASO)",USCATE20260227v0,2026-02-27,2026-02-28,/Users/jtarrico/ch13_nisar_prelim/data/rasters/aso/ca/tuo/ASO_Tuolumne_2026Feb27-28_SurveyData_and_Reports,ASO_Tuolumne_2026Feb27-28_swe_RFC_aggregate.csv,ASO_Tuolumne_2026Feb27-28_swe_RFC_aggregate.csv,text/csv,summary_table,file extension,1337,38b843a890ed8ccb708dbb61e829d567117cf8eb01bedb8a43085ba80ce5ad7a,,,,,,,,,,,,,,,,"[""ASO_Tuolumne_2026Feb27-28_banded_swe.txt"",""ASO_Tuolumne_2026Feb27-28_report_v0.pdf"",""ASO_Tuolumne_2026Feb27-28_swe_report.txt"",""ASO_Tuolumne_2026Feb27_m3w_hypso.pdf"",""ASO_Tuolumne_2026Feb27_multi_hypsometry_SWE.pdf"",""ASO_Tuolumne_2026Feb27_multi_sweVolume_STEP.pdf"",""ASO_Tuolumne_2026Feb27_radial_BB.pdf"",""ASO_Tuolumne_2026Feb27_radial_TAF.pdf"",""ASO_Tuolumne_2026Feb27_radial_VIS.pdf"",""ASO_Tuolumne_2026Feb27_radial_difference_TAF.pdf"",""ASO_Tuolumne_2026Feb27_radial_difference_sweDepth.pdf"",""ASO_Tuolumne_2026Feb27_radial_sweDepth.pdf"",""ASO_Tuolumne_2026Feb27_sweVolume_STEP_2a.pdf"",""ASO_Tuolumne_2026Feb27_swe_50m.pdf"",""ASO_Tuolumne_Cherry_2026Feb27-28_banded_swe.txt"",""ASO_Tuolumne_Cherry_2026Feb27-28_swe_report.txt"",""ASO_Tuolumne_Eleanor_2026Feb27-28_banded_swe.txt"",""ASO_Tuolumne_Eleanor_2026Feb27-28_swe_report.txt"",""ASO_Tuolumne_Hetchy_2026Feb27-28_banded_swe.txt"",""ASO_Tuolumne_Hetchy_2026Feb27-28_swe_report.txt"",""ASO_Tuolumne_NorthFork_2026Feb27-28_banded_swe.txt"",""ASO_Tuolumne_NorthFork_2026Feb27-28_swe_report.txt"",""ASO_Tuolumne_SouthFork_2026Feb27-28_banded_swe.txt"",""ASO_Tuolumne_SouthFork_2026Feb27-28_swe_report.txt""]"
2026-09-28T20:13:50Z,ASO_Tuolumne_2026Feb27-28_SurveyData_and_Reports,"Airborne Snow Observatories, Inc. (ASO)",USCATE20260227v0,2026-02-27,2026-02-28,/Users/jtarrico/ch13_nisar_prelim/data/rasters/aso/ca/tuo/ASO_Tuolumne_2026Feb27-28_SurveyData_and_Reports,ASO_Tuolumne_2026Feb27-28_swe_report.txt,ASO_Tuolumne_2026Feb27-28_swe_report.txt,text/plain,report_text,file extension,752,52df663ba654bfb77a6a3a435b3b13db7a32207b96ebf2baf7ac14e11ebeb2d2,,,,,,,,,,,,,,,,"[""ASO_Tuolumne_2026Feb27-28_banded_swe.txt"",""ASO_Tuolumne_2026Feb27-28_report_v0.pdf"",""ASO_Tuolumne_2026Feb27-28_swe_report.txt"",""ASO_Tuolumne_2026Feb27_m3w_hypso.pdf"",""ASO_Tuolumne_2026Feb27_multi_hypsometry_SWE.pdf"",""ASO_Tuolumne_2026Feb27_multi_sweVolume_STEP.pdf"",""ASO_Tuolumne_2026Feb27_radial_BB.pdf"",""ASO_Tuolumne_2026Feb27_radial_TAF.pdf"",""ASO_Tuolumne_2026Feb27_radial_VIS.pdf"",""ASO_Tuolumne_2026Feb27_radial_difference_TAF.pdf"",""ASO_Tuolumne_2026Feb27_radial_difference_sweDepth.pdf"",""ASO_Tuolumne_2026Feb27_radial_sweDepth.pdf"",""ASO_Tuolumne_2026Feb27_sweVolume_STEP_2a.pdf"",""ASO_Tuolumne_2026Feb27_swe_50m.pdf"",""ASO_Tuolumne_Cherry_2026Feb27-28_banded_swe.txt"",""ASO_Tuolumne_Cherry_2026Feb27-28_swe_report.txt"",""ASO_Tuolumne_Eleanor_2026Feb27-28_banded_swe.txt"",""ASO_Tuolumne_Eleanor_2026Feb27-28_swe_report.txt"",""ASO_Tuolumne_Hetchy_2026Feb27-28_banded_swe.txt"",""ASO_Tuolumne_Hetchy_2026Feb27-28_swe_report.txt"",""ASO_Tuolumne_NorthFork_2026Feb27-28_banded_swe.txt"",""ASO_Tuolumne_NorthFork_2026Feb27-28_swe_report.txt"",""ASO_Tuolumne_SouthFork_2026Feb27-28_banded_swe.txt"",""ASO_Tuolumne_SouthFork_2026Feb27-28_swe_report.txt""]"
2026-09-28T20:13:50Z,ASO_Tuolumne_2026Feb27-28_SurveyData_and_Reports,"Airborne Snow Observatories, Inc. (ASO)",USCATE20260227v0,2026-02-27,2026-02-28,/Users/jtarrico/ch13_nisar_prelim/data/rasters/aso/ca/tuo/ASO_Tuolumne_2026Feb27-28_SurveyData_and_Reports,ASO_Tuolumne_2026Feb27-28_swe_volume_barplot.png,ASO_Tuolumne_2026Feb27-28_swe_volume_barplot.png,image/png,other_file,file extension or package inventory,91895,50467d74ba09f292c0a7cf18369b6f64bd0f718302a7ba5818091f9f3298b64e,,,,,,,,,,,,,,,,"[""ASO_Tuolumne_2026Feb27-28_banded_swe.txt"",""ASO_Tuolumne_2026Feb27-28_report_v0.pdf"",""ASO_Tuolumne_2026Feb27-28_swe_report.txt"",""ASO_Tuolumne_2026Feb27_m3w_hypso.pdf"",""ASO_Tuolumne_2026Feb27_multi_hypsometry_SWE.pdf"",""ASO_Tuolumne_2026Feb27_multi_sweVolume_STEP.pdf"",""ASO_Tuolumne_2026Feb27_radial_BB.pdf"",""ASO_Tuolumne_2026Feb27_radial_TAF.pdf"",""ASO_Tuolumne_2026Feb27_radial_VIS.pdf"",""ASO_Tuolumne_2026Feb27_radial_difference_TAF.pdf"",""ASO_Tuolumne_2026Feb27_radial_difference_sweDepth.pdf"",""ASO_Tuolumne_2026Feb27_radial_sweDepth.pdf"",""ASO_Tuolumne_2026Feb27_sweVolume_STEP_2a.pdf"",""ASO_Tuolumne_2026Feb27_swe_50m.pdf"",""ASO_Tuolumne_Cherry_2026Feb27-28_banded_swe.txt"",""ASO_Tuolumne_Cherry_2026Feb27-28_swe_report.txt"",""ASO_Tuolumne_Eleanor_2026Feb27-28_banded_swe.txt"",""ASO_Tuolumne_Eleanor_2026Feb27-28_swe_report.txt"",""ASO_Tuolumne_Hetchy_2026Feb27-28_banded_swe.txt"",""ASO_Tuolumne_Hetchy_2026Feb27-28_swe_report.txt"",""ASO_Tuolumne_NorthFork_2026Feb27-28_banded_swe.txt"",""ASO_Tuolumne_NorthFork_2026Feb27-28_swe_report.txt"",""ASO_Tuolumne_SouthFork_2026Feb27-28_banded_swe.txt"",""ASO_Tuolumne_SouthFork_2026Feb27-28_swe_report.txt""]"
2026-09-28T20:13:50Z,ASO_Tuolumne_2026Feb27-28_SurveyData_and_Reports,"Airborne Snow Observatories, Inc. (ASO)",USCATE20260227v0,2026-02-27,2026-02-28,/Users/jtarrico/ch13_nisar_prelim/data/rasters/aso/ca/tuo/ASO_Tuolumne_2026Feb27-28_SurveyData_and_Reports,ASO_Tuolumne_2026Feb27_m3w_hypso.pdf,ASO_Tuolumne_2026Feb27_m3w_hypso.pdf,application/pdf,report_pdf,file extension,16127,b14142d7e063da3608640628a0315d9416949d2ca189600b4a8d953ebaca8c20,,,,,,,,,,,,,,,,"[""ASO_Tuolumne_2026Feb27-28_banded_swe.txt"",""ASO_Tuolumne_2026Feb27-28_report_v0.pdf"",""ASO_Tuolumne_2026Feb27-28_swe_report.txt"",""ASO_Tuolumne_2026Feb27_m3w_hypso.pdf"",""ASO_Tuolumne_2026Feb27_multi_hypsometry_SWE.pdf"",""ASO_Tuolumne_2026Feb27_multi_sweVolume_STEP.pdf"",""ASO_Tuolumne_2026Feb27_radial_BB.pdf"",""ASO_Tuolumne_2026Feb27_radial_TAF.pdf"",""ASO_Tuolumne_2026Feb27_radial_VIS.pdf"",""ASO_Tuolumne_2026Feb27_radial_difference_TAF.pdf"",""ASO_Tuolumne_2026Feb27_radial_difference_sweDepth.pdf"",""ASO_Tuolumne_2026Feb27_radial_sweDepth.pdf"",""ASO_Tuolumne_2026Feb27_sweVolume_STEP_2a.pdf"",""ASO_Tuolumne_2026Feb27_swe_50m.pdf"",""ASO_Tuolumne_Cherry_2026Feb27-28_banded_swe.txt"",""ASO_Tuolumne_Cherry_2026Feb27-28_swe_report.txt"",""ASO_Tuolumne_Eleanor_2026Feb27-28_banded_swe.txt"",""ASO_Tuolumne_Eleanor_2026Feb27-28_swe_report.txt"",""ASO_Tuolumne_Hetchy_2026Feb27-28_banded_swe.txt"",""ASO_Tuolumne_Hetchy_2026Feb27-28_swe_report.txt"",""ASO_Tuolumne_NorthFork_2026Feb27-28_banded_swe.txt"",""ASO_Tuolumne_NorthFork_2026Feb27-28_swe_report.txt"",""ASO_Tuolumne_SouthFork_2026Feb27-28_banded_swe.txt"",""ASO_Tuolumne_SouthFork_2026Feb27-28_swe_report.txt""]"
2026-09-28T20:13:50Z,ASO_Tuolumne_2026Feb27-28_SurveyData_and_Reports,"Airborne Snow Observatories, Inc. (ASO)",USCATE20260227v0,2026-02-27,2026-02-28,/Users/jtarrico/ch13_nisar_prelim/data/rasters/aso/ca/tuo/ASO_Tuolumne_2026Feb27-28_SurveyData_and_Reports,ASO_Tuolumne_2026Feb27_multi_hypsometry_SWE.pdf,ASO_Tuolumne_2026Feb27_multi_hypsometry_SWE.pdf,application/pdf,report_pdf,file extension,18175,533bc7715b229a368ce30df56eef4d1dc9d89c3e8be2b7aa67a32fc6f44a6c29,,,,,,,,,,,,,,,,"[""ASO_Tuolumne_2026Feb27-28_banded_swe.txt"",""ASO_Tuolumne_2026Feb27-28_report_v0.pdf"",""ASO_Tuolumne_2026Feb27-28_swe_report.txt"",""ASO_Tuolumne_2026Feb27_m3w_hypso.pdf"",""ASO_Tuolumne_2026Feb27_multi_hypsometry_SWE.pdf"",""ASO_Tuolumne_2026Feb27_multi_sweVolume_STEP.pdf"",""ASO_Tuolumne_2026Feb27_radial_BB.pdf"",""ASO_Tuolumne_2026Feb27_radial_TAF.pdf"",""ASO_Tuolumne_2026Feb27_radial_VIS.pdf"",""ASO_Tuolumne_2026Feb27_radial_difference_TAF.pdf"",""ASO_Tuolumne_2026Feb27_radial_difference_sweDepth.pdf"",""ASO_Tuolumne_2026Feb27_radial_sweDepth.pdf"",""ASO_Tuolumne_2026Feb27_sweVolume_STEP_2a.pdf"",""ASO_Tuolumne_2026Feb27_swe_50m.pdf"",""ASO_Tuolumne_Cherry_2026Feb27-28_banded_swe.txt"",""ASO_Tuolumne_Cherry_2026Feb27-28_swe_report.txt"",""ASO_Tuolumne_Eleanor_2026Feb27-28_banded_swe.txt"",""ASO_Tuolumne_Eleanor_2026Feb27-28_swe_report.txt"",""ASO_Tuolumne_Hetchy_2026Feb27-28_banded_swe.txt"",""ASO_Tuolumne_Hetchy_2026Feb27-28_swe_report.txt"",""ASO_Tuolumne_NorthFork_2026Feb27-28_banded_swe.txt"",""ASO_Tuolumne_NorthFork_2026Feb27-28_swe_report.txt"",""ASO_Tuolumne_SouthFork_2026Feb27-28_banded_swe.txt"",""ASO_Tuolumne_SouthFork_2026Feb27-28_swe_report.txt""]"
2026-09-28T20:13:50Z,ASO_Tuolumne_2026Feb27-28_SurveyData_and_Reports,"Airborne Snow Observatories, Inc. (ASO)",USCATE20260227v0,2026-02-27,2026-02-28,/Users/jtarrico/ch13_nisar_prelim/data/rasters/aso/ca/tuo/ASO_Tuolumne_2026Feb27-28_SurveyData_and_Reports,ASO_Tuolumne_2026Feb27_multi_sweVolume_STEP.pdf,ASO_Tuolumne_2026Feb27_multi_sweVolume_STEP.pdf,application/pdf,report_pdf,file extension,15700,cba01121b1d4c55255ba27ee53e55a98cee30138be01a8fb9df53f1515a27458,,,,,,,,,,,,,,,,"[""ASO_Tuolumne_2026Feb27-28_banded_swe.txt"",""ASO_Tuolumne_2026Feb27-28_report_v0.pdf"",""ASO_Tuolumne_2026Feb27-28_swe_report.txt"",""ASO_Tuolumne_2026Feb27_m3w_hypso.pdf"",""ASO_Tuolumne_2026Feb27_multi_hypsometry_SWE.pdf"",""ASO_Tuolumne_2026Feb27_multi_sweVolume_STEP.pdf"",""ASO_Tuolumne_2026Feb27_radial_BB.pdf"",""ASO_Tuolumne_2026Feb27_radial_TAF.pdf"",""ASO_Tuolumne_2026Feb27_radial_VIS.pdf"",""ASO_Tuolumne_2026Feb27_radial_difference_TAF.pdf"",""ASO_Tuolumne_2026Feb27_radial_difference_sweDepth.pdf"",""ASO_Tuolumne_2026Feb27_radial_sweDepth.pdf"",""ASO_Tuolumne_2026Feb27_sweVolume_STEP_2a.pdf"",""ASO_Tuolumne_2026Feb27_swe_50m.pdf"",""ASO_Tuolumne_Cherry_2026Feb27-28_banded_swe.txt"",""ASO_Tuolumne_Cherry_2026Feb27-28_swe_report.txt"",""ASO_Tuolumne_Eleanor_2026Feb27-28_banded_swe.txt"",""ASO_Tuolumne_Eleanor_2026Feb27-28_swe_report.txt"",""ASO_Tuolumne_Hetchy_2026Feb27-28_banded_swe.txt"",""ASO_Tuolumne_Hetchy_2026Feb27-28_swe_report.txt"",""ASO_Tuolumne_NorthFork_2026Feb27-28_banded_swe.txt"",""ASO_Tuolumne_NorthFork_2026Feb27-28_swe_report.txt"",""ASO_Tuolumne_SouthFork_2026Feb27-28_banded_swe.txt"",""ASO_Tuolumne_SouthFork_2026Feb27-28_swe_report.txt""]"
2026-09-28T20:13:50Z,ASO_Tuolumne_2026Feb27-28_SurveyData_and_Reports,"Airborne Snow Observatories, Inc. (ASO)",USCATE20260227v0,2026-02-27,2026-02-28,/Users/jtarrico/ch13_nisar_prelim/data/rasters/aso/ca/tuo/ASO_Tuolumne_2026Feb27-28_SurveyData_and_Reports,ASO_Tuolumne_2026Feb27_radial_BB.pdf,ASO_Tuolumne_2026Feb27_radial_BB.pdf,application/pdf,report_pdf,file extension,173087,a5447442b4f867ca20142737eeb15c99a53b2a8f8d111d26441150c88bee387b,,,,,,,,,,,,,,,,"[""ASO_Tuolumne_2026Feb27-28_banded_swe.txt"",""ASO_Tuolumne_2026Feb27-28_report_v0.pdf"",""ASO_Tuolumne_2026Feb27-28_swe_report.txt"",""ASO_Tuolumne_2026Feb27_m3w_hypso.pdf"",""ASO_Tuolumne_2026Feb27_multi_hypsometry_SWE.pdf"",""ASO_Tuolumne_2026Feb27_multi_sweVolume_STEP.pdf"",""ASO_Tuolumne_2026Feb27_radial_BB.pdf"",""ASO_Tuolumne_2026Feb27_radial_TAF.pdf"",""ASO_Tuolumne_2026Feb27_radial_VIS.pdf"",""ASO_Tuolumne_2026Feb27_radial_difference_TAF.pdf"",""ASO_Tuolumne_2026Feb27_radial_difference_sweDepth.pdf"",""ASO_Tuolumne_2026Feb27_radial_sweDepth.pdf"",""ASO_Tuolumne_2026Feb27_sweVolume_STEP_2a.pdf"",""ASO_Tuolumne_2026Feb27_swe_50m.pdf"",""ASO_Tuolumne_Cherry_2026Feb27-28_banded_swe.txt"",""ASO_Tuolumne_Cherry_2026Feb27-28_swe_report.txt"",""ASO_Tuolumne_Eleanor_2026Feb27-28_banded_swe.txt"",""ASO_Tuolumne_Eleanor_2026Feb27-28_swe_report.txt"",""ASO_Tuolumne_Hetchy_2026Feb27-28_banded_swe.txt"",""ASO_Tuolumne_Hetchy_2026Feb27-28_swe_report.txt"",""ASO_Tuolumne_NorthFork_2026Feb27-28_banded_swe.txt"",""ASO_Tuolumne_NorthFork_2026Feb27-28_swe_report.txt"",""ASO_Tuolumne_SouthFork_2026Feb27-28_banded_swe.txt"",""ASO_Tuolumne_SouthFork_2026Feb27-28_swe_report.txt""]"
2026-09-28T20:13:50Z,ASO_Tuolumne_2026Feb27-28_SurveyData_and_Reports,"Airborne Snow Observatories, Inc. (ASO)",USCATE20260227v0,2026-02-27,2026-02-28,/Users/jtarrico/ch13_nisar_prelim/data/rasters/aso/ca/tuo/ASO_Tuolumne_2026Feb27-28_SurveyData_and_Reports,ASO_Tuolumne_2026Feb27_radial_TAF.pdf,ASO_Tuolumne_2026Feb27_radial_TAF.pdf,application/pdf,report_pdf,file extension,168337,4e3b75c6da121fe5ab89b73abd4d55048973d6a12b077aa5f7f91488917b9d0d,,,,,,,,,,,,,,,,"[""ASO_Tuolumne_2026Feb27-28_banded_swe.txt"",""ASO_Tuolumne_2026Feb27-28_report_v0.pdf"",""ASO_Tuolumne_2026Feb27-28_swe_report.txt"",""ASO_Tuolumne_2026Feb27_m3w_hypso.pdf"",""ASO_Tuolumne_2026Feb27_multi_hypsometry_SWE.pdf"",""ASO_Tuolumne_2026Feb27_multi_sweVolume_STEP.pdf"",""ASO_Tuolumne_2026Feb27_radial_BB.pdf"",""ASO_Tuolumne_2026Feb27_radial_TAF.pdf"",""ASO_Tuolumne_2026Feb27_radial_VIS.pdf"",""ASO_Tuolumne_2026Feb27_radial_difference_TAF.pdf"",""ASO_Tuolumne_2026Feb27_radial_difference_sweDepth.pdf"",""ASO_Tuolumne_2026Feb27_radial_sweDepth.pdf"",""ASO_Tuolumne_2026Feb27_sweVolume_STEP_2a.pdf"",""ASO_Tuolumne_2026Feb27_swe_50m.pdf"",""ASO_Tuolumne_Cherry_2026Feb27-28_banded_swe.txt"",""ASO_Tuolumne_Cherry_2026Feb27-28_swe_report.txt"",""ASO_Tuolumne_Eleanor_2026Feb27-28_banded_swe.txt"",""ASO_Tuolumne_Eleanor_2026Feb27-28_swe_report.txt"",""ASO_Tuolumne_Hetchy_2026Feb27-28_banded_swe.txt"",""ASO_Tuolumne_Hetchy_2026Feb27-28_swe_report.txt"",""ASO_Tuolumne_NorthFork_2026Feb27-28_banded_swe.txt"",""ASO_Tuolumne_NorthFork_2026Feb27-28_swe_report.txt"",""ASO_Tuolumne_SouthFork_2026Feb27-28_banded_swe.txt"",""ASO_Tuolumne_SouthFork_2026Feb27-28_swe_report.txt""]"
2026-09-28T20:13:50Z,ASO_Tuolumne_2026Feb27-28_SurveyData_and_Reports,"Airborne Snow Observatories, Inc. (ASO)",USCATE20260227v0,2026-02-27,2026-02-28,/Users/jtarrico/ch13_nisar_prelim/data/rasters/aso/ca/tuo/ASO_Tuolumne_2026Feb27-28_SurveyData_and_Reports,ASO_Tuolumne_2026Feb27_radial_VIS.pdf,ASO_Tuolumne_2026Feb27_radial_VIS.pdf,application/pdf,report_pdf,file extension,172254,2554fed910591e88812923e9a6c78481937f0b13875d1e86bc849f86b5eaa845,,,,,,,,,,,,,,,,"[""ASO_Tuolumne_2026Feb27-28_banded_swe.txt"",""ASO_Tuolumne_2026Feb27-28_report_v0.pdf"",""ASO_Tuolumne_2026Feb27-28_swe_report.txt"",""ASO_Tuolumne_2026Feb27_m3w_hypso.pdf"",""ASO_Tuolumne_2026Feb27_multi_hypsometry_SWE.pdf"",""ASO_Tuolumne_2026Feb27_multi_sweVolume_STEP.pdf"",""ASO_Tuolumne_2026Feb27_radial_BB.pdf"",""ASO_Tuolumne_2026Feb27_radial_TAF.pdf"",""ASO_Tuolumne_2026Feb27_radial_VIS.pdf"",""ASO_Tuolumne_2026Feb27_radial_difference_TAF.pdf"",""ASO_Tuolumne_2026Feb27_radial_difference_sweDepth.pdf"",""ASO_Tuolumne_2026Feb27_radial_sweDepth.pdf"",""ASO_Tuolumne_2026Feb27_sweVolume_STEP_2a.pdf"",""ASO_Tuolumne_2026Feb27_swe_50m.pdf"",""ASO_Tuolumne_Cherry_2026Feb27-28_banded_swe.txt"",""ASO_Tuolumne_Cherry_2026Feb27-28_swe_report.txt"",""ASO_Tuolumne_Eleanor_2026Feb27-28_banded_swe.txt"",""ASO_Tuolumne_Eleanor_2026Feb27-28_swe_report.txt"",""ASO_Tuolumne_Hetchy_2026Feb27-28_banded_swe.txt"",""ASO_Tuolumne_Hetchy_2026Feb27-28_swe_report.txt"",""ASO_Tuolumne_NorthFork_2026Feb27-28_banded_swe.txt"",""ASO_Tuolumne_NorthFork_2026Feb27-28_swe_report.txt"",""ASO_Tuolumne_SouthFork_2026Feb27-28_banded_swe.txt"",""ASO_Tuolumne_SouthFork_2026Feb27-28_swe_report.txt""]"
2026-09-28T20:13:50Z,ASO_Tuolumne_2026Feb27-28_SurveyData_and_Reports,"Airborne Snow Observatories, Inc. (ASO)",USCATE20260227v0,2026-02-27,2026-02-28,/Users/jtarrico/ch13_nisar_prelim/data/rasters/aso/ca/tuo/ASO_Tuolumne_2026Feb27-28_SurveyData_and_Reports,ASO_Tuolumne_2026Feb27_radial_difference_TAF.pdf,ASO_Tuolumne_2026Feb27_radial_difference_TAF.pdf,application/pdf,report_pdf,file extension,171879,2c49d75d071b952d6481e1ecc1f386456a7c370c6c748644fdc0992c6646d8fc,,,,,,,,,,,,,,,,"[""ASO_Tuolumne_2026Feb27-28_banded_swe.txt"",""ASO_Tuolumne_2026Feb27-28_report_v0.pdf"",""ASO_Tuolumne_2026Feb27-28_swe_report.txt"",""ASO_Tuolumne_2026Feb27_m3w_hypso.pdf"",""ASO_Tuolumne_2026Feb27_multi_hypsometry_SWE.pdf"",""ASO_Tuolumne_2026Feb27_multi_sweVolume_STEP.pdf"",""ASO_Tuolumne_2026Feb27_radial_BB.pdf"",""ASO_Tuolumne_2026Feb27_radial_TAF.pdf"",""ASO_Tuolumne_2026Feb27_radial_VIS.pdf"",""ASO_Tuolumne_2026Feb27_radial_difference_TAF.pdf"",""ASO_Tuolumne_2026Feb27_radial_difference_sweDepth.pdf"",""ASO_Tuolumne_2026Feb27_radial_sweDepth.pdf"",""ASO_Tuolumne_2026Feb27_sweVolume_STEP_2a.pdf"",""ASO_Tuolumne_2026Feb27_swe_50m.pdf"",""ASO_Tuolumne_Cherry_2026Feb27-28_banded_swe.txt"",""ASO_Tuolumne_Cherry_2026Feb27-28_swe_report.txt"",""ASO_Tuolumne_Eleanor_2026Feb27-28_banded_swe.txt"",""ASO_Tuolumne_Eleanor_2026Feb27-28_swe_report.txt"",""ASO_Tuolumne_Hetchy_2026Feb27-28_banded_swe.txt"",""ASO_Tuolumne_Hetchy_2026Feb27-28_swe_report.txt"",""ASO_Tuolumne_NorthFork_2026Feb27-28_banded_swe.txt"",""ASO_Tuolumne_NorthFork_2026Feb27-28_swe_report.txt"",""ASO_Tuolumne_SouthFork_2026Feb27-28_banded_swe.txt"",""ASO_Tuolumne_SouthFork_2026Feb27-28_swe_report.txt""]"
2026-09-28T20:13:50Z,ASO_Tuolumne_2026Feb27-28_SurveyData_and_Reports,"Airborne Snow Observatories, Inc. (ASO)",USCATE20260227v0,2026-02-27,2026-02-28,/Users/jtarrico/ch13_nisar_prelim/data/rasters/aso/ca/tuo/ASO_Tuolumne_2026Feb27-28_SurveyData_and_Reports,ASO_Tuolumne_2026Feb27_radial_difference_sweDepth.pdf,ASO_Tuolumne_2026Feb27_radial_difference_sweDepth.pdf,application/pdf,report_pdf,file extension,171997,b3bbfad1737a6e46f1f40c41acad142fea318bdf7145576b76efdf4f19ec23ce,,,,,,,,,,,,,,,,"[""ASO_Tuolumne_2026Feb27-28_banded_swe.txt"",""ASO_Tuolumne_2026Feb27-28_report_v0.pdf"",""ASO_Tuolumne_2026Feb27-28_swe_report.txt"",""ASO_Tuolumne_2026Feb27_m3w_hypso.pdf"",""ASO_Tuolumne_2026Feb27_multi_hypsometry_SWE.pdf"",""ASO_Tuolumne_2026Feb27_multi_sweVolume_STEP.pdf"",""ASO_Tuolumne_2026Feb27_radial_BB.pdf"",""ASO_Tuolumne_2026Feb27_radial_TAF.pdf"",""ASO_Tuolumne_2026Feb27_radial_VIS.pdf"",""ASO_Tuolumne_2026Feb27_radial_difference_TAF.pdf"",""ASO_Tuolumne_2026Feb27_radial_difference_sweDepth.pdf"",""ASO_Tuolumne_2026Feb27_radial_sweDepth.pdf"",""ASO_Tuolumne_2026Feb27_sweVolume_STEP_2a.pdf"",""ASO_Tuolumne_2026Feb27_swe_50m.pdf"",""ASO_Tuolumne_Cherry_2026Feb27-28_banded_swe.txt"",""ASO_Tuolumne_Cherry_2026Feb27-28_swe_report.txt"",""ASO_Tuolumne_Eleanor_2026Feb27-28_banded_swe.txt"",""ASO_Tuolumne_Eleanor_2026Feb27-28_swe_report.txt"",""ASO_Tuolumne_Hetchy_2026Feb27-28_banded_swe.txt"",""ASO_Tuolumne_Hetchy_2026Feb27-28_swe_report.txt"",""ASO_Tuolumne_NorthFork_2026Feb27-28_banded_swe.txt"",""ASO_Tuolumne_NorthFork_2026Feb27-28_swe_report.txt"",""ASO_Tuolumne_SouthFork_2026Feb27-28_banded_swe.txt"",""ASO_Tuolumne_SouthFork_2026Feb27-28_swe_report.txt""]"
2026-09-28T20:13:50Z,ASO_Tuolumne_2026Feb27-28_SurveyData_and_Reports,"Airborne Snow Observatories, Inc. (ASO)",USCATE20260227v0,2026-02-27,2026-02-28,/Users/jtarrico/ch13_nisar_prelim/data/rasters/aso/ca/tuo/ASO_Tuolumne_2026Feb27-28_SurveyData_and_Reports,ASO_Tuolumne_2026Feb27_radial_sweDepth.pdf,ASO_Tuolumne_2026Feb27_radial_sweDepth.pdf,application/pdf,report_pdf,file extension,168370,4ff1babf809372d9f6d56f409ea12cdb10ab493978209a35dbbd27651e1f8f77,,,,,,,,,,,,,,,,"[""ASO_Tuolumne_2026Feb27-28_banded_swe.txt"",""ASO_Tuolumne_2026Feb27-28_report_v0.pdf"",""ASO_Tuolumne_2026Feb27-28_swe_report.txt"",""ASO_Tuolumne_2026Feb27_m3w_hypso.pdf"",""ASO_Tuolumne_2026Feb27_multi_hypsometry_SWE.pdf"",""ASO_Tuolumne_2026Feb27_multi_sweVolume_STEP.pdf"",""ASO_Tuolumne_2026Feb27_radial_BB.pdf"",""ASO_Tuolumne_2026Feb27_radial_TAF.pdf"",""ASO_Tuolumne_2026Feb27_radial_VIS.pdf"",""ASO_Tuolumne_2026Feb27_radial_difference_TAF.pdf"",""ASO_Tuolumne_2026Feb27_radial_difference_sweDepth.pdf"",""ASO_Tuolumne_2026Feb27_radial_sweDepth.pdf"",""ASO_Tuolumne_2026Feb27_sweVolume_STEP_2a.pdf"",""ASO_Tuolumne_2026Feb27_swe_50m.pdf"",""ASO_Tuolumne_Cherry_2026Feb27-28_banded_swe.txt"",""ASO_Tuolumne_Cherry_2026Feb27-28_swe_report.txt"",""ASO_Tuolumne_Eleanor_2026Feb27-28_banded_swe.txt"",""ASO_Tuolumne_Eleanor_2026Feb27-28_swe_report.txt"",""ASO_Tuolumne_Hetchy_2026Feb27-28_banded_swe.txt"",""ASO_Tuolumne_Hetchy_2026Feb27-28_swe_report.txt"",""ASO_Tuolumne_NorthFork_2026Feb27-28_banded_swe.txt"",""ASO_Tuolumne_NorthFork_2026Feb27-28_swe_report.txt"",""ASO_Tuolumne_SouthFork_2026Feb27-28_banded_swe.txt"",""ASO_Tuolumne_SouthFork_2026Feb27-28_swe_report.txt""]"
2026-09-28T20:13:50Z,ASO_Tuolumne_2026Feb27-28_SurveyData_and_Reports,"Airborne Snow Observatories, Inc. (ASO)",USCATE20260227v0,2026-02-27,2026-02-28,/Users/jtarrico/ch13_nisar_prelim/data/rasters/aso/ca/tuo/ASO_Tuolumne_2026Feb27-28_SurveyData_and_Reports,ASO_Tuolumne_2026Feb27_sweVolume_STEP_2a.pdf,ASO_Tuolumne_2026Feb27_sweVolume_STEP_2a.pdf,application/pdf,report_pdf,file extension,14237,3dba97859ca58616d6bc9238f94429cd08e718e50ddb23589c9a85256b72fff6,,,,,,,,,,,,,,,,"[""ASO_Tuolumne_2026Feb27-28_banded_swe.txt"",""ASO_Tuolumne_2026Feb27-28_report_v0.pdf"",""ASO_Tuolumne_2026Feb27-28_swe_report.txt"",""ASO_Tuolumne_2026Feb27_m3w_hypso.pdf"",""ASO_Tuolumne_2026Feb27_multi_hypsometry_SWE.pdf"",""ASO_Tuolumne_2026Feb27_multi_sweVolume_STEP.pdf"",""ASO_Tuolumne_2026Feb27_radial_BB.pdf"",""ASO_Tuolumne_2026Feb27_radial_TAF.pdf"",""ASO_Tuolumne_2026Feb27_radial_VIS.pdf"",""ASO_Tuolumne_2026Feb27_radial_difference_TAF.pdf"",""ASO_Tuolumne_2026Feb27_radial_difference_sweDepth.pdf"",""ASO_Tuolumne_2026Feb27_radial_sweDepth.pdf"",""ASO_Tuolumne_2026Feb27_sweVolume_STEP_2a.pdf"",""ASO_Tuolumne_2026Feb27_swe_50m.pdf"",""ASO_Tuolumne_Cherry_2026Feb27-28_banded_swe.txt"",""ASO_Tuolumne_Cherry_2026Feb27-28_swe_report.txt"",""ASO_Tuolumne_Eleanor_2026Feb27-28_banded_swe.txt"",""ASO_Tuolumne_Eleanor_2026Feb27-28_swe_report.txt"",""ASO_Tuolumne_Hetchy_2026Feb27-28_banded_swe.txt"",""ASO_Tuolumne_Hetchy_2026Feb27-28_swe_report.txt"",""ASO_Tuolumne_NorthFork_2026Feb27-28_banded_swe.txt"",""ASO_Tuolumne_NorthFork_2026Feb27-28_swe_report.txt"",""ASO_Tuolumne_SouthFork_2026Feb27-28_banded_swe.txt"",""ASO_Tuolumne_SouthFork_2026Feb27-28_swe_report.txt""]"
2026-09-28T20:13:50Z,ASO_Tuolumne_2026Feb27-28_SurveyData_and_Reports,"Airborne Snow Observatories, Inc. (ASO)",USCATE20260227v0,2026-02-27,2026-02-28,/Users/jtarrico/ch13_nisar_prelim/data/rasters/aso/ca/tuo/ASO_Tuolumne_2026Feb27-28_SurveyData_and_Reports,ASO_Tuolumne_2026Feb27_swe_50m.pdf,ASO_Tuolumne_2026Feb27_swe_50m.pdf,application/pdf,report_pdf,file extension,1340767,623bdf1905517e64c7265e63df76defa166f86d7dd32fc0f66695c126be85417,,,,,,,,,,,,,,,,"[""ASO_Tuolumne_2026Feb27-28_banded_swe.txt"",""ASO_Tuolumne_2026Feb27-28_report_v0.pdf"",""ASO_Tuolumne_2026Feb27-28_swe_report.txt"",""ASO_Tuolumne_2026Feb27_m3w_hypso.pdf"",""ASO_Tuolumne_2026Feb27_multi_hypsometry_SWE.pdf"",""ASO_Tuolumne_2026Feb27_multi_sweVolume_STEP.pdf"",""ASO_Tuolumne_2026Feb27_radial_BB.pdf"",""ASO_Tuolumne_2026Feb27_radial_TAF.pdf"",""ASO_Tuolumne_2026Feb27_radial_VIS.pdf"",""ASO_Tuolumne_2026Feb27_radial_difference_TAF.pdf"",""ASO_Tuolumne_2026Feb27_radial_difference_sweDepth.pdf"",""ASO_Tuolumne_2026Feb27_radial_sweDepth.pdf"",""ASO_Tuolumne_2026Feb27_sweVolume_STEP_2a.pdf"",""ASO_Tuolumne_2026Feb27_swe_50m.pdf"",""ASO_Tuolumne_Cherry_2026Feb27-28_banded_swe.txt"",""ASO_Tuolumne_Cherry_2026Feb27-28_swe_report.txt"",""ASO_Tuolumne_Eleanor_2026Feb27-28_banded_swe.txt"",""ASO_Tuolumne_Eleanor_2026Feb27-28_swe_report.txt"",""ASO_Tuolumne_Hetchy_2026Feb27-28_banded_swe.txt"",""ASO_Tuolumne_Hetchy_2026Feb27-28_swe_report.txt"",""ASO_Tuolumne_NorthFork_2026Feb27-28_banded_swe.txt"",""ASO_Tuolumne_NorthFork_2026Feb27-28_swe_report.txt"",""ASO_Tuolumne_SouthFork_2026Feb27-28_banded_swe.txt"",""ASO_Tuolumne_SouthFork_2026Feb27-28_swe_report.txt""]"
2026-09-28T20:13:50Z,ASO_Tuolumne_2026Feb27-28_SurveyData_and_Reports,"Airborne Snow Observatories, Inc. (ASO)",USCATE20260227v0,2026-02-27,2026-02-28,/Users/jtarrico/ch13_nisar_prelim/data/rasters/aso/ca/tuo/ASO_Tuolumne_2026Feb27-28_SurveyData_and_Reports,ASO_Tuolumne_Cherry_2026Feb27-28_banded_swe.txt,ASO_Tuolumne_Cherry_2026Feb27-28_banded_swe.txt,text/plain,report_text,file extension,2547,833912dee6d779b5f9f6dee6745b9d020953a19eab357f31cccd5d37e0266931,,,,,,,,,,,,,,,,"[""ASO_Tuolumne_2026Feb27-28_banded_swe.txt"",""ASO_Tuolumne_2026Feb27-28_report_v0.pdf"",""ASO_Tuolumne_2026Feb27-28_swe_report.txt"",""ASO_Tuolumne_2026Feb27_m3w_hypso.pdf"",""ASO_Tuolumne_2026Feb27_multi_hypsometry_SWE.pdf"",""ASO_Tuolumne_2026Feb27_multi_sweVolume_STEP.pdf"",""ASO_Tuolumne_2026Feb27_radial_BB.pdf"",""ASO_Tuolumne_2026Feb27_radial_TAF.pdf"",""ASO_Tuolumne_2026Feb27_radial_VIS.pdf"",""ASO_Tuolumne_2026Feb27_radial_difference_TAF.pdf"",""ASO_Tuolumne_2026Feb27_radial_difference_sweDepth.pdf"",""ASO_Tuolumne_2026Feb27_radial_sweDepth.pdf"",""ASO_Tuolumne_2026Feb27_sweVolume_STEP_2a.pdf"",""ASO_Tuolumne_2026Feb27_swe_50m.pdf"",""ASO_Tuolumne_Cherry_2026Feb27-28_banded_swe.txt"",""ASO_Tuolumne_Cherry_2026Feb27-28_swe_report.txt"",""ASO_Tuolumne_Eleanor_2026Feb27-28_banded_swe.txt"",""ASO_Tuolumne_Eleanor_2026Feb27-28_swe_report.txt"",""ASO_Tuolumne_Hetchy_2026Feb27-28_banded_swe.txt"",""ASO_Tuolumne_Hetchy_2026Feb27-28_swe_report.txt"",""ASO_Tuolumne_NorthFork_2026Feb27-28_banded_swe.txt"",""ASO_Tuolumne_NorthFork_2026Feb27-28_swe_report.txt"",""ASO_Tuolumne_SouthFork_2026Feb27-28_banded_swe.txt"",""ASO_Tuolumne_SouthFork_2026Feb27-28_swe_report.txt""]"
2026-09-28T20:13:50Z,ASO_Tuolumne_2026Feb27-28_SurveyData_and_Reports,"Airborne Snow Observatories, Inc. (ASO)",USCATE20260227v0,2026-02-27,2026-02-28,/Users/jtarrico/ch13_nisar_prelim/data/rasters/aso/ca/tuo/ASO_Tuolumne_2026Feb27-28_SurveyData_and_Reports,ASO_Tuolumne_Cherry_2026Feb27-28_swe_report.txt,ASO_Tuolumne_Cherry_2026Feb27-28_swe_report.txt,text/plain,report_text,file extension,760,cbdef98bbf7d3882eab61e1dd656b56ea8e83a9d16f9bf1e34a5a2184e523bc3,,,,,,,,,,,,,,,,"[""ASO_Tuolumne_2026Feb27-28_banded_swe.txt"",""ASO_Tuolumne_2026Feb27-28_report_v0.pdf"",""ASO_Tuolumne_2026Feb27-28_swe_report.txt"",""ASO_Tuolumne_2026Feb27_m3w_hypso.pdf"",""ASO_Tuolumne_2026Feb27_multi_hypsometry_SWE.pdf"",""ASO_Tuolumne_2026Feb27_multi_sweVolume_STEP.pdf"",""ASO_Tuolumne_2026Feb27_radial_BB.pdf"",""ASO_Tuolumne_2026Feb27_radial_TAF.pdf"",""ASO_Tuolumne_2026Feb27_radial_VIS.pdf"",""ASO_Tuolumne_2026Feb27_radial_difference_TAF.pdf"",""ASO_Tuolumne_2026Feb27_radial_difference_sweDepth.pdf"",""ASO_Tuolumne_2026Feb27_radial_sweDepth.pdf"",""ASO_Tuolumne_2026Feb27_sweVolume_STEP_2a.pdf"",""ASO_Tuolumne_2026Feb27_swe_50m.pdf"",""ASO_Tuolumne_Cherry_2026Feb27-28_banded_swe.txt"",""ASO_Tuolumne_Cherry_2026Feb27-28_swe_report.txt"",""ASO_Tuolumne_Eleanor_2026Feb27-28_banded_swe.txt"",""ASO_Tuolumne_Eleanor_2026Feb27-28_swe_report.txt"",""ASO_Tuolumne_Hetchy_2026Feb27-28_banded_swe.txt"",""ASO_Tuolumne_Hetchy_2026Feb27-28_swe_report.txt"",""ASO_Tuolumne_NorthFork_2026Feb27-28_banded_swe.txt"",""ASO_Tuolumne_NorthFork_2026Feb27-28_swe_report.txt"",""ASO_Tuolumne_SouthFork_2026Feb27-28_banded_swe.txt"",""ASO_Tuolumne_SouthFork_2026Feb27-28_swe_report.txt""]"
2026-09-28T20:13:50Z,ASO_Tuolumne_2026Feb27-28_SurveyData_and_Reports,"Airborne Snow Observatories, Inc. (ASO)",USCATE20260227v0,2026-02-27,2026-02-28,/Users/jtarrico/ch13_nisar_prelim/data/rasters/aso/ca/tuo/ASO_Tuolumne_2026Feb27-28_SurveyData_and_Reports,ASO_Tuolumne_Cherry_2026Feb27-28_swe_volume_barplot.png,ASO_Tuolumne_Cherry_2026Feb27-28_swe_volume_barplot.png,image/png,other_file,file extension or package inventory,94069,e0a6fa50b4f4750a3d64bb55ac39a1b4e18a341f41a32adf6736f24e7f120309,,,,,,,,,,,,,,,,"[""ASO_Tuolumne_2026Feb27-28_banded_swe.txt"",""ASO_Tuolumne_2026Feb27-28_report_v0.pdf"",""ASO_Tuolumne_2026Feb27-28_swe_report.txt"",""ASO_Tuolumne_2026Feb27_m3w_hypso.pdf"",""ASO_Tuolumne_2026Feb27_multi_hypsometry_SWE.pdf"",""ASO_Tuolumne_2026Feb27_multi_sweVolume_STEP.pdf"",""ASO_Tuolumne_2026Feb27_radial_BB.pdf"",""ASO_Tuolumne_2026Feb27_radial_TAF.pdf"",""ASO_Tuolumne_2026Feb27_radial_VIS.pdf"",""ASO_Tuolumne_2026Feb27_radial_difference_TAF.pdf"",""ASO_Tuolumne_2026Feb27_radial_difference_sweDepth.pdf"",""ASO_Tuolumne_2026Feb27_radial_sweDepth.pdf"",""ASO_Tuolumne_2026Feb27_sweVolume_STEP_2a.pdf"",""ASO_Tuolumne_2026Feb27_swe_50m.pdf"",""ASO_Tuolumne_Cherry_2026Feb27-28_banded_swe.txt"",""ASO_Tuolumne_Cherry_2026Feb27-28_swe_report.txt"",""ASO_Tuolumne_Eleanor_2026Feb27-28_banded_swe.txt"",""ASO_Tuolumne_Eleanor_2026Feb27-28_swe_report.txt"",""ASO_Tuolumne_Hetchy_2026Feb27-28_banded_swe.txt"",""ASO_Tuolumne_Hetchy_2026Feb27-28_swe_report.txt"",""ASO_Tuolumne_NorthFork_2026Feb27-28_banded_swe.txt"",""ASO_Tuolumne_NorthFork_2026Feb27-28_swe_report.txt"",""ASO_Tuolumne_SouthFork_2026Feb27-28_banded_swe.txt"",""ASO_Tuolumne_SouthFork_2026Feb27-28_swe_report.txt""]"
2026-09-28T20:13:50Z,ASO_Tuolumne_2026Feb27-28_SurveyData_and_Reports,"Airborne Snow Observatories, Inc. (ASO)",USCATE20260227v0,2026-02-27,2026-02-28,/Users/jtarrico/ch13_nisar_prelim/data/rasters/aso/ca/tuo/ASO_Tuolumne_2026Feb27-28_SurveyData_and_Reports,ASO_Tuolumne_Eleanor_2026Feb27-28_banded_swe.txt,ASO_Tuolumne_Eleanor_2026Feb27-28_banded_swe.txt,text/plain,report_text,file extension,2549,098cd6dd6cebfe6034597ed9689d9a79b1929eb0cef6426bd677f6f4dc69490e,,,,,,,,,,,,,,,,"[""ASO_Tuolumne_2026Feb27-28_banded_swe.txt"",""ASO_Tuolumne_2026Feb27-28_report_v0.pdf"",""ASO_Tuolumne_2026Feb27-28_swe_report.txt"",""ASO_Tuolumne_2026Feb27_m3w_hypso.pdf"",""ASO_Tuolumne_2026Feb27_multi_hypsometry_SWE.pdf"",""ASO_Tuolumne_2026Feb27_multi_sweVolume_STEP.pdf"",""ASO_Tuolumne_2026Feb27_radial_BB.pdf"",""ASO_Tuolumne_2026Feb27_radial_TAF.pdf"",""ASO_Tuolumne_2026Feb27_radial_VIS.pdf"",""ASO_Tuolumne_2026Feb27_radial_difference_TAF.pdf"",""ASO_Tuolumne_2026Feb27_radial_difference_sweDepth.pdf"",""ASO_Tuolumne_2026Feb27_radial_sweDepth.pdf"",""ASO_Tuolumne_2026Feb27_sweVolume_STEP_2a.pdf"",""ASO_Tuolumne_2026Feb27_swe_50m.pdf"",""ASO_Tuolumne_Cherry_2026Feb27-28_banded_swe.txt"",""ASO_Tuolumne_Cherry_2026Feb27-28_swe_report.txt"",""ASO_Tuolumne_Eleanor_2026Feb27-28_banded_swe.txt"",""ASO_Tuolumne_Eleanor_2026Feb27-28_swe_report.txt"",""ASO_Tuolumne_Hetchy_2026Feb27-28_banded_swe.txt"",""ASO_Tuolumne_Hetchy_2026Feb27-28_swe_report.txt"",""ASO_Tuolumne_NorthFork_2026Feb27-28_banded_swe.txt"",""ASO_Tuolumne_NorthFork_2026Feb27-28_swe_report.txt"",""ASO_Tuolumne_SouthFork_2026Feb27-28_banded_swe.txt"",""ASO_Tuolumne_SouthFork_2026Feb27-28_swe_report.txt""]"
2026-09-28T20:13:50Z,ASO_Tuolumne_2026Feb27-28_SurveyData_and_Reports,"Airborne Snow Observatories, Inc. (ASO)",USCATE20260227v0,2026-02-27,2026-02-28,/Users/jtarrico/ch13_nisar_prelim/data/rasters/aso/ca/tuo/ASO_Tuolumne_2026Feb27-28_SurveyData_and_Reports,ASO_Tuolumne_Eleanor_2026Feb27-28_swe_report.txt,ASO_Tuolumne_Eleanor_2026Feb27-28_swe_report.txt,text/plain,report_text,file extension,762,b35de66ef363337288399f246d0e6d114e8b4cdcd8e696b9f32b0c3d104530a8,,,,,,,,,,,,,,,,"[""ASO_Tuolumne_2026Feb27-28_banded_swe.txt"",""ASO_Tuolumne_2026Feb27-28_report_v0.pdf"",""ASO_Tuolumne_2026Feb27-28_swe_report.txt"",""ASO_Tuolumne_2026Feb27_m3w_hypso.pdf"",""ASO_Tuolumne_2026Feb27_multi_hypsometry_SWE.pdf"",""ASO_Tuolumne_2026Feb27_multi_sweVolume_STEP.pdf"",""ASO_Tuolumne_2026Feb27_radial_BB.pdf"",""ASO_Tuolumne_2026Feb27_radial_TAF.pdf"",""ASO_Tuolumne_2026Feb27_radial_VIS.pdf"",""ASO_Tuolumne_2026Feb27_radial_difference_TAF.pdf"",""ASO_Tuolumne_2026Feb27_radial_difference_sweDepth.pdf"",""ASO_Tuolumne_2026Feb27_radial_sweDepth.pdf"",""ASO_Tuolumne_2026Feb27_sweVolume_STEP_2a.pdf"",""ASO_Tuolumne_2026Feb27_swe_50m.pdf"",""ASO_Tuolumne_Cherry_2026Feb27-28_banded_swe.txt"",""ASO_Tuolumne_Cherry_2026Feb27-28_swe_report.txt"",""ASO_Tuolumne_Eleanor_2026Feb27-28_banded_swe.txt"",""ASO_Tuolumne_Eleanor_2026Feb27-28_swe_report.txt"",""ASO_Tuolumne_Hetchy_2026Feb27-28_banded_swe.txt"",""ASO_Tuolumne_Hetchy_2026Feb27-28_swe_report.txt"",""ASO_Tuolumne_NorthFork_2026Feb27-28_banded_swe.txt"",""ASO_Tuolumne_NorthFork_2026Feb27-28_swe_report.txt"",""ASO_Tuolumne_SouthFork_2026Feb27-28_banded_swe.txt"",""ASO_Tuolumne_SouthFork_2026Feb27-28_swe_report.txt""]"
2026-09-28T20:13:50Z,ASO_Tuolumne_2026Feb27-28_SurveyData_and_Reports,"Airborne Snow Observatories, Inc. (ASO)",USCATE20260227v0,2026-02-27,2026-02-28,/Users/jtarrico/ch13_nisar_prelim/data/rasters/aso/ca/tuo/ASO_Tuolumne_2026Feb27-28_SurveyData_and_Reports,ASO_Tuolumne_Eleanor_2026Feb27-28_swe_volume_barplot.png,ASO_Tuolumne_Eleanor_2026Feb27-28_swe_volume_barplot.png,image/png,other_file,file extension or package inventory,88968,45bca5f864a81e1ac208a55053cd9d3db725c6d696cc92c367e744129772146d,,,,,,,,,,,,,,,,"[""ASO_Tuolumne_2026Feb27-28_banded_swe.txt"",""ASO_Tuolumne_2026Feb27-28_report_v0.pdf"",""ASO_Tuolumne_2026Feb27-28_swe_report.txt"",""ASO_Tuolumne_2026Feb27_m3w_hypso.pdf"",""ASO_Tuolumne_2026Feb27_multi_hypsometry_SWE.pdf"",""ASO_Tuolumne_2026Feb27_multi_sweVolume_STEP.pdf"",""ASO_Tuolumne_2026Feb27_radial_BB.pdf"",""ASO_Tuolumne_2026Feb27_radial_TAF.pdf"",""ASO_Tuolumne_2026Feb27_radial_VIS.pdf"",""ASO_Tuolumne_2026Feb27_radial_difference_TAF.pdf"",""ASO_Tuolumne_2026Feb27_radial_difference_sweDepth.pdf"",""ASO_Tuolumne_2026Feb27_radial_sweDepth.pdf"",""ASO_Tuolumne_2026Feb27_sweVolume_STEP_2a.pdf"",""ASO_Tuolumne_2026Feb27_swe_50m.pdf"",""ASO_Tuolumne_Cherry_2026Feb27-28_banded_swe.txt"",""ASO_Tuolumne_Cherry_2026Feb27-28_swe_report.txt"",""ASO_Tuolumne_Eleanor_2026Feb27-28_banded_swe.txt"",""ASO_Tuolumne_Eleanor_2026Feb27-28_swe_report.txt"",""ASO_Tuolumne_Hetchy_2026Feb27-28_banded_swe.txt"",""ASO_Tuolumne_Hetchy_2026Feb27-28_swe_report.txt"",""ASO_Tuolumne_NorthFork_2026Feb27-28_banded_swe.txt"",""ASO_Tuolumne_NorthFork_2026Feb27-28_swe_report.txt"",""ASO_Tuolumne_SouthFork_2026Feb27-28_banded_swe.txt"",""ASO_Tuolumne_SouthFork_2026Feb27-28_swe_report.txt""]"
2026-09-28T20:13:50Z,ASO_Tuolumne_2026Feb27-28_SurveyData_and_Reports,"Airborne Snow Observatories, Inc. (ASO)",USCATE20260227v0,2026-02-27,2026-02-28,/Users/jtarrico/ch13_nisar_prelim/data/rasters/aso/ca/tuo/ASO_Tuolumne_2026Feb27-28_SurveyData_and_Reports,ASO_Tuolumne_Hetchy_2026Feb27-28_banded_swe.txt,ASO_Tuolumne_Hetchy_2026Feb27-28_banded_swe.txt,text/plain,report_text,file extension,2541,d143770e9d57f61d9050e75c92c6116a935414440cd7153d43ad0f8b713f28ec,,,,,,,,,,,,,,,,"[""ASO_Tuolumne_2026Feb27-28_banded_swe.txt"",""ASO_Tuolumne_2026Feb27-28_report_v0.pdf"",""ASO_Tuolumne_2026Feb27-28_swe_report.txt"",""ASO_Tuolumne_2026Feb27_m3w_hypso.pdf"",""ASO_Tuolumne_2026Feb27_multi_hypsometry_SWE.pdf"",""ASO_Tuolumne_2026Feb27_multi_sweVolume_STEP.pdf"",""ASO_Tuolumne_2026Feb27_radial_BB.pdf"",""ASO_Tuolumne_2026Feb27_radial_TAF.pdf"",""ASO_Tuolumne_2026Feb27_radial_VIS.pdf"",""ASO_Tuolumne_2026Feb27_radial_difference_TAF.pdf"",""ASO_Tuolumne_2026Feb27_radial_difference_sweDepth.pdf"",""ASO_Tuolumne_2026Feb27_radial_sweDepth.pdf"",""ASO_Tuolumne_2026Feb27_sweVolume_STEP_2a.pdf"",""ASO_Tuolumne_2026Feb27_swe_50m.pdf"",""ASO_Tuolumne_Cherry_2026Feb27-28_banded_swe.txt"",""ASO_Tuolumne_Cherry_2026Feb27-28_swe_report.txt"",""ASO_Tuolumne_Eleanor_2026Feb27-28_banded_swe.txt"",""ASO_Tuolumne_Eleanor_2026Feb27-28_swe_report.txt"",""ASO_Tuolumne_Hetchy_2026Feb27-28_banded_swe.txt"",""ASO_Tuolumne_Hetchy_2026Feb27-28_swe_report.txt"",""ASO_Tuolumne_NorthFork_2026Feb27-28_banded_swe.txt"",""ASO_Tuolumne_NorthFork_2026Feb27-28_swe_report.txt"",""ASO_Tuolumne_SouthFork_2026Feb27-28_banded_swe.txt"",""ASO_Tuolumne_SouthFork_2026Feb27-28_swe_report.txt""]"
2026-09-28T20:13:50Z,ASO_Tuolumne_2026Feb27-28_SurveyData_and_Reports,"Airborne Snow Observatories, Inc. (ASO)",USCATE20260227v0,2026-02-27,2026-02-28,/Users/jtarrico/ch13_nisar_prelim/data/rasters/aso/ca/tuo/ASO_Tuolumne_2026Feb27-28_SurveyData_and_Reports,ASO_Tuolumne_Hetchy_2026Feb27-28_swe_report.txt,ASO_Tuolumne_Hetchy_2026Feb27-28_swe_report.txt,text/plain,report_text,file extension,764,7043de65912e78c11e79b6e124ddc3ed7583cd15422850bc8740610c04105104,,,,,,,,,,,,,,,,"[""ASO_Tuolumne_2026Feb27-28_banded_swe.txt"",""ASO_Tuolumne_2026Feb27-28_report_v0.pdf"",""ASO_Tuolumne_2026Feb27-28_swe_report.txt"",""ASO_Tuolumne_2026Feb27_m3w_hypso.pdf"",""ASO_Tuolumne_2026Feb27_multi_hypsometry_SWE.pdf"",""ASO_Tuolumne_2026Feb27_multi_sweVolume_STEP.pdf"",""ASO_Tuolumne_2026Feb27_radial_BB.pdf"",""ASO_Tuolumne_2026Feb27_radial_TAF.pdf"",""ASO_Tuolumne_2026Feb27_radial_VIS.pdf"",""ASO_Tuolumne_2026Feb27_radial_difference_TAF.pdf"",""ASO_Tuolumne_2026Feb27_radial_difference_sweDepth.pdf"",""ASO_Tuolumne_2026Feb27_radial_sweDepth.pdf"",""ASO_Tuolumne_2026Feb27_sweVolume_STEP_2a.pdf"",""ASO_Tuolumne_2026Feb27_swe_50m.pdf"",""ASO_Tuolumne_Cherry_2026Feb27-28_banded_swe.txt"",""ASO_Tuolumne_Cherry_2026Feb27-28_swe_report.txt"",""ASO_Tuolumne_Eleanor_2026Feb27-28_banded_swe.txt"",""ASO_Tuolumne_Eleanor_2026Feb27-28_swe_report.txt"",""ASO_Tuolumne_Hetchy_2026Feb27-28_banded_swe.txt"",""ASO_Tuolumne_Hetchy_2026Feb27-28_swe_report.txt"",""ASO_Tuolumne_NorthFork_2026Feb27-28_banded_swe.txt"",""ASO_Tuolumne_NorthFork_2026Feb27-28_swe_report.txt"",""ASO_Tuolumne_SouthFork_2026Feb27-28_banded_swe.txt"",""ASO_Tuolumne_SouthFork_2026Feb27-28_swe_report.txt""]"
2026-09-28T20:13:50Z,ASO_Tuolumne_2026Feb27-28_SurveyData_and_Reports,"Airborne Snow Observatories, Inc. (ASO)",USCATE20260227v0,2026-02-27,2026-02-28,/Users/jtarrico/ch13_nisar_prelim/data/rasters/aso/ca/tuo/ASO_Tuolumne_2026Feb27-28_SurveyData_and_Reports,ASO_Tuolumne_Hetchy_2026Feb27-28_swe_volume_barplot.png,ASO_Tuolumne_Hetchy_2026Feb27-28_swe_volume_barplot.png,image/png,other_file,file extension or package inventory,96577,33ab7eb79004e9f08f46da3a3bada36db3d302841ed550617c0882ac6efc7d85,,,,,,,,,,,,,,,,"[""ASO_Tuolumne_2026Feb27-28_banded_swe.txt"",""ASO_Tuolumne_2026Feb27-28_report_v0.pdf"",""ASO_Tuolumne_2026Feb27-28_swe_report.txt"",""ASO_Tuolumne_2026Feb27_m3w_hypso.pdf"",""ASO_Tuolumne_2026Feb27_multi_hypsometry_SWE.pdf"",""ASO_Tuolumne_2026Feb27_multi_sweVolume_STEP.pdf"",""ASO_Tuolumne_2026Feb27_radial_BB.pdf"",""ASO_Tuolumne_2026Feb27_radial_TAF.pdf"",""ASO_Tuolumne_2026Feb27_radial_VIS.pdf"",""ASO_Tuolumne_2026Feb27_radial_difference_TAF.pdf"",""ASO_Tuolumne_2026Feb27_radial_difference_sweDepth.pdf"",""ASO_Tuolumne_2026Feb27_radial_sweDepth.pdf"",""ASO_Tuolumne_2026Feb27_sweVolume_STEP_2a.pdf"",""ASO_Tuolumne_2026Feb27_swe_50m.pdf"",""ASO_Tuolumne_Cherry_2026Feb27-28_banded_swe.txt"",""ASO_Tuolumne_Cherry_2026Feb27-28_swe_report.txt"",""ASO_Tuolumne_Eleanor_2026Feb27-28_banded_swe.txt"",""ASO_Tuolumne_Eleanor_2026Feb27-28_swe_report.txt"",""ASO_Tuolumne_Hetchy_2026Feb27-28_banded_swe.txt"",""ASO_Tuolumne_Hetchy_2026Feb27-28_swe_report.txt"",""ASO_Tuolumne_NorthFork_2026Feb27-28_banded_swe.txt"",""ASO_Tuolumne_NorthFork_2026Feb27-28_swe_report.txt"",""ASO_Tuolumne_SouthFork_2026Feb27-28_banded_swe.txt"",""ASO_Tuolumne_SouthFork_2026Feb27-28_swe_report.txt""]"
2026-09-28T20:13:50Z,ASO_Tuolumne_2026Feb27-28_SurveyData_and_Reports,"Airborne Snow Observatories, Inc. (ASO)",USCATE20260227v0,2026-02-27,2026-02-28,/Users/jtarrico/ch13_nisar_prelim/data/rasters/aso/ca/tuo/ASO_Tuolumne_2026Feb27-28_SurveyData_and_Reports,ASO_Tuolumne_NorthFork_2026Feb27-28_banded_swe.txt,ASO_Tuolumne_NorthFork_2026Feb27-28_banded_swe.txt,text/plain,report_text,file extension,2552,b2919d465f9d21b5bdf9e4e58c311b3fb1921fbb97c49e61c1e9d819b695fc03,,,,,,,,,,,,,,,,"[""ASO_Tuolumne_2026Feb27-28_banded_swe.txt"",""ASO_Tuolumne_2026Feb27-28_report_v0.pdf"",""ASO_Tuolumne_2026Feb27-28_swe_report.txt"",""ASO_Tuolumne_2026Feb27_m3w_hypso.pdf"",""ASO_Tuolumne_2026Feb27_multi_hypsometry_SWE.pdf"",""ASO_Tuolumne_2026Feb27_multi_sweVolume_STEP.pdf"",""ASO_Tuolumne_2026Feb27_radial_BB.pdf"",""ASO_Tuolumne_2026Feb27_radial_TAF.pdf"",""ASO_Tuolumne_2026Feb27_radial_VIS.pdf"",""ASO_Tuolumne_2026Feb27_radial_difference_TAF.pdf"",""ASO_Tuolumne_2026Feb27_radial_difference_sweDepth.pdf"",""ASO_Tuolumne_2026Feb27_radial_sweDepth.pdf"",""ASO_Tuolumne_2026Feb27_sweVolume_STEP_2a.pdf"",""ASO_Tuolumne_2026Feb27_swe_50m.pdf"",""ASO_Tuolumne_Cherry_2026Feb27-28_banded_swe.txt"",""ASO_Tuolumne_Cherry_2026Feb27-28_swe_report.txt"",""ASO_Tuolumne_Eleanor_2026Feb27-28_banded_swe.txt"",""ASO_Tuolumne_Eleanor_2026Feb27-28_swe_report.txt"",""ASO_Tuolumne_Hetchy_2026Feb27-28_banded_swe.txt"",""ASO_Tuolumne_Hetchy_2026Feb27-28_swe_report.txt"",""ASO_Tuolumne_NorthFork_2026Feb27-28_banded_swe.txt"",""ASO_Tuolumne_NorthFork_2026Feb27-28_swe_report.txt"",""ASO_Tuolumne_SouthFork_2026Feb27-28_banded_swe.txt"",""ASO_Tuolumne_SouthFork_2026Feb27-28_swe_report.txt""]"
2026-09-28T20:13:50Z,ASO_Tuolumne_2026Feb27-28_SurveyData_and_Reports,"Airborne Snow Observatories, Inc. (ASO)",USCATE20260227v0,2026-02-27,2026-02-28,/Users/jtarrico/ch13_nisar_prelim/data/rasters/aso/ca/tuo/ASO_Tuolumne_2026Feb27-28_SurveyData_and_Reports,ASO_Tuolumne_NorthFork_2026Feb27-28_swe_report.txt,ASO_Tuolumne_NorthFork_2026Feb27-28_swe_report.txt,text/plain,report_text,file extension,767,60889ef2775598638d15f6dd30bf633cdf018db2328ad354b7ba0a0051b48ceb,,,,,,,,,,,,,,,,"[""ASO_Tuolumne_2026Feb27-28_banded_swe.txt"",""ASO_Tuolumne_2026Feb27-28_report_v0.pdf"",""ASO_Tuolumne_2026Feb27-28_swe_report.txt"",""ASO_Tuolumne_2026Feb27_m3w_hypso.pdf"",""ASO_Tuolumne_2026Feb27_multi_hypsometry_SWE.pdf"",""ASO_Tuolumne_2026Feb27_multi_sweVolume_STEP.pdf"",""ASO_Tuolumne_2026Feb27_radial_BB.pdf"",""ASO_Tuolumne_2026Feb27_radial_TAF.pdf"",""ASO_Tuolumne_2026Feb27_radial_VIS.pdf"",""ASO_Tuolumne_2026Feb27_radial_difference_TAF.pdf"",""ASO_Tuolumne_2026Feb27_radial_difference_sweDepth.pdf"",""ASO_Tuolumne_2026Feb27_radial_sweDepth.pdf"",""ASO_Tuolumne_2026Feb27_sweVolume_STEP_2a.pdf"",""ASO_Tuolumne_2026Feb27_swe_50m.pdf"",""ASO_Tuolumne_Cherry_2026Feb27-28_banded_swe.txt"",""ASO_Tuolumne_Cherry_2026Feb27-28_swe_report.txt"",""ASO_Tuolumne_Eleanor_2026Feb27-28_banded_swe.txt"",""ASO_Tuolumne_Eleanor_2026Feb27-28_swe_report.txt"",""ASO_Tuolumne_Hetchy_2026Feb27-28_banded_swe.txt"",""ASO_Tuolumne_Hetchy_2026Feb27-28_swe_report.txt"",""ASO_Tuolumne_NorthFork_2026Feb27-28_banded_swe.txt"",""ASO_Tuolumne_NorthFork_2026Feb27-28_swe_report.txt"",""ASO_Tuolumne_SouthFork_2026Feb27-28_banded_swe.txt"",""ASO_Tuolumne_SouthFork_2026Feb27-28_swe_report.txt""]"
2026-09-28T20:13:50Z,ASO_Tuolumne_2026Feb27-28_SurveyData_and_Reports,"Airborne Snow Observatories, Inc. (ASO)",USCATE20260227v0,2026-02-27,2026-02-28,/Users/jtarrico/ch13_nisar_prelim/data/rasters/aso/ca/tuo/ASO_Tuolumne_2026Feb27-28_SurveyData_and_Reports,ASO_Tuolumne_NorthFork_2026Feb27-28_swe_volume_barplot.png,ASO_Tuolumne_NorthFork_2026Feb27-28_swe_volume_barplot.png,image/png,other_file,file extension or package inventory,91154,a69c2a9df221e836413aca6672abc3540113ddb41ef85573087c77b821c6257d,,,,,,,,,,,,,,,,"[""ASO_Tuolumne_2026Feb27-28_banded_swe.txt"",""ASO_Tuolumne_2026Feb27-28_report_v0.pdf"",""ASO_Tuolumne_2026Feb27-28_swe_report.txt"",""ASO_Tuolumne_2026Feb27_m3w_hypso.pdf"",""ASO_Tuolumne_2026Feb27_multi_hypsometry_SWE.pdf"",""ASO_Tuolumne_2026Feb27_multi_sweVolume_STEP.pdf"",""ASO_Tuolumne_2026Feb27_radial_BB.pdf"",""ASO_Tuolumne_2026Feb27_radial_TAF.pdf"",""ASO_Tuolumne_2026Feb27_radial_VIS.pdf"",""ASO_Tuolumne_2026Feb27_radial_difference_TAF.pdf"",""ASO_Tuolumne_2026Feb27_radial_difference_sweDepth.pdf"",""ASO_Tuolumne_2026Feb27_radial_sweDepth.pdf"",""ASO_Tuolumne_2026Feb27_sweVolume_STEP_2a.pdf"",""ASO_Tuolumne_2026Feb27_swe_50m.pdf"",""ASO_Tuolumne_Cherry_2026Feb27-28_banded_swe.txt"",""ASO_Tuolumne_Cherry_2026Feb27-28_swe_report.txt"",""ASO_Tuolumne_Eleanor_2026Feb27-28_banded_swe.txt"",""ASO_Tuolumne_Eleanor_2026Feb27-28_swe_report.txt"",""ASO_Tuolumne_Hetchy_2026Feb27-28_banded_swe.txt"",""ASO_Tuolumne_Hetchy_2026Feb27-28_swe_report.txt"",""ASO_Tuolumne_NorthFork_2026Feb27-28_banded_swe.txt"",""ASO_Tuolumne_NorthFork_2026Feb27-28_swe_report.txt"",""ASO_Tuolumne_SouthFork_2026Feb27-28_banded_swe.txt"",""ASO_Tuolumne_SouthFork_2026Feb27-28_swe_report.txt""]"
2026-09-28T20:13:50Z,ASO_Tuolumne_2026Feb27-28_SurveyData_and_Reports,"Airborne Snow Observatories, Inc. (ASO)",USCATE20260227v0,2026-02-27,2026-02-28,/Users/jtarrico/ch13_nisar_prelim/data/rasters/aso/ca/tuo/ASO_Tuolumne_2026Feb27-28_SurveyData_and_Reports,ASO_Tuolumne_SouthFork_2026Feb27-28_banded_swe.txt,ASO_Tuolumne_SouthFork_2026Feb27-28_banded_swe.txt,text/plain,report_text,file extension,2552,96259e9f4cd1c175e3d91af3faf313c474326dd87183493ee4f784a8bb8e4992,,,,,,,,,,,,,,,,"[""ASO_Tuolumne_2026Feb27-28_banded_swe.txt"",""ASO_Tuolumne_2026Feb27-28_report_v0.pdf"",""ASO_Tuolumne_2026Feb27-28_swe_report.txt"",""ASO_Tuolumne_2026Feb27_m3w_hypso.pdf"",""ASO_Tuolumne_2026Feb27_multi_hypsometry_SWE.pdf"",""ASO_Tuolumne_2026Feb27_multi_sweVolume_STEP.pdf"",""ASO_Tuolumne_2026Feb27_radial_BB.pdf"",""ASO_Tuolumne_2026Feb27_radial_TAF.pdf"",""ASO_Tuolumne_2026Feb27_radial_VIS.pdf"",""ASO_Tuolumne_2026Feb27_radial_difference_TAF.pdf"",""ASO_Tuolumne_2026Feb27_radial_difference_sweDepth.pdf"",""ASO_Tuolumne_2026Feb27_radial_sweDepth.pdf"",""ASO_Tuolumne_2026Feb27_sweVolume_STEP_2a.pdf"",""ASO_Tuolumne_2026Feb27_swe_50m.pdf"",""ASO_Tuolumne_Cherry_2026Feb27-28_banded_swe.txt"",""ASO_Tuolumne_Cherry_2026Feb27-28_swe_report.txt"",""ASO_Tuolumne_Eleanor_2026Feb27-28_banded_swe.txt"",""ASO_Tuolumne_Eleanor_2026Feb27-28_swe_report.txt"",""ASO_Tuolumne_Hetchy_2026Feb27-28_banded_swe.txt"",""ASO_Tuolumne_Hetchy_2026Feb27-28_swe_report.txt"",""ASO_Tuolumne_NorthFork_2026Feb27-28_banded_swe.txt"",""ASO_Tuolumne_NorthFork_2026Feb27-28_swe_report.txt"",""ASO_Tuolumne_SouthFork_2026Feb27-28_banded_swe.txt"",""ASO_Tuolumne_SouthFork_2026Feb27-28_swe_report.txt""]"
2026-09-28T20:13:50Z,ASO_Tuolumne_2026Feb27-28_SurveyData_and_Reports,"Airborne Snow Observatories, Inc. (ASO)",USCATE20260227v0,2026-02-27,2026-02-28,/Users/jtarrico/ch13_nisar_prelim/data/rasters/aso/ca/tuo/ASO_Tuolumne_2026Feb27-28_SurveyData_and_Reports,ASO_Tuolumne_SouthFork_2026Feb27-28_swe_report.txt,ASO_Tuolumne_SouthFork_2026Feb27-28_swe_report.txt,text/plain,report_text,file extension,767,ed155554f7bf5ae9d57a9be2d7d35da40813996656c52a287cbb809359e459f9,,,,,,,,,,,,,,,,"[""ASO_Tuolumne_2026Feb27-28_banded_swe.txt"",""ASO_Tuolumne_2026Feb27-28_report_v0.pdf"",""ASO_Tuolumne_2026Feb27-28_swe_report.txt"",""ASO_Tuolumne_2026Feb27_m3w_hypso.pdf"",""ASO_Tuolumne_2026Feb27_multi_hypsometry_SWE.pdf"",""ASO_Tuolumne_2026Feb27_multi_sweVolume_STEP.pdf"",""ASO_Tuolumne_2026Feb27_radial_BB.pdf"",""ASO_Tuolumne_2026Feb27_radial_TAF.pdf"",""ASO_Tuolumne_2026Feb27_radial_VIS.pdf"",""ASO_Tuolumne_2026Feb27_radial_difference_TAF.pdf"",""ASO_Tuolumne_2026Feb27_radial_difference_sweDepth.pdf"",""ASO_Tuolumne_2026Feb27_radial_sweDepth.pdf"",""ASO_Tuolumne_2026Feb27_sweVolume_STEP_2a.pdf"",""ASO_Tuolumne_2026Feb27_swe_50m.pdf"",""ASO_Tuolumne_Cherry_2026Feb27-28_banded_swe.txt"",""ASO_Tuolumne_Cherry_2026Feb27-28_swe_report.txt"",""ASO_Tuolumne_Eleanor_2026Feb27-28_banded_swe.txt"",""ASO_Tuolumne_Eleanor_2026Feb27-28_swe_report.txt"",""ASO_Tuolumne_Hetchy_2026Feb27-28_banded_swe.txt"",""ASO_Tuolumne_Hetchy_2026Feb27-28_swe_report.txt"",""ASO_Tuolumne_NorthFork_2026Feb27-28_banded_swe.txt"",""ASO_Tuolumne_NorthFork_2026Feb27-28_swe_report.txt"",""ASO_Tuolumne_SouthFork_2026Feb27-28_banded_swe.txt"",""ASO_Tuolumne_SouthFork_2026Feb27-28_swe_report.txt""]"
2026-09-28T20:13:50Z,ASO_Tuolumne_2026Feb27-28_SurveyData_and_Reports,"Airborne Snow Observatories, Inc. (ASO)",USCATE20260227v0,2026-02-27,2026-02-28,/Users/jtarrico/ch13_nisar_prelim/data/rasters/aso/ca/tuo/ASO_Tuolumne_2026Feb27-28_SurveyData_and_Reports,ASO_Tuolumne_SouthFork_2026Feb27-28_swe_volume_barplot.png,ASO_Tuolumne_SouthFork_2026Feb27-28_swe_volume_barplot.png,image/png,other_file,file extension or package inventory,91675,82c5c5171a1cd8062791ef2621febdec3cd943a8dc903a8896a0c2c92767fbd2,,,,,,,,,,,,,,,,"[""ASO_Tuolumne_2026Feb27-28_banded_swe.txt"",""ASO_Tuolumne_2026Feb27-28_report_v0.pdf"",""ASO_Tuolumne_2026Feb27-28_swe_report.txt"",""ASO_Tuolumne_2026Feb27_m3w_hypso.pdf"",""ASO_Tuolumne_2026Feb27_multi_hypsometry_SWE.pdf"",""ASO_Tuolumne_2026Feb27_multi_sweVolume_STEP.pdf"",""ASO_Tuolumne_2026Feb27_radial_BB.pdf"",""ASO_Tuolumne_2026Feb27_radial_TAF.pdf"",""ASO_Tuolumne_2026Feb27_radial_VIS.pdf"",""ASO_Tuolumne_2026Feb27_radial_difference_TAF.pdf"",""ASO_Tuolumne_2026Feb27_radial_difference_sweDepth.pdf"",""ASO_Tuolumne_2026Feb27_radial_sweDepth.pdf"",""ASO_Tuolumne_2026Feb27_sweVolume_STEP_2a.pdf"",""ASO_Tuolumne_2026Feb27_swe_50m.pdf"",""ASO_Tuolumne_Cherry_2026Feb27-28_banded_swe.txt"",""ASO_Tuolumne_Cherry_2026Feb27-28_swe_report.txt"",""ASO_Tuolumne_Eleanor_2026Feb27-28_banded_swe.txt"",""ASO_Tuolumne_Eleanor_2026Feb27-28_swe_report.txt"",""ASO_Tuolumne_Hetchy_2026Feb27-28_banded_swe.txt"",""ASO_Tuolumne_Hetchy_2026Feb27-28_swe_report.txt"",""ASO_Tuolumne_NorthFork_2026Feb27-28_banded_swe.txt"",""ASO_Tuolumne_NorthFork_2026Feb27-28_swe_report.txt"",""ASO_Tuolumne_SouthFork_2026Feb27-28_banded_swe.txt"",""ASO_Tuolumne_SouthFork_2026Feb27-28_swe_report.txt""]"
2026-09-28T20:13:50Z,ASO_Tuolumne_2026Apr06_SurveyData_and_Reports,"Airborne Snow Observatories, Inc. (ASO)",USCATE20260406v0,2026-04-06,2026-04-06,/Users/jtarrico/ch13_nisar_prelim/data/rasters/aso/ca/tuo/ASO_Tuolumne_2026Apr06_SurveyData_and_Reports,ASO_Tuolumne_2026Apr06_BBalbedo_50m.tif,ASO_Tuolumne_2026Apr06_BBalbedo_50m.tif,image/tiff,albedo_raster,filename label,4231806,e1d3e5059b6b177121cfb978c4dbcc2506ecb0379f174c5cfb598cbace8d3459,,,EPSG:32611,"[50.0,0.0,212150.0,0.0,-50.0,4234850.0,0.0,0.0,1.0]","[50.0,50.0]",1896,1115,1,"[""int16""]",-9999.0,"[212150.0,4179100.0,306950.0,4234850.0]","{""AREA_OR_POINT"":""Area""}",[{}],,[],"[""ASO_Tuolumne_2026Apr06_banded_swe.txt"",""ASO_Tuolumne_2026Apr06_m3w_hypso.pdf"",""ASO_Tuolumne_2026Apr06_multi_hypsometry_SWE.pdf"",""ASO_Tuolumne_2026Apr06_multi_sweVolume_STEP.pdf"",""ASO_Tuolumne_2026Apr06_radial_BB.pdf"",""ASO_Tuolumne_2026Apr06_radial_TAF.pdf"",""ASO_Tuolumne_2026Apr06_radial_VIS.pdf"",""ASO_Tuolumne_2026Apr06_radial_difference_TAF.pdf"",""ASO_Tuolumne_2026Apr06_radial_difference_sweDepth.pdf"",""ASO_Tuolumne_2026Apr06_radial_sweDepth.pdf"",""ASO_Tuolumne_2026Apr06_report_v0.pdf"",""ASO_Tuolumne_2026Apr06_sweVolume_STEP_2a.pdf"",""ASO_Tuolumne_2026Apr06_swe_50m.pdf"",""ASO_Tuolumne_2026Apr06_swe_report.txt"",""ASO_Tuolumne_Cherry_2026Apr06_banded_swe.txt"",""ASO_Tuolumne_Cherry_2026Apr06_swe_report.txt"",""ASO_Tuolumne_Eleanor_2026Apr06_banded_swe.txt"",""ASO_Tuolumne_Eleanor_2026Apr06_swe_report.txt"",""ASO_Tuolumne_Hetchy_2026Apr06_banded_swe.txt"",""ASO_Tuolumne_Hetchy_2026Apr06_swe_report.txt"",""ASO_Tuolumne_NorthFork_2026Apr06_banded_swe.txt"",""ASO_Tuolumne_NorthFork_2026Apr06_swe_report.txt"",""ASO_Tuolumne_SouthFork_2026Apr06_banded_swe.txt"",""ASO_Tuolumne_SouthFork_2026Apr06_swe_report.txt""]"
2026-09-28T20:13:50Z,ASO_Tuolumne_2026Apr06_SurveyData_and_Reports,"Airborne Snow Observatories, Inc. (ASO)",USCATE20260406v0,2026-04-06,2026-04-06,/Users/jtarrico/ch13_nisar_prelim/data/rasters/aso/ca/tuo/ASO_Tuolumne_2026Apr06_SurveyData_and_Reports,ASO_Tuolumne_2026Apr06_NIRalbedo_50m.tif,ASO_Tuolumne_2026Apr06_NIRalbedo_50m.tif,image/tiff,albedo_raster,filename label,4231806,23365d829fa4f490a57adf726198ba5264ccf492733df25939e516d115a3fad6,,,EPSG:32611,"[50.0,0.0,212150.0,0.0,-50.0,4234850.0,0.0,0.0,1.0]","[50.0,50.0]",1896,1115,1,"[""int16""]",-9999.0,"[212150.0,4179100.0,306950.0,4234850.0]","{""AREA_OR_POINT"":""Area""}",[{}],,[],"[""ASO_Tuolumne_2026Apr06_banded_swe.txt"",""ASO_Tuolumne_2026Apr06_m3w_hypso.pdf"",""ASO_Tuolumne_2026Apr06_multi_hypsometry_SWE.pdf"",""ASO_Tuolumne_2026Apr06_multi_sweVolume_STEP.pdf"",""ASO_Tuolumne_2026Apr06_radial_BB.pdf"",""ASO_Tuolumne_2026Apr06_radial_TAF.pdf"",""ASO_Tuolumne_2026Apr06_radial_VIS.pdf"",""ASO_Tuolumne_2026Apr06_radial_difference_TAF.pdf"",""ASO_Tuolumne_2026Apr06_radial_difference_sweDepth.pdf"",""ASO_Tuolumne_2026Apr06_radial_sweDepth.pdf"",""ASO_Tuolumne_2026Apr06_report_v0.pdf"",""ASO_Tuolumne_2026Apr06_sweVolume_STEP_2a.pdf"",""ASO_Tuolumne_2026Apr06_swe_50m.pdf"",""ASO_Tuolumne_2026Apr06_swe_report.txt"",""ASO_Tuolumne_Cherry_2026Apr06_banded_swe.txt"",""ASO_Tuolumne_Cherry_2026Apr06_swe_report.txt"",""ASO_Tuolumne_Eleanor_2026Apr06_banded_swe.txt"",""ASO_Tuolumne_Eleanor_2026Apr06_swe_report.txt"",""ASO_Tuolumne_Hetchy_2026Apr06_banded_swe.txt"",""ASO_Tuolumne_Hetchy_2026Apr06_swe_report.txt"",""ASO_Tuolumne_NorthFork_2026Apr06_banded_swe.txt"",""ASO_Tuolumne_NorthFork_2026Apr06_swe_report.txt"",""ASO_Tuolumne_SouthFork_2026Apr06_banded_swe.txt"",""ASO_Tuolumne_SouthFork_2026Apr06_swe_report.txt""]"
2026-09-28T20:13:50Z,ASO_Tuolumne_2026Apr06_SurveyData_and_Reports,"Airborne Snow Observatories, Inc. (ASO)",USCATE20260406v0,2026-04-06,2026-04-06,/Users/jtarrico/ch13_nisar_prelim/data/rasters/aso/ca/tuo/ASO_Tuolumne_2026Apr06_SurveyData_and_Reports,ASO_Tuolumne_2026Apr06_VISalbedo_50m.tif,ASO_Tuolumne_2026Apr06_VISalbedo_50m.tif,image/tiff,albedo_raster,filename label,4231806,3a1875c8c5009173b8e3001ee93e95512223279e3ae33570cda432b6a9616838,,,EPSG:32611,"[50.0,0.0,212150.0,0.0,-50.0,4234850.0,0.0,0.0,1.0]","[50.0,50.0]",1896,1115,1,"[""int16""]",-9999.0,"[212150.0,4179100.0,306950.0,4234850.0]","{""AREA_OR_POINT"":""Area""}",[{}],,[],"[""ASO_Tuolumne_2026Apr06_banded_swe.txt"",""ASO_Tuolumne_2026Apr06_m3w_hypso.pdf"",""ASO_Tuolumne_2026Apr06_multi_hypsometry_SWE.pdf"",""ASO_Tuolumne_2026Apr06_multi_sweVolume_STEP.pdf"",""ASO_Tuolumne_2026Apr06_radial_BB.pdf"",""ASO_Tuolumne_2026Apr06_radial_TAF.pdf"",""ASO_Tuolumne_2026Apr06_radial_VIS.pdf"",""ASO_Tuolumne_2026Apr06_radial_difference_TAF.pdf"",""ASO_Tuolumne_2026Apr06_radial_difference_sweDepth.pdf"",""ASO_Tuolumne_2026Apr06_radial_sweDepth.pdf"",""ASO_Tuolumne_2026Apr06_report_v0.pdf"",""ASO_Tuolumne_2026Apr06_sweVolume_STEP_2a.pdf"",""ASO_Tuolumne_2026Apr06_swe_50m.pdf"",""ASO_Tuolumne_2026Apr06_swe_report.txt"",""ASO_Tuolumne_Cherry_2026Apr06_banded_swe.txt"",""ASO_Tuolumne_Cherry_2026Apr06_swe_report.txt"",""ASO_Tuolumne_Eleanor_2026Apr06_banded_swe.txt"",""ASO_Tuolumne_Eleanor_2026Apr06_swe_report.txt"",""ASO_Tuolumne_Hetchy_2026Apr06_banded_swe.txt"",""ASO_Tuolumne_Hetchy_2026Apr06_swe_report.txt"",""ASO_Tuolumne_NorthFork_2026Apr06_banded_swe.txt"",""ASO_Tuolumne_NorthFork_2026Apr06_swe_report.txt"",""ASO_Tuolumne_SouthFork_2026Apr06_banded_swe.txt"",""ASO_Tuolumne_SouthFork_2026Apr06_swe_report.txt""]"
2026-09-28T20:13:50Z,ASO_Tuolumne_2026Apr06_SurveyData_and_Reports,"Airborne Snow Observatories, Inc. (ASO)",USCATE20260406v0,2026-04-06,2026-04-06,/Users/jtarrico/ch13_nisar_prelim/data/rasters/aso/ca/tuo/ASO_Tuolumne_2026Apr06_SurveyData_and_Reports,ASO_Tuolumne_2026Apr06_banded_swe.txt,ASO_Tuolumne_2026Apr06_banded_swe.txt,text/plain,report_text,file extension,2521,a950952aa9b975c4cbe56677ee89e05cce2208b051a6282ba5ea71aed9b96d4b,,,,,,,,,,,,,,,,"[""ASO_Tuolumne_2026Apr06_banded_swe.txt"",""ASO_Tuolumne_2026Apr06_m3w_hypso.pdf"",""ASO_Tuolumne_2026Apr06_multi_hypsometry_SWE.pdf"",""ASO_Tuolumne_2026Apr06_multi_sweVolume_STEP.pdf"",""ASO_Tuolumne_2026Apr06_radial_BB.pdf"",""ASO_Tuolumne_2026Apr06_radial_TAF.pdf"",""ASO_Tuolumne_2026Apr06_radial_VIS.pdf"",""ASO_Tuolumne_2026Apr06_radial_difference_TAF.pdf"",""ASO_Tuolumne_2026Apr06_radial_difference_sweDepth.pdf"",""ASO_Tuolumne_2026Apr06_radial_sweDepth.pdf"",""ASO_Tuolumne_2026Apr06_report_v0.pdf"",""ASO_Tuolumne_2026Apr06_sweVolume_STEP_2a.pdf"",""ASO_Tuolumne_2026Apr06_swe_50m.pdf"",""ASO_Tuolumne_2026Apr06_swe_report.txt"",""ASO_Tuolumne_Cherry_2026Apr06_banded_swe.txt"",""ASO_Tuolumne_Cherry_2026Apr06_swe_report.txt"",""ASO_Tuolumne_Eleanor_2026Apr06_banded_swe.txt"",""ASO_Tuolumne_Eleanor_2026Apr06_swe_report.txt"",""ASO_Tuolumne_Hetchy_2026Apr06_banded_swe.txt"",""ASO_Tuolumne_Hetchy_2026Apr06_swe_report.txt"",""ASO_Tuolumne_NorthFork_2026Apr06_banded_swe.txt"",""ASO_Tuolumne_NorthFork_2026Apr06_swe_report.txt"",""ASO_Tuolumne_SouthFork_2026Apr06_banded_swe.txt"",""ASO_Tuolumne_SouthFork_2026Apr06_swe_report.txt""]"
2026-09-28T20:13:50Z,ASO_Tuolumne_2026Apr06_SurveyData_and_Reports,"Airborne Snow Observatories, Inc. (ASO)",USCATE20260406v0,2026-04-06,2026-04-06,/Users/jtarrico/ch13_nisar_prelim/data/rasters/aso/ca/tuo/ASO_Tuolumne_2026Apr06_SurveyData_and_Reports,ASO_Tuolumne_2026Apr06_m3w_hypso.pdf,ASO_Tuolumne_2026Apr06_m3w_hypso.pdf,application/pdf,report_pdf,file extension,16122,b305ecb96a5442ddd1da2641135b52abd2649bbf00c88aea4839225e1fdf78b4,,,,,,,,,,,,,,,,"[""ASO_Tuolumne_2026Apr06_banded_swe.txt"",""ASO_Tuolumne_2026Apr06_m3w_hypso.pdf"",""ASO_Tuolumne_2026Apr06_multi_hypsometry_SWE.pdf"",""ASO_Tuolumne_2026Apr06_multi_sweVolume_STEP.pdf"",""ASO_Tuolumne_2026Apr06_radial_BB.pdf"",""ASO_Tuolumne_2026Apr06_radial_TAF.pdf"",""ASO_Tuolumne_2026Apr06_radial_VIS.pdf"",""ASO_Tuolumne_2026Apr06_radial_difference_TAF.pdf"",""ASO_Tuolumne_2026Apr06_radial_difference_sweDepth.pdf"",""ASO_Tuolumne_2026Apr06_radial_sweDepth.pdf"",""ASO_Tuolumne_2026Apr06_report_v0.pdf"",""ASO_Tuolumne_2026Apr06_sweVolume_STEP_2a.pdf"",""ASO_Tuolumne_2026Apr06_swe_50m.pdf"",""ASO_Tuolumne_2026Apr06_swe_report.txt"",""ASO_Tuolumne_Cherry_2026Apr06_banded_swe.txt"",""ASO_Tuolumne_Cherry_2026Apr06_swe_report.txt"",""ASO_Tuolumne_Eleanor_2026Apr06_banded_swe.txt"",""ASO_Tuolumne_Eleanor_2026Apr06_swe_report.txt"",""ASO_Tuolumne_Hetchy_2026Apr06_banded_swe.txt"",""ASO_Tuolumne_Hetchy_2026Apr06_swe_report.txt"",""ASO_Tuolumne_NorthFork_2026Apr06_banded_swe.txt"",""ASO_Tuolumne_NorthFork_2026Apr06_swe_report.txt"",""ASO_Tuolumne_SouthFork_2026Apr06_banded_swe.txt"",""ASO_Tuolumne_SouthFork_2026Apr06_swe_report.txt""]"
2026-09-28T20:13:50Z,ASO_Tuolumne_2026Apr06_SurveyData_and_Reports,"Airborne Snow Observatories, Inc. (ASO)",USCATE20260406v0,2026-04-06,2026-04-06,/Users/jtarrico/ch13_nisar_prelim/data/rasters/aso/ca/tuo/ASO_Tuolumne_2026Apr06_SurveyData_and_Reports,ASO_Tuolumne_2026Apr06_multi_hypsometry_SWE.pdf,ASO_Tuolumne_2026Apr06_multi_hypsometry_SWE.pdf,application/pdf,report_pdf,file extension,20503,203176f28cfb3d41c297f344ac8854a1e161a530b8853baeebf8437ac1e7ef4a,,,,,,,,,,,,,,,,"[""ASO_Tuolumne_2026Apr06_banded_swe.txt"",""ASO_Tuolumne_2026Apr06_m3w_hypso.pdf"",""ASO_Tuolumne_2026Apr06_multi_hypsometry_SWE.pdf"",""ASO_Tuolumne_2026Apr06_multi_sweVolume_STEP.pdf"",""ASO_Tuolumne_2026Apr06_radial_BB.pdf"",""ASO_Tuolumne_2026Apr06_radial_TAF.pdf"",""ASO_Tuolumne_2026Apr06_radial_VIS.pdf"",""ASO_Tuolumne_2026Apr06_radial_difference_TAF.pdf"",""ASO_Tuolumne_2026Apr06_radial_difference_sweDepth.pdf"",""ASO_Tuolumne_2026Apr06_radial_sweDepth.pdf"",""ASO_Tuolumne_2026Apr06_report_v0.pdf"",""ASO_Tuolumne_2026Apr06_sweVolume_STEP_2a.pdf"",""ASO_Tuolumne_2026Apr06_swe_50m.pdf"",""ASO_Tuolumne_2026Apr06_swe_report.txt"",""ASO_Tuolumne_Cherry_2026Apr06_banded_swe.txt"",""ASO_Tuolumne_Cherry_2026Apr06_swe_report.txt"",""ASO_Tuolumne_Eleanor_2026Apr06_banded_swe.txt"",""ASO_Tuolumne_Eleanor_2026Apr06_swe_report.txt"",""ASO_Tuolumne_Hetchy_2026Apr06_banded_swe.txt"",""ASO_Tuolumne_Hetchy_2026Apr06_swe_report.txt"",""ASO_Tuolumne_NorthFork_2026Apr06_banded_swe.txt"",""ASO_Tuolumne_NorthFork_2026Apr06_swe_report.txt"",""ASO_Tuolumne_SouthFork_2026Apr06_banded_swe.txt"",""ASO_Tuolumne_SouthFork_2026Apr06_swe_report.txt""]"
2026-09-28T20:13:50Z,ASO_Tuolumne_2026Apr06_SurveyData_and_Reports,"Airborne Snow Observatories, Inc. (ASO)",USCATE20260406v0,2026-04-06,2026-04-06,/Users/jtarrico/ch13_nisar_prelim/data/rasters/aso/ca/tuo/ASO_Tuolumne_2026Apr06_SurveyData_and_Reports,ASO_Tuolumne_2026Apr06_multi_sweVolume_STEP.pdf,ASO_Tuolumne_2026Apr06_multi_sweVolume_STEP.pdf,application/pdf,report_pdf,file extension,17771,6c70d7f0c68f5e6b57d4f22cd31a6d9eb8f94a5dc93202982e921a7733db181a,,,,,,,,,,,,,,,,"[""ASO_Tuolumne_2026Apr06_banded_swe.txt"",""ASO_Tuolumne_2026Apr06_m3w_hypso.pdf"",""ASO_Tuolumne_2026Apr06_multi_hypsometry_SWE.pdf"",""ASO_Tuolumne_2026Apr06_multi_sweVolume_STEP.pdf"",""ASO_Tuolumne_2026Apr06_radial_BB.pdf"",""ASO_Tuolumne_2026Apr06_radial_TAF.pdf"",""ASO_Tuolumne_2026Apr06_radial_VIS.pdf"",""ASO_Tuolumne_2026Apr06_radial_difference_TAF.pdf"",""ASO_Tuolumne_2026Apr06_radial_difference_sweDepth.pdf"",""ASO_Tuolumne_2026Apr06_radial_sweDepth.pdf"",""ASO_Tuolumne_2026Apr06_report_v0.pdf"",""ASO_Tuolumne_2026Apr06_sweVolume_STEP_2a.pdf"",""ASO_Tuolumne_2026Apr06_swe_50m.pdf"",""ASO_Tuolumne_2026Apr06_swe_report.txt"",""ASO_Tuolumne_Cherry_2026Apr06_banded_swe.txt"",""ASO_Tuolumne_Cherry_2026Apr06_swe_report.txt"",""ASO_Tuolumne_Eleanor_2026Apr06_banded_swe.txt"",""ASO_Tuolumne_Eleanor_2026Apr06_swe_report.txt"",""ASO_Tuolumne_Hetchy_2026Apr06_banded_swe.txt"",""ASO_Tuolumne_Hetchy_2026Apr06_swe_report.txt"",""ASO_Tuolumne_NorthFork_2026Apr06_banded_swe.txt"",""ASO_Tuolumne_NorthFork_2026Apr06_swe_report.txt"",""ASO_Tuolumne_SouthFork_2026Apr06_banded_swe.txt"",""ASO_Tuolumne_SouthFork_2026Apr06_swe_report.txt""]"
2026-09-28T20:13:50Z,ASO_Tuolumne_2026Apr06_SurveyData_and_Reports,"Airborne Snow Observatories, Inc. (ASO)",USCATE20260406v0,2026-04-06,2026-04-06,/Users/jtarrico/ch13_nisar_prelim/data/rasters/aso/ca/tuo/ASO_Tuolumne_2026Apr06_SurveyData_and_Reports,ASO_Tuolumne_2026Apr06_radial_BB.pdf,ASO_Tuolumne_2026Apr06_radial_BB.pdf,application/pdf,report_pdf,file extension,142581,f483c3597441f5b0bfb6d50270b527b46507cd9a434651dc335950940543b7b5,,,,,,,,,,,,,,,,"[""ASO_Tuolumne_2026Apr06_banded_swe.txt"",""ASO_Tuolumne_2026Apr06_m3w_hypso.pdf"",""ASO_Tuolumne_2026Apr06_multi_hypsometry_SWE.pdf"",""ASO_Tuolumne_2026Apr06_multi_sweVolume_STEP.pdf"",""ASO_Tuolumne_2026Apr06_radial_BB.pdf"",""ASO_Tuolumne_2026Apr06_radial_TAF.pdf"",""ASO_Tuolumne_2026Apr06_radial_VIS.pdf"",""ASO_Tuolumne_2026Apr06_radial_difference_TAF.pdf"",""ASO_Tuolumne_2026Apr06_radial_difference_sweDepth.pdf"",""ASO_Tuolumne_2026Apr06_radial_sweDepth.pdf"",""ASO_Tuolumne_2026Apr06_report_v0.pdf"",""ASO_Tuolumne_2026Apr06_sweVolume_STEP_2a.pdf"",""ASO_Tuolumne_2026Apr06_swe_50m.pdf"",""ASO_Tuolumne_2026Apr06_swe_report.txt"",""ASO_Tuolumne_Cherry_2026Apr06_banded_swe.txt"",""ASO_Tuolumne_Cherry_2026Apr06_swe_report.txt"",""ASO_Tuolumne_Eleanor_2026Apr06_banded_swe.txt"",""ASO_Tuolumne_Eleanor_2026Apr06_swe_report.txt"",""ASO_Tuolumne_Hetchy_2026Apr06_banded_swe.txt"",""ASO_Tuolumne_Hetchy_2026Apr06_swe_report.txt"",""ASO_Tuolumne_NorthFork_2026Apr06_banded_swe.txt"",""ASO_Tuolumne_NorthFork_2026Apr06_swe_report.txt"",""ASO_Tuolumne_SouthFork_2026Apr06_banded_swe.txt"",""ASO_Tuolumne_SouthFork_2026Apr06_swe_report.txt""]"
2026-09-28T20:13:50Z,ASO_Tuolumne_2026Apr06_SurveyData_and_Reports,"Airborne Snow Observatories, Inc. (ASO)",USCATE20260406v0,2026-04-06,2026-04-06,/Users/jtarrico/ch13_nisar_prelim/data/rasters/aso/ca/tuo/ASO_Tuolumne_2026Apr06_SurveyData_and_Reports,ASO_Tuolumne_2026Apr06_radial_TAF.pdf,ASO_Tuolumne_2026Apr06_radial_TAF.pdf,application/pdf,report_pdf,file extension,100873,f0d063f2dd4d98fec6f0cf7f1474eba3dcc6100536faf2e38979c8b2bc9316c1,,,,,,,,,,,,,,,,"[""ASO_Tuolumne_2026Apr06_banded_swe.txt"",""ASO_Tuolumne_2026Apr06_m3w_hypso.pdf"",""ASO_Tuolumne_2026Apr06_multi_hypsometry_SWE.pdf"",""ASO_Tuolumne_2026Apr06_multi_sweVolume_STEP.pdf"",""ASO_Tuolumne_2026Apr06_radial_BB.pdf"",""ASO_Tuolumne_2026Apr06_radial_TAF.pdf"",""ASO_Tuolumne_2026Apr06_radial_VIS.pdf"",""ASO_Tuolumne_2026Apr06_radial_difference_TAF.pdf"",""ASO_Tuolumne_2026Apr06_radial_difference_sweDepth.pdf"",""ASO_Tuolumne_2026Apr06_radial_sweDepth.pdf"",""ASO_Tuolumne_2026Apr06_report_v0.pdf"",""ASO_Tuolumne_2026Apr06_sweVolume_STEP_2a.pdf"",""ASO_Tuolumne_2026Apr06_swe_50m.pdf"",""ASO_Tuolumne_2026Apr06_swe_report.txt"",""ASO_Tuolumne_Cherry_2026Apr06_banded_swe.txt"",""ASO_Tuolumne_Cherry_2026Apr06_swe_report.txt"",""ASO_Tuolumne_Eleanor_2026Apr06_banded_swe.txt"",""ASO_Tuolumne_Eleanor_2026Apr06_swe_report.txt"",""ASO_Tuolumne_Hetchy_2026Apr06_banded_swe.txt"",""ASO_Tuolumne_Hetchy_2026Apr06_swe_report.txt"",""ASO_Tuolumne_NorthFork_2026Apr06_banded_swe.txt"",""ASO_Tuolumne_NorthFork_2026Apr06_swe_report.txt"",""ASO_Tuolumne_SouthFork_2026Apr06_banded_swe.txt"",""ASO_Tuolumne_SouthFork_2026Apr06_swe_report.txt""]"
2026-09-28T20:13:50Z,ASO_Tuolumne_2026Apr06_SurveyData_and_Reports,"Airborne Snow Observatories, Inc. (ASO)",USCATE20260406v0,2026-04-06,2026-04-06,/Users/jtarrico/ch13_nisar_prelim/data/rasters/aso/ca/tuo/ASO_Tuolumne_2026Apr06_SurveyData_and_Reports,ASO_Tuolumne_2026Apr06_radial_VIS.pdf,ASO_Tuolumne_2026Apr06_radial_VIS.pdf,application/pdf,report_pdf,file extension,141929,10ad8c64006411fc0363c6ab3d59b46d26582eebad0b241c69da6312250b3064,,,,,,,,,,,,,,,,"[""ASO_Tuolumne_2026Apr06_banded_swe.txt"",""ASO_Tuolumne_2026Apr06_m3w_hypso.pdf"",""ASO_Tuolumne_2026Apr06_multi_hypsometry_SWE.pdf"",""ASO_Tuolumne_2026Apr06_multi_sweVolume_STEP.pdf"",""ASO_Tuolumne_2026Apr06_radial_BB.pdf"",""ASO_Tuolumne_2026Apr06_radial_TAF.pdf"",""ASO_Tuolumne_2026Apr06_radial_VIS.pdf"",""ASO_Tuolumne_2026Apr06_radial_difference_TAF.pdf"",""ASO_Tuolumne_2026Apr06_radial_difference_sweDepth.pdf"",""ASO_Tuolumne_2026Apr06_radial_sweDepth.pdf"",""ASO_Tuolumne_2026Apr06_report_v0.pdf"",""ASO_Tuolumne_2026Apr06_sweVolume_STEP_2a.pdf"",""ASO_Tuolumne_2026Apr06_swe_50m.pdf"",""ASO_Tuolumne_2026Apr06_swe_report.txt"",""ASO_Tuolumne_Cherry_2026Apr06_banded_swe.txt"",""ASO_Tuolumne_Cherry_2026Apr06_swe_report.txt"",""ASO_Tuolumne_Eleanor_2026Apr06_banded_swe.txt"",""ASO_Tuolumne_Eleanor_2026Apr06_swe_report.txt"",""ASO_Tuolumne_Hetchy_2026Apr06_banded_swe.txt"",""ASO_Tuolumne_Hetchy_2026Apr06_swe_report.txt"",""ASO_Tuolumne_NorthFork_2026Apr06_banded_swe.txt"",""ASO_Tuolumne_NorthFork_2026Apr06_swe_report.txt"",""ASO_Tuolumne_SouthFork_2026Apr06_banded_swe.txt"",""ASO_Tuolumne_SouthFork_2026Apr06_swe_report.txt""]"
2026-09-28T20:13:50Z,ASO_Tuolumne_2026Apr06_SurveyData_and_Reports,"Airborne Snow Observatories, Inc. (ASO)",USCATE20260406v0,2026-04-06,2026-04-06,/Users/jtarrico/ch13_nisar_prelim/data/rasters/aso/ca/tuo/ASO_Tuolumne_2026Apr06_SurveyData_and_Reports,ASO_Tuolumne_2026Apr06_radial_difference_TAF.pdf,ASO_Tuolumne_2026Apr06_radial_difference_TAF.pdf,application/pdf,report_pdf,file extension,103296,9ed8d65991192e6528c64a2bd7270e64305f19a135509a22d25e7322b9375272,,,,,,,,,,,,,,,,"[""ASO_Tuolumne_2026Apr06_banded_swe.txt"",""ASO_Tuolumne_2026Apr06_m3w_hypso.pdf"",""ASO_Tuolumne_2026Apr06_multi_hypsometry_SWE.pdf"",""ASO_Tuolumne_2026Apr06_multi_sweVolume_STEP.pdf"",""ASO_Tuolumne_2026Apr06_radial_BB.pdf"",""ASO_Tuolumne_2026Apr06_radial_TAF.pdf"",""ASO_Tuolumne_2026Apr06_radial_VIS.pdf"",""ASO_Tuolumne_2026Apr06_radial_difference_TAF.pdf"",""ASO_Tuolumne_2026Apr06_radial_difference_sweDepth.pdf"",""ASO_Tuolumne_2026Apr06_radial_sweDepth.pdf"",""ASO_Tuolumne_2026Apr06_report_v0.pdf"",""ASO_Tuolumne_2026Apr06_sweVolume_STEP_2a.pdf"",""ASO_Tuolumne_2026Apr06_swe_50m.pdf"",""ASO_Tuolumne_2026Apr06_swe_report.txt"",""ASO_Tuolumne_Cherry_2026Apr06_banded_swe.txt"",""ASO_Tuolumne_Cherry_2026Apr06_swe_report.txt"",""ASO_Tuolumne_Eleanor_2026Apr06_banded_swe.txt"",""ASO_Tuolumne_Eleanor_2026Apr06_swe_report.txt"",""ASO_Tuolumne_Hetchy_2026Apr06_banded_swe.txt"",""ASO_Tuolumne_Hetchy_2026Apr06_swe_report.txt"",""ASO_Tuolumne_NorthFork_2026Apr06_banded_swe.txt"",""ASO_Tuolumne_NorthFork_2026Apr06_swe_report.txt"",""ASO_Tuolumne_SouthFork_2026Apr06_banded_swe.txt"",""ASO_Tuolumne_SouthFork_2026Apr06_swe_report.txt""]"
2026-09-28T20:13:50Z,ASO_Tuolumne_2026Apr06_SurveyData_and_Reports,"Airborne Snow Observatories, Inc. (ASO)",USCATE20260406v0,2026-04-06,2026-04-06,/Users/jtarrico/ch13_nisar_prelim/data/rasters/aso/ca/tuo/ASO_Tuolumne_2026Apr06_SurveyData_and_Reports,ASO_Tuolumne_2026Apr06_radial_difference_sweDepth.pdf,ASO_Tuolumne_2026Apr06_radial_difference_sweDepth.pdf,application/pdf,report_pdf,file extension,115230,be156f00219f7d68ea829bc50fe253d07aae8baa49db40cb4a83d90837bb69f8,,,,,,,,,,,,,,,,"[""ASO_Tuolumne_2026Apr06_banded_swe.txt"",""ASO_Tuolumne_2026Apr06_m3w_hypso.pdf"",""ASO_Tuolumne_2026Apr06_multi_hypsometry_SWE.pdf"",""ASO_Tuolumne_2026Apr06_multi_sweVolume_STEP.pdf"",""ASO_Tuolumne_2026Apr06_radial_BB.pdf"",""ASO_Tuolumne_2026Apr06_radial_TAF.pdf"",""ASO_Tuolumne_2026Apr06_radial_VIS.pdf"",""ASO_Tuolumne_2026Apr06_radial_difference_TAF.pdf"",""ASO_Tuolumne_2026Apr06_radial_difference_sweDepth.pdf"",""ASO_Tuolumne_2026Apr06_radial_sweDepth.pdf"",""ASO_Tuolumne_2026Apr06_report_v0.pdf"",""ASO_Tuolumne_2026Apr06_sweVolume_STEP_2a.pdf"",""ASO_Tuolumne_2026Apr06_swe_50m.pdf"",""ASO_Tuolumne_2026Apr06_swe_report.txt"",""ASO_Tuolumne_Cherry_2026Apr06_banded_swe.txt"",""ASO_Tuolumne_Cherry_2026Apr06_swe_report.txt"",""ASO_Tuolumne_Eleanor_2026Apr06_banded_swe.txt"",""ASO_Tuolumne_Eleanor_2026Apr06_swe_report.txt"",""ASO_Tuolumne_Hetchy_2026Apr06_banded_swe.txt"",""ASO_Tuolumne_Hetchy_2026Apr06_swe_report.txt"",""ASO_Tuolumne_NorthFork_2026Apr06_banded_swe.txt"",""ASO_Tuolumne_NorthFork_2026Apr06_swe_report.txt"",""ASO_Tuolumne_SouthFork_2026Apr06_banded_swe.txt"",""ASO_Tuolumne_SouthFork_2026Apr06_swe_report.txt""]"
2026-09-28T20:13:50Z,ASO_Tuolumne_2026Apr06_SurveyData_and_Reports,"Airborne Snow Observatories, Inc. (ASO)",USCATE20260406v0,2026-04-06,2026-04-06,/Users/jtarrico/ch13_nisar_prelim/data/rasters/aso/ca/tuo/ASO_Tuolumne_2026Apr06_SurveyData_and_Reports,ASO_Tuolumne_2026Apr06_radial_sweDepth.pdf,ASO_Tuolumne_2026Apr06_radial_sweDepth.pdf,application/pdf,report_pdf,file extension,113336,a059ec97b97223fa8a322cb17674290894799636717a15e9b359f14dc3ac264f,,,,,,,,,,,,,,,,"[""ASO_Tuolumne_2026Apr06_banded_swe.txt"",""ASO_Tuolumne_2026Apr06_m3w_hypso.pdf"",""ASO_Tuolumne_2026Apr06_multi_hypsometry_SWE.pdf"",""ASO_Tuolumne_2026Apr06_multi_sweVolume_STEP.pdf"",""ASO_Tuolumne_2026Apr06_radial_BB.pdf"",""ASO_Tuolumne_2026Apr06_radial_TAF.pdf"",""ASO_Tuolumne_2026Apr06_radial_VIS.pdf"",""ASO_Tuolumne_2026Apr06_radial_difference_TAF.pdf"",""ASO_Tuolumne_2026Apr06_radial_difference_sweDepth.pdf"",""ASO_Tuolumne_2026Apr06_radial_sweDepth.pdf"",""ASO_Tuolumne_2026Apr06_report_v0.pdf"",""ASO_Tuolumne_2026Apr06_sweVolume_STEP_2a.pdf"",""ASO_Tuolumne_2026Apr06_swe_50m.pdf"",""ASO_Tuolumne_2026Apr06_swe_report.txt"",""ASO_Tuolumne_Cherry_2026Apr06_banded_swe.txt"",""ASO_Tuolumne_Cherry_2026Apr06_swe_report.txt"",""ASO_Tuolumne_Eleanor_2026Apr06_banded_swe.txt"",""ASO_Tuolumne_Eleanor_2026Apr06_swe_report.txt"",""ASO_Tuolumne_Hetchy_2026Apr06_banded_swe.txt"",""ASO_Tuolumne_Hetchy_2026Apr06_swe_report.txt"",""ASO_Tuolumne_NorthFork_2026Apr06_banded_swe.txt"",""ASO_Tuolumne_NorthFork_2026Apr06_swe_report.txt"",""ASO_Tuolumne_SouthFork_2026Apr06_banded_swe.txt"",""ASO_Tuolumne_SouthFork_2026Apr06_swe_report.txt""]"
2026-09-28T20:13:50Z,ASO_Tuolumne_2026Apr06_SurveyData_and_Reports,"Airborne Snow Observatories, Inc. (ASO)",USCATE20260406v0,2026-04-06,2026-04-06,/Users/jtarrico/ch13_nisar_prelim/data/rasters/aso/ca/tuo/ASO_Tuolumne_2026Apr06_SurveyData_and_Reports,ASO_Tuolumne_2026Apr06_report_v0.pdf,ASO_Tuolumne_2026Apr06_report_v0.pdf,application/pdf,report_pdf,file extension,1993256,e802878d636849f77c549c9bff9ef35c83cdc3fc80c3b14b8704b2cda86eb6e4,,,,,,,,,,,,,,,,"[""ASO_Tuolumne_2026Apr06_banded_swe.txt"",""ASO_Tuolumne_2026Apr06_m3w_hypso.pdf"",""ASO_Tuolumne_2026Apr06_multi_hypsometry_SWE.pdf"",""ASO_Tuolumne_2026Apr06_multi_sweVolume_STEP.pdf"",""ASO_Tuolumne_2026Apr06_radial_BB.pdf"",""ASO_Tuolumne_2026Apr06_radial_TAF.pdf"",""ASO_Tuolumne_2026Apr06_radial_VIS.pdf"",""ASO_Tuolumne_2026Apr06_radial_difference_TAF.pdf"",""ASO_Tuolumne_2026Apr06_radial_difference_sweDepth.pdf"",""ASO_Tuolumne_2026Apr06_radial_sweDepth.pdf"",""ASO_Tuolumne_2026Apr06_report_v0.pdf"",""ASO_Tuolumne_2026Apr06_sweVolume_STEP_2a.pdf"",""ASO_Tuolumne_2026Apr06_swe_50m.pdf"",""ASO_Tuolumne_2026Apr06_swe_report.txt"",""ASO_Tuolumne_Cherry_2026Apr06_banded_swe.txt"",""ASO_Tuolumne_Cherry_2026Apr06_swe_report.txt"",""ASO_Tuolumne_Eleanor_2026Apr06_banded_swe.txt"",""ASO_Tuolumne_Eleanor_2026Apr06_swe_report.txt"",""ASO_Tuolumne_Hetchy_2026Apr06_banded_swe.txt"",""ASO_Tuolumne_Hetchy_2026Apr06_swe_report.txt"",""ASO_Tuolumne_NorthFork_2026Apr06_banded_swe.txt"",""ASO_Tuolumne_NorthFork_2026Apr06_swe_report.txt"",""ASO_Tuolumne_SouthFork_2026Apr06_banded_swe.txt"",""ASO_Tuolumne_SouthFork_2026Apr06_swe_report.txt""]"
2026-09-28T20:13:50Z,ASO_Tuolumne_2026Apr06_SurveyData_and_Reports,"Airborne Snow Observatories, Inc. (ASO)",USCATE20260406v0,2026-04-06,2026-04-06,/Users/jtarrico/ch13_nisar_prelim/data/rasters/aso/ca/tuo/ASO_Tuolumne_2026Apr06_SurveyData_and_Reports,ASO_Tuolumne_2026Apr06_snowdepth_3m.tif,ASO_Tuolumne_2026Apr06_snowdepth_3m.tif,image/tiff,snow_depth_raster_candidate,filename label,2322065314,9c91aeec639e24083543e16ed00a038911ad041812bcc27aab1861954670a38e,,package report gives mean depth in m (ASO_Tuolumne_SouthFork_2026Apr06_swe_report.txt); exact raster linkage is not stated,EPSG:32611,"[3.0,0.0,212352.0,0.0,-3.0,4234641.0,0.0,0.0,1.0]","[3.0,3.0]",31464,18449,1,"[""float32""]",-9999.0,"[212352.0,4179294.0,306744.0,4234641.0]","{""AREA_OR_POINT"":""Area""}",[{}],,[],"[""ASO_Tuolumne_2026Apr06_banded_swe.txt"",""ASO_Tuolumne_2026Apr06_m3w_hypso.pdf"",""ASO_Tuolumne_2026Apr06_multi_hypsometry_SWE.pdf"",""ASO_Tuolumne_2026Apr06_multi_sweVolume_STEP.pdf"",""ASO_Tuolumne_2026Apr06_radial_BB.pdf"",""ASO_Tuolumne_2026Apr06_radial_TAF.pdf"",""ASO_Tuolumne_2026Apr06_radial_VIS.pdf"",""ASO_Tuolumne_2026Apr06_radial_difference_TAF.pdf"",""ASO_Tuolumne_2026Apr06_radial_difference_sweDepth.pdf"",""ASO_Tuolumne_2026Apr06_radial_sweDepth.pdf"",""ASO_Tuolumne_2026Apr06_report_v0.pdf"",""ASO_Tuolumne_2026Apr06_sweVolume_STEP_2a.pdf"",""ASO_Tuolumne_2026Apr06_swe_50m.pdf"",""ASO_Tuolumne_2026Apr06_swe_report.txt"",""ASO_Tuolumne_Cherry_2026Apr06_banded_swe.txt"",""ASO_Tuolumne_Cherry_2026Apr06_swe_report.txt"",""ASO_Tuolumne_Eleanor_2026Apr06_banded_swe.txt"",""ASO_Tuolumne_Eleanor_2026Apr06_swe_report.txt"",""ASO_Tuolumne_Hetchy_2026Apr06_banded_swe.txt"",""ASO_Tuolumne_Hetchy_2026Apr06_swe_report.txt"",""ASO_Tuolumne_NorthFork_2026Apr06_banded_swe.txt"",""ASO_Tuolumne_NorthFork_2026Apr06_swe_report.txt"",""ASO_Tuolumne_SouthFork_2026Apr06_banded_swe.txt"",""ASO_Tuolumne_SouthFork_2026Apr06_swe_report.txt""]"
2026-09-28T20:13:50Z,ASO_Tuolumne_2026Apr06_SurveyData_and_Reports,"Airborne Snow Observatories, Inc. (ASO)",USCATE20260406v0,2026-04-06,2026-04-06,/Users/jtarrico/ch13_nisar_prelim/data/rasters/aso/ca/tuo/ASO_Tuolumne_2026Apr06_SurveyData_and_Reports,ASO_Tuolumne_2026Apr06_snowdepth_50m.tif,ASO_Tuolumne_2026Apr06_snowdepth_50m.tif,image/tiff,snow_depth_raster_candidate,filename label,8463228,56c00f340174a8a270a5843c4354865c3aba279be1253ee0415f5f6ca87584b7,,package report gives mean depth in m (ASO_Tuolumne_SouthFork_2026Apr06_swe_report.txt); exact raster linkage is not stated,EPSG:32611,"[50.0,0.0,212150.0,0.0,-50.0,4234850.0,0.0,0.0,1.0]","[50.0,50.0]",1896,1115,1,"[""float32""]",-9999.0,"[212150.0,4179100.0,306950.0,4234850.0]","{""AREA_OR_POINT"":""Area""}",[{}],,[],"[""ASO_Tuolumne_2026Apr06_banded_swe.txt"",""ASO_Tuolumne_2026Apr06_m3w_hypso.pdf"",""ASO_Tuolumne_2026Apr06_multi_hypsometry_SWE.pdf"",""ASO_Tuolumne_2026Apr06_multi_sweVolume_STEP.pdf"",""ASO_Tuolumne_2026Apr06_radial_BB.pdf"",""ASO_Tuolumne_2026Apr06_radial_TAF.pdf"",""ASO_Tuolumne_2026Apr06_radial_VIS.pdf"",""ASO_Tuolumne_2026Apr06_radial_difference_TAF.pdf"",""ASO_Tuolumne_2026Apr06_radial_difference_sweDepth.pdf"",""ASO_Tuolumne_2026Apr06_radial_sweDepth.pdf"",""ASO_Tuolumne_2026Apr06_report_v0.pdf"",""ASO_Tuolumne_2026Apr06_sweVolume_STEP_2a.pdf"",""ASO_Tuolumne_2026Apr06_swe_50m.pdf"",""ASO_Tuolumne_2026Apr06_swe_report.txt"",""ASO_Tuolumne_Cherry_2026Apr06_banded_swe.txt"",""ASO_Tuolumne_Cherry_2026Apr06_swe_report.txt"",""ASO_Tuolumne_Eleanor_2026Apr06_banded_swe.txt"",""ASO_Tuolumne_Eleanor_2026Apr06_swe_report.txt"",""ASO_Tuolumne_Hetchy_2026Apr06_banded_swe.txt"",""ASO_Tuolumne_Hetchy_2026Apr06_swe_report.txt"",""ASO_Tuolumne_NorthFork_2026Apr06_banded_swe.txt"",""ASO_Tuolumne_NorthFork_2026Apr06_swe_report.txt"",""ASO_Tuolumne_SouthFork_2026Apr06_banded_swe.txt"",""ASO_Tuolumne_SouthFork_2026Apr06_swe_report.txt""]"
2026-09-28T20:13:50Z,ASO_Tuolumne_2026Apr06_SurveyData_and_Reports,"Airborne Snow Observatories, Inc. (ASO)",USCATE20260406v0,2026-04-06,2026-04-06,/Users/jtarrico/ch13_nisar_prelim/data/rasters/aso/ca/tuo/ASO_Tuolumne_2026Apr06_SurveyData_and_Reports,ASO_Tuolumne_2026Apr06_sweVolume_STEP_2a.pdf,ASO_Tuolumne_2026Apr06_sweVolume_STEP_2a.pdf,application/pdf,report_pdf,file extension,14291,025250c6c4ea33caa7053b39e6071239ffbe20fb4870aca1664297bd15c60e15,,,,,,,,,,,,,,,,"[""ASO_Tuolumne_2026Apr06_banded_swe.txt"",""ASO_Tuolumne_2026Apr06_m3w_hypso.pdf"",""ASO_Tuolumne_2026Apr06_multi_hypsometry_SWE.pdf"",""ASO_Tuolumne_2026Apr06_multi_sweVolume_STEP.pdf"",""ASO_Tuolumne_2026Apr06_radial_BB.pdf"",""ASO_Tuolumne_2026Apr06_radial_TAF.pdf"",""ASO_Tuolumne_2026Apr06_radial_VIS.pdf"",""ASO_Tuolumne_2026Apr06_radial_difference_TAF.pdf"",""ASO_Tuolumne_2026Apr06_radial_difference_sweDepth.pdf"",""ASO_Tuolumne_2026Apr06_radial_sweDepth.pdf"",""ASO_Tuolumne_2026Apr06_report_v0.pdf"",""ASO_Tuolumne_2026Apr06_sweVolume_STEP_2a.pdf"",""ASO_Tuolumne_2026Apr06_swe_50m.pdf"",""ASO_Tuolumne_2026Apr06_swe_report.txt"",""ASO_Tuolumne_Cherry_2026Apr06_banded_swe.txt"",""ASO_Tuolumne_Cherry_2026Apr06_swe_report.txt"",""ASO_Tuolumne_Eleanor_2026Apr06_banded_swe.txt"",""ASO_Tuolumne_Eleanor_2026Apr06_swe_report.txt"",""ASO_Tuolumne_Hetchy_2026Apr06_banded_swe.txt"",""ASO_Tuolumne_Hetchy_2026Apr06_swe_report.txt"",""ASO_Tuolumne_NorthFork_2026Apr06_banded_swe.txt"",""ASO_Tuolumne_NorthFork_2026Apr06_swe_report.txt"",""ASO_Tuolumne_SouthFork_2026Apr06_banded_swe.txt"",""ASO_Tuolumne_SouthFork_2026Apr06_swe_report.txt""]"
2026-09-28T20:13:50Z,ASO_Tuolumne_2026Apr06_SurveyData_and_Reports,"Airborne Snow Observatories, Inc. (ASO)",USCATE20260406v0,2026-04-06,2026-04-06,/Users/jtarrico/ch13_nisar_prelim/data/rasters/aso/ca/tuo/ASO_Tuolumne_2026Apr06_SurveyData_and_Reports,ASO_Tuolumne_2026Apr06_swe_50m.pdf,ASO_Tuolumne_2026Apr06_swe_50m.pdf,application/pdf,report_pdf,file extension,1022362,b4b324ad66721083777134bc8d64237242bc4eaf7b58ee8c96bc07b3f28bda85,,,,,,,,,,,,,,,,"[""ASO_Tuolumne_2026Apr06_banded_swe.txt"",""ASO_Tuolumne_2026Apr06_m3w_hypso.pdf"",""ASO_Tuolumne_2026Apr06_multi_hypsometry_SWE.pdf"",""ASO_Tuolumne_2026Apr06_multi_sweVolume_STEP.pdf"",""ASO_Tuolumne_2026Apr06_radial_BB.pdf"",""ASO_Tuolumne_2026Apr06_radial_TAF.pdf"",""ASO_Tuolumne_2026Apr06_radial_VIS.pdf"",""ASO_Tuolumne_2026Apr06_radial_difference_TAF.pdf"",""ASO_Tuolumne_2026Apr06_radial_difference_sweDepth.pdf"",""ASO_Tuolumne_2026Apr06_radial_sweDepth.pdf"",""ASO_Tuolumne_2026Apr06_report_v0.pdf"",""ASO_Tuolumne_2026Apr06_sweVolume_STEP_2a.pdf"",""ASO_Tuolumne_2026Apr06_swe_50m.pdf"",""ASO_Tuolumne_2026Apr06_swe_report.txt"",""ASO_Tuolumne_Cherry_2026Apr06_banded_swe.txt"",""ASO_Tuolumne_Cherry_2026Apr06_swe_report.txt"",""ASO_Tuolumne_Eleanor_2026Apr06_banded_swe.txt"",""ASO_Tuolumne_Eleanor_2026Apr06_swe_report.txt"",""ASO_Tuolumne_Hetchy_2026Apr06_banded_swe.txt"",""ASO_Tuolumne_Hetchy_2026Apr06_swe_report.txt"",""ASO_Tuolumne_NorthFork_2026Apr06_banded_swe.txt"",""ASO_Tuolumne_NorthFork_2026Apr06_swe_report.txt"",""ASO_Tuolumne_SouthFork_2026Apr06_banded_swe.txt"",""ASO_Tuolumne_SouthFork_2026Apr06_swe_report.txt""]"
2026-09-28T20:13:50Z,ASO_Tuolumne_2026Apr06_SurveyData_and_Reports,"Airborne Snow Observatories, Inc. (ASO)",USCATE20260406v0,2026-04-06,2026-04-06,/Users/jtarrico/ch13_nisar_prelim/data/rasters/aso/ca/tuo/ASO_Tuolumne_2026Apr06_SurveyData_and_Reports,ASO_Tuolumne_2026Apr06_swe_50m.tif,ASO_Tuolumne_2026Apr06_swe_50m.tif,image/tiff,swe_raster,matched SWE File Used entry in package text report,8463222,2464505ac5fde6eff3bf6f3d5a736244fb7f65bf424f427c847b92b011e3c155,m,mean SWE unit in ASO_Tuolumne_2026Apr06_swe_report.txt; the report identifies this raster as SWE input,EPSG:32611,"[50.0,0.0,212150.0,0.0,-50.0,4234850.0,0.0,0.0,1.0]","[50.0,50.0]",1896,1115,1,"[""float32""]",NaN,"[212150.0,4179100.0,306950.0,4234850.0]","{""AREA_OR_POINT"":""Area""}",[{}],,[],"[""ASO_Tuolumne_2026Apr06_banded_swe.txt"",""ASO_Tuolumne_2026Apr06_m3w_hypso.pdf"",""ASO_Tuolumne_2026Apr06_multi_hypsometry_SWE.pdf"",""ASO_Tuolumne_2026Apr06_multi_sweVolume_STEP.pdf"",""ASO_Tuolumne_2026Apr06_radial_BB.pdf"",""ASO_Tuolumne_2026Apr06_radial_TAF.pdf"",""ASO_Tuolumne_2026Apr06_radial_VIS.pdf"",""ASO_Tuolumne_2026Apr06_radial_difference_TAF.pdf"",""ASO_Tuolumne_2026Apr06_radial_difference_sweDepth.pdf"",""ASO_Tuolumne_2026Apr06_radial_sweDepth.pdf"",""ASO_Tuolumne_2026Apr06_report_v0.pdf"",""ASO_Tuolumne_2026Apr06_sweVolume_STEP_2a.pdf"",""ASO_Tuolumne_2026Apr06_swe_50m.pdf"",""ASO_Tuolumne_2026Apr06_swe_report.txt"",""ASO_Tuolumne_Cherry_2026Apr06_banded_swe.txt"",""ASO_Tuolumne_Cherry_2026Apr06_swe_report.txt"",""ASO_Tuolumne_Eleanor_2026Apr06_banded_swe.txt"",""ASO_Tuolumne_Eleanor_2026Apr06_swe_report.txt"",""ASO_Tuolumne_Hetchy_2026Apr06_banded_swe.txt"",""ASO_Tuolumne_Hetchy_2026Apr06_swe_report.txt"",""ASO_Tuolumne_NorthFork_2026Apr06_banded_swe.txt"",""ASO_Tuolumne_NorthFork_2026Apr06_swe_report.txt"",""ASO_Tuolumne_SouthFork_2026Apr06_banded_swe.txt"",""ASO_Tuolumne_SouthFork_2026Apr06_swe_report.txt""]"
2026-09-28T20:13:50Z,ASO_Tuolumne_2026Apr06_SurveyData_and_Reports,"Airborne Snow Observatories, Inc. (ASO)",USCATE20260406v0,2026-04-06,2026-04-06,/Users/jtarrico/ch13_nisar_prelim/data/rasters/aso/ca/tuo/ASO_Tuolumne_2026Apr06_SurveyData_and_Reports,ASO_Tuolumne_2026Apr06_swe_RFC_aggregate.csv,ASO_Tuolumne_2026Apr06_swe_RFC_aggregate.csv,text/csv,summary_table,file extension,1316,49d72c37c8f05aafd4845366a522b42c1f248ef9879f2a4569ef59e969b9c894,,,,,,,,,,,,,,,,"[""ASO_Tuolumne_2026Apr06_banded_swe.txt"",""ASO_Tuolumne_2026Apr06_m3w_hypso.pdf"",""ASO_Tuolumne_2026Apr06_multi_hypsometry_SWE.pdf"",""ASO_Tuolumne_2026Apr06_multi_sweVolume_STEP.pdf"",""ASO_Tuolumne_2026Apr06_radial_BB.pdf"",""ASO_Tuolumne_2026Apr06_radial_TAF.pdf"",""ASO_Tuolumne_2026Apr06_radial_VIS.pdf"",""ASO_Tuolumne_2026Apr06_radial_difference_TAF.pdf"",""ASO_Tuolumne_2026Apr06_radial_difference_sweDepth.pdf"",""ASO_Tuolumne_2026Apr06_radial_sweDepth.pdf"",""ASO_Tuolumne_2026Apr06_report_v0.pdf"",""ASO_Tuolumne_2026Apr06_sweVolume_STEP_2a.pdf"",""ASO_Tuolumne_2026Apr06_swe_50m.pdf"",""ASO_Tuolumne_2026Apr06_swe_report.txt"",""ASO_Tuolumne_Cherry_2026Apr06_banded_swe.txt"",""ASO_Tuolumne_Cherry_2026Apr06_swe_report.txt"",""ASO_Tuolumne_Eleanor_2026Apr06_banded_swe.txt"",""ASO_Tuolumne_Eleanor_2026Apr06_swe_report.txt"",""ASO_Tuolumne_Hetchy_2026Apr06_banded_swe.txt"",""ASO_Tuolumne_Hetchy_2026Apr06_swe_report.txt"",""ASO_Tuolumne_NorthFork_2026Apr06_banded_swe.txt"",""ASO_Tuolumne_NorthFork_2026Apr06_swe_report.txt"",""ASO_Tuolumne_SouthFork_2026Apr06_banded_swe.txt"",""ASO_Tuolumne_SouthFork_2026Apr06_swe_report.txt""]"
2026-09-28T20:13:50Z,ASO_Tuolumne_2026Apr06_SurveyData_and_Reports,"Airborne Snow Observatories, Inc. (ASO)",USCATE20260406v0,2026-04-06,2026-04-06,/Users/jtarrico/ch13_nisar_prelim/data/rasters/aso/ca/tuo/ASO_Tuolumne_2026Apr06_SurveyData_and_Reports,ASO_Tuolumne_2026Apr06_swe_report.txt,ASO_Tuolumne_2026Apr06_swe_report.txt,text/plain,report_text,file extension,746,853d88a3374bb4dab95757bd9cc5889e8e3bf89e7969a9f4073e18668a99397c,,,,,,,,,,,,,,,,"[""ASO_Tuolumne_2026Apr06_banded_swe.txt"",""ASO_Tuolumne_2026Apr06_m3w_hypso.pdf"",""ASO_Tuolumne_2026Apr06_multi_hypsometry_SWE.pdf"",""ASO_Tuolumne_2026Apr06_multi_sweVolume_STEP.pdf"",""ASO_Tuolumne_2026Apr06_radial_BB.pdf"",""ASO_Tuolumne_2026Apr06_radial_TAF.pdf"",""ASO_Tuolumne_2026Apr06_radial_VIS.pdf"",""ASO_Tuolumne_2026Apr06_radial_difference_TAF.pdf"",""ASO_Tuolumne_2026Apr06_radial_difference_sweDepth.pdf"",""ASO_Tuolumne_2026Apr06_radial_sweDepth.pdf"",""ASO_Tuolumne_2026Apr06_report_v0.pdf"",""ASO_Tuolumne_2026Apr06_sweVolume_STEP_2a.pdf"",""ASO_Tuolumne_2026Apr06_swe_50m.pdf"",""ASO_Tuolumne_2026Apr06_swe_report.txt"",""ASO_Tuolumne_Cherry_2026Apr06_banded_swe.txt"",""ASO_Tuolumne_Cherry_2026Apr06_swe_report.txt"",""ASO_Tuolumne_Eleanor_2026Apr06_banded_swe.txt"",""ASO_Tuolumne_Eleanor_2026Apr06_swe_report.txt"",""ASO_Tuolumne_Hetchy_2026Apr06_banded_swe.txt"",""ASO_Tuolumne_Hetchy_2026Apr06_swe_report.txt"",""ASO_Tuolumne_NorthFork_2026Apr06_banded_swe.txt"",""ASO_Tuolumne_NorthFork_2026Apr06_swe_report.txt"",""ASO_Tuolumne_SouthFork_2026Apr06_banded_swe.txt"",""ASO_Tuolumne_SouthFork_2026Apr06_swe_report.txt""]"
2026-09-28T20:13:50Z,ASO_Tuolumne_2026Apr06_SurveyData_and_Reports,"Airborne Snow Observatories, Inc. (ASO)",USCATE20260406v0,2026-04-06,2026-04-06,/Users/jtarrico/ch13_nisar_prelim/data/rasters/aso/ca/tuo/ASO_Tuolumne_2026Apr06_SurveyData_and_Reports,ASO_Tuolumne_2026Apr06_swe_volume_barplot.png,ASO_Tuolumne_2026Apr06_swe_volume_barplot.png,image/png,other_file,file extension or package inventory,89088,65c49148a14091edf141660a1ce63d1be76a90e120b01a73eb54a4f5a3db16a1,,,,,,,,,,,,,,,,"[""ASO_Tuolumne_2026Apr06_banded_swe.txt"",""ASO_Tuolumne_2026Apr06_m3w_hypso.pdf"",""ASO_Tuolumne_2026Apr06_multi_hypsometry_SWE.pdf"",""ASO_Tuolumne_2026Apr06_multi_sweVolume_STEP.pdf"",""ASO_Tuolumne_2026Apr06_radial_BB.pdf"",""ASO_Tuolumne_2026Apr06_radial_TAF.pdf"",""ASO_Tuolumne_2026Apr06_radial_VIS.pdf"",""ASO_Tuolumne_2026Apr06_radial_difference_TAF.pdf"",""ASO_Tuolumne_2026Apr06_radial_difference_sweDepth.pdf"",""ASO_Tuolumne_2026Apr06_radial_sweDepth.pdf"",""ASO_Tuolumne_2026Apr06_report_v0.pdf"",""ASO_Tuolumne_2026Apr06_sweVolume_STEP_2a.pdf"",""ASO_Tuolumne_2026Apr06_swe_50m.pdf"",""ASO_Tuolumne_2026Apr06_swe_report.txt"",""ASO_Tuolumne_Cherry_2026Apr06_banded_swe.txt"",""ASO_Tuolumne_Cherry_2026Apr06_swe_report.txt"",""ASO_Tuolumne_Eleanor_2026Apr06_banded_swe.txt"",""ASO_Tuolumne_Eleanor_2026Apr06_swe_report.txt"",""ASO_Tuolumne_Hetchy_2026Apr06_banded_swe.txt"",""ASO_Tuolumne_Hetchy_2026Apr06_swe_report.txt"",""ASO_Tuolumne_NorthFork_2026Apr06_banded_swe.txt"",""ASO_Tuolumne_NorthFork_2026Apr06_swe_report.txt"",""ASO_Tuolumne_SouthFork_2026Apr06_banded_swe.txt"",""ASO_Tuolumne_SouthFork_2026Apr06_swe_report.txt""]"
2026-09-28T20:13:50Z,ASO_Tuolumne_2026Apr06_SurveyData_and_Reports,"Airborne Snow Observatories, Inc. (ASO)",USCATE20260406v0,2026-04-06,2026-04-06,/Users/jtarrico/ch13_nisar_prelim/data/rasters/aso/ca/tuo/ASO_Tuolumne_2026Apr06_SurveyData_and_Reports,ASO_Tuolumne_Cherry_2026Apr06_banded_swe.txt,ASO_Tuolumne_Cherry_2026Apr06_banded_swe.txt,text/plain,report_text,file extension,2541,a93815d0471c799cade44ed57a03f3fd135a38fb67128540f920c84348fdac15,,,,,,,,,,,,,,,,"[""ASO_Tuolumne_2026Apr06_banded_swe.txt"",""ASO_Tuolumne_2026Apr06_m3w_hypso.pdf"",""ASO_Tuolumne_2026Apr06_multi_hypsometry_SWE.pdf"",""ASO_Tuolumne_2026Apr06_multi_sweVolume_STEP.pdf"",""ASO_Tuolumne_2026Apr06_radial_BB.pdf"",""ASO_Tuolumne_2026Apr06_radial_TAF.pdf"",""ASO_Tuolumne_2026Apr06_radial_VIS.pdf"",""ASO_Tuolumne_2026Apr06_radial_difference_TAF.pdf"",""ASO_Tuolumne_2026Apr06_radial_difference_sweDepth.pdf"",""ASO_Tuolumne_2026Apr06_radial_sweDepth.pdf"",""ASO_Tuolumne_2026Apr06_report_v0.pdf"",""ASO_Tuolumne_2026Apr06_sweVolume_STEP_2a.pdf"",""ASO_Tuolumne_2026Apr06_swe_50m.pdf"",""ASO_Tuolumne_2026Apr06_swe_report.txt"",""ASO_Tuolumne_Cherry_2026Apr06_banded_swe.txt"",""ASO_Tuolumne_Cherry_2026Apr06_swe_report.txt"",""ASO_Tuolumne_Eleanor_2026Apr06_banded_swe.txt"",""ASO_Tuolumne_Eleanor_2026Apr06_swe_report.txt"",""ASO_Tuolumne_Hetchy_2026Apr06_banded_swe.txt"",""ASO_Tuolumne_Hetchy_2026Apr06_swe_report.txt"",""ASO_Tuolumne_NorthFork_2026Apr06_banded_swe.txt"",""ASO_Tuolumne_NorthFork_2026Apr06_swe_report.txt"",""ASO_Tuolumne_SouthFork_2026Apr06_banded_swe.txt"",""ASO_Tuolumne_SouthFork_2026Apr06_swe_report.txt""]"
2026-09-28T20:13:50Z,ASO_Tuolumne_2026Apr06_SurveyData_and_Reports,"Airborne Snow Observatories, Inc. (ASO)",USCATE20260406v0,2026-04-06,2026-04-06,/Users/jtarrico/ch13_nisar_prelim/data/rasters/aso/ca/tuo/ASO_Tuolumne_2026Apr06_SurveyData_and_Reports,ASO_Tuolumne_Cherry_2026Apr06_swe_report.txt,ASO_Tuolumne_Cherry_2026Apr06_swe_report.txt,text/plain,report_text,file extension,754,73789ed05b1b65cfc09a3b262fc82b82a48da002db6eefbfe6d521456707d656,,,,,,,,,,,,,,,,"[""ASO_Tuolumne_2026Apr06_banded_swe.txt"",""ASO_Tuolumne_2026Apr06_m3w_hypso.pdf"",""ASO_Tuolumne_2026Apr06_multi_hypsometry_SWE.pdf"",""ASO_Tuolumne_2026Apr06_multi_sweVolume_STEP.pdf"",""ASO_Tuolumne_2026Apr06_radial_BB.pdf"",""ASO_Tuolumne_2026Apr06_radial_TAF.pdf"",""ASO_Tuolumne_2026Apr06_radial_VIS.pdf"",""ASO_Tuolumne_2026Apr06_radial_difference_TAF.pdf"",""ASO_Tuolumne_2026Apr06_radial_difference_sweDepth.pdf"",""ASO_Tuolumne_2026Apr06_radial_sweDepth.pdf"",""ASO_Tuolumne_2026Apr06_report_v0.pdf"",""ASO_Tuolumne_2026Apr06_sweVolume_STEP_2a.pdf"",""ASO_Tuolumne_2026Apr06_swe_50m.pdf"",""ASO_Tuolumne_2026Apr06_swe_report.txt"",""ASO_Tuolumne_Cherry_2026Apr06_banded_swe.txt"",""ASO_Tuolumne_Cherry_2026Apr06_swe_report.txt"",""ASO_Tuolumne_Eleanor_2026Apr06_banded_swe.txt"",""ASO_Tuolumne_Eleanor_2026Apr06_swe_report.txt"",""ASO_Tuolumne_Hetchy_2026Apr06_banded_swe.txt"",""ASO_Tuolumne_Hetchy_2026Apr06_swe_report.txt"",""ASO_Tuolumne_NorthFork_2026Apr06_banded_swe.txt"",""ASO_Tuolumne_NorthFork_2026Apr06_swe_report.txt"",""ASO_Tuolumne_SouthFork_2026Apr06_banded_swe.txt"",""ASO_Tuolumne_SouthFork_2026Apr06_swe_report.txt""]"
2026-09-28T20:13:50Z,ASO_Tuolumne_2026Apr06_SurveyData_and_Reports,"Airborne Snow Observatories, Inc. (ASO)",USCATE20260406v0,2026-04-06,2026-04-06,/Users/jtarrico/ch13_nisar_prelim/data/rasters/aso/ca/tuo/ASO_Tuolumne_2026Apr06_SurveyData_and_Reports,ASO_Tuolumne_Cherry_2026Apr06_swe_volume_barplot.png,ASO_Tuolumne_Cherry_2026Apr06_swe_volume_barplot.png,image/png,other_file,file extension or package inventory,90991,2fbd6c9d3ac8c97016e10a60c7f6f5d9794d432188e3ad9b60343d96280e8bb1,,,,,,,,,,,,,,,,"[""ASO_Tuolumne_2026Apr06_banded_swe.txt"",""ASO_Tuolumne_2026Apr06_m3w_hypso.pdf"",""ASO_Tuolumne_2026Apr06_multi_hypsometry_SWE.pdf"",""ASO_Tuolumne_2026Apr06_multi_sweVolume_STEP.pdf"",""ASO_Tuolumne_2026Apr06_radial_BB.pdf"",""ASO_Tuolumne_2026Apr06_radial_TAF.pdf"",""ASO_Tuolumne_2026Apr06_radial_VIS.pdf"",""ASO_Tuolumne_2026Apr06_radial_difference_TAF.pdf"",""ASO_Tuolumne_2026Apr06_radial_difference_sweDepth.pdf"",""ASO_Tuolumne_2026Apr06_radial_sweDepth.pdf"",""ASO_Tuolumne_2026Apr06_report_v0.pdf"",""ASO_Tuolumne_2026Apr06_sweVolume_STEP_2a.pdf"",""ASO_Tuolumne_2026Apr06_swe_50m.pdf"",""ASO_Tuolumne_2026Apr06_swe_report.txt"",""ASO_Tuolumne_Cherry_2026Apr06_banded_swe.txt"",""ASO_Tuolumne_Cherry_2026Apr06_swe_report.txt"",""ASO_Tuolumne_Eleanor_2026Apr06_banded_swe.txt"",""ASO_Tuolumne_Eleanor_2026Apr06_swe_report.txt"",""ASO_Tuolumne_Hetchy_2026Apr06_banded_swe.txt"",""ASO_Tuolumne_Hetchy_2026Apr06_swe_report.txt"",""ASO_Tuolumne_NorthFork_2026Apr06_banded_swe.txt"",""ASO_Tuolumne_NorthFork_2026Apr06_swe_report.txt"",""ASO_Tuolumne_SouthFork_2026Apr06_banded_swe.txt"",""ASO_Tuolumne_SouthFork_2026Apr06_swe_report.txt""]"
2026-09-28T20:13:50Z,ASO_Tuolumne_2026Apr06_SurveyData_and_Reports,"Airborne Snow Observatories, Inc. (ASO)",USCATE20260406v0,2026-04-06,2026-04-06,/Users/jtarrico/ch13_nisar_prelim/data/rasters/aso/ca/tuo/ASO_Tuolumne_2026Apr06_SurveyData_and_Reports,ASO_Tuolumne_Eleanor_2026Apr06_banded_swe.txt,ASO_Tuolumne_Eleanor_2026Apr06_banded_swe.txt,text/plain,report_text,file extension,2543,5a9827df470269c93361df5bdfb58a377b81d2b5b50591bb3cc1a8797fa4c302,,,,,,,,,,,,,,,,"[""ASO_Tuolumne_2026Apr06_banded_swe.txt"",""ASO_Tuolumne_2026Apr06_m3w_hypso.pdf"",""ASO_Tuolumne_2026Apr06_multi_hypsometry_SWE.pdf"",""ASO_Tuolumne_2026Apr06_multi_sweVolume_STEP.pdf"",""ASO_Tuolumne_2026Apr06_radial_BB.pdf"",""ASO_Tuolumne_2026Apr06_radial_TAF.pdf"",""ASO_Tuolumne_2026Apr06_radial_VIS.pdf"",""ASO_Tuolumne_2026Apr06_radial_difference_TAF.pdf"",""ASO_Tuolumne_2026Apr06_radial_difference_sweDepth.pdf"",""ASO_Tuolumne_2026Apr06_radial_sweDepth.pdf"",""ASO_Tuolumne_2026Apr06_report_v0.pdf"",""ASO_Tuolumne_2026Apr06_sweVolume_STEP_2a.pdf"",""ASO_Tuolumne_2026Apr06_swe_50m.pdf"",""ASO_Tuolumne_2026Apr06_swe_report.txt"",""ASO_Tuolumne_Cherry_2026Apr06_banded_swe.txt"",""ASO_Tuolumne_Cherry_2026Apr06_swe_report.txt"",""ASO_Tuolumne_Eleanor_2026Apr06_banded_swe.txt"",""ASO_Tuolumne_Eleanor_2026Apr06_swe_report.txt"",""ASO_Tuolumne_Hetchy_2026Apr06_banded_swe.txt"",""ASO_Tuolumne_Hetchy_2026Apr06_swe_report.txt"",""ASO_Tuolumne_NorthFork_2026Apr06_banded_swe.txt"",""ASO_Tuolumne_NorthFork_2026Apr06_swe_report.txt"",""ASO_Tuolumne_SouthFork_2026Apr06_banded_swe.txt"",""ASO_Tuolumne_SouthFork_2026Apr06_swe_report.txt""]"
2026-09-28T20:13:50Z,ASO_Tuolumne_2026Apr06_SurveyData_and_Reports,"Airborne Snow Observatories, Inc. (ASO)",USCATE20260406v0,2026-04-06,2026-04-06,/Users/jtarrico/ch13_nisar_prelim/data/rasters/aso/ca/tuo/ASO_Tuolumne_2026Apr06_SurveyData_and_Reports,ASO_Tuolumne_Eleanor_2026Apr06_swe_report.txt,ASO_Tuolumne_Eleanor_2026Apr06_swe_report.txt,text/plain,report_text,file extension,755,8dea455ae8fa733bccb412dadeaa3614924408f98581c5284fa8d540a9261b1f,,,,,,,,,,,,,,,,"[""ASO_Tuolumne_2026Apr06_banded_swe.txt"",""ASO_Tuolumne_2026Apr06_m3w_hypso.pdf"",""ASO_Tuolumne_2026Apr06_multi_hypsometry_SWE.pdf"",""ASO_Tuolumne_2026Apr06_multi_sweVolume_STEP.pdf"",""ASO_Tuolumne_2026Apr06_radial_BB.pdf"",""ASO_Tuolumne_2026Apr06_radial_TAF.pdf"",""ASO_Tuolumne_2026Apr06_radial_VIS.pdf"",""ASO_Tuolumne_2026Apr06_radial_difference_TAF.pdf"",""ASO_Tuolumne_2026Apr06_radial_difference_sweDepth.pdf"",""ASO_Tuolumne_2026Apr06_radial_sweDepth.pdf"",""ASO_Tuolumne_2026Apr06_report_v0.pdf"",""ASO_Tuolumne_2026Apr06_sweVolume_STEP_2a.pdf"",""ASO_Tuolumne_2026Apr06_swe_50m.pdf"",""ASO_Tuolumne_2026Apr06_swe_report.txt"",""ASO_Tuolumne_Cherry_2026Apr06_banded_swe.txt"",""ASO_Tuolumne_Cherry_2026Apr06_swe_report.txt"",""ASO_Tuolumne_Eleanor_2026Apr06_banded_swe.txt"",""ASO_Tuolumne_Eleanor_2026Apr06_swe_report.txt"",""ASO_Tuolumne_Hetchy_2026Apr06_banded_swe.txt"",""ASO_Tuolumne_Hetchy_2026Apr06_swe_report.txt"",""ASO_Tuolumne_NorthFork_2026Apr06_banded_swe.txt"",""ASO_Tuolumne_NorthFork_2026Apr06_swe_report.txt"",""ASO_Tuolumne_SouthFork_2026Apr06_banded_swe.txt"",""ASO_Tuolumne_SouthFork_2026Apr06_swe_report.txt""]"
2026-09-28T20:13:50Z,ASO_Tuolumne_2026Apr06_SurveyData_and_Reports,"Airborne Snow Observatories, Inc. (ASO)",USCATE20260406v0,2026-04-06,2026-04-06,/Users/jtarrico/ch13_nisar_prelim/data/rasters/aso/ca/tuo/ASO_Tuolumne_2026Apr06_SurveyData_and_Reports,ASO_Tuolumne_Eleanor_2026Apr06_swe_volume_barplot.png,ASO_Tuolumne_Eleanor_2026Apr06_swe_volume_barplot.png,image/png,other_file,file extension or package inventory,85938,dd050146b0ebf40123f477a9819a5a4ee7d81104c5962ea97a7961345e204cfd,,,,,,,,,,,,,,,,"[""ASO_Tuolumne_2026Apr06_banded_swe.txt"",""ASO_Tuolumne_2026Apr06_m3w_hypso.pdf"",""ASO_Tuolumne_2026Apr06_multi_hypsometry_SWE.pdf"",""ASO_Tuolumne_2026Apr06_multi_sweVolume_STEP.pdf"",""ASO_Tuolumne_2026Apr06_radial_BB.pdf"",""ASO_Tuolumne_2026Apr06_radial_TAF.pdf"",""ASO_Tuolumne_2026Apr06_radial_VIS.pdf"",""ASO_Tuolumne_2026Apr06_radial_difference_TAF.pdf"",""ASO_Tuolumne_2026Apr06_radial_difference_sweDepth.pdf"",""ASO_Tuolumne_2026Apr06_radial_sweDepth.pdf"",""ASO_Tuolumne_2026Apr06_report_v0.pdf"",""ASO_Tuolumne_2026Apr06_sweVolume_STEP_2a.pdf"",""ASO_Tuolumne_2026Apr06_swe_50m.pdf"",""ASO_Tuolumne_2026Apr06_swe_report.txt"",""ASO_Tuolumne_Cherry_2026Apr06_banded_swe.txt"",""ASO_Tuolumne_Cherry_2026Apr06_swe_report.txt"",""ASO_Tuolumne_Eleanor_2026Apr06_banded_swe.txt"",""ASO_Tuolumne_Eleanor_2026Apr06_swe_report.txt"",""ASO_Tuolumne_Hetchy_2026Apr06_banded_swe.txt"",""ASO_Tuolumne_Hetchy_2026Apr06_swe_report.txt"",""ASO_Tuolumne_NorthFork_2026Apr06_banded_swe.txt"",""ASO_Tuolumne_NorthFork_2026Apr06_swe_report.txt"",""ASO_Tuolumne_SouthFork_2026Apr06_banded_swe.txt"",""ASO_Tuolumne_SouthFork_2026Apr06_swe_report.txt""]"
2026-09-28T20:13:50Z,ASO_Tuolumne_2026Apr06_SurveyData_and_Reports,"Airborne Snow Observatories, Inc. (ASO)",USCATE20260406v0,2026-04-06,2026-04-06,/Users/jtarrico/ch13_nisar_prelim/data/rasters/aso/ca/tuo/ASO_Tuolumne_2026Apr06_SurveyData_and_Reports,ASO_Tuolumne_Hetchy_2026Apr06_banded_swe.txt,ASO_Tuolumne_Hetchy_2026Apr06_banded_swe.txt,text/plain,report_text,file extension,2535,c04c0b2e8773dec2dc1de7d2cd8748e374c7b2a09779e63d07a03a602654930a,,,,,,,,,,,,,,,,"[""ASO_Tuolumne_2026Apr06_banded_swe.txt"",""ASO_Tuolumne_2026Apr06_m3w_hypso.pdf"",""ASO_Tuolumne_2026Apr06_multi_hypsometry_SWE.pdf"",""ASO_Tuolumne_2026Apr06_multi_sweVolume_STEP.pdf"",""ASO_Tuolumne_2026Apr06_radial_BB.pdf"",""ASO_Tuolumne_2026Apr06_radial_TAF.pdf"",""ASO_Tuolumne_2026Apr06_radial_VIS.pdf"",""ASO_Tuolumne_2026Apr06_radial_difference_TAF.pdf"",""ASO_Tuolumne_2026Apr06_radial_difference_sweDepth.pdf"",""ASO_Tuolumne_2026Apr06_radial_sweDepth.pdf"",""ASO_Tuolumne_2026Apr06_report_v0.pdf"",""ASO_Tuolumne_2026Apr06_sweVolume_STEP_2a.pdf"",""ASO_Tuolumne_2026Apr06_swe_50m.pdf"",""ASO_Tuolumne_2026Apr06_swe_report.txt"",""ASO_Tuolumne_Cherry_2026Apr06_banded_swe.txt"",""ASO_Tuolumne_Cherry_2026Apr06_swe_report.txt"",""ASO_Tuolumne_Eleanor_2026Apr06_banded_swe.txt"",""ASO_Tuolumne_Eleanor_2026Apr06_swe_report.txt"",""ASO_Tuolumne_Hetchy_2026Apr06_banded_swe.txt"",""ASO_Tuolumne_Hetchy_2026Apr06_swe_report.txt"",""ASO_Tuolumne_NorthFork_2026Apr06_banded_swe.txt"",""ASO_Tuolumne_NorthFork_2026Apr06_swe_report.txt"",""ASO_Tuolumne_SouthFork_2026Apr06_banded_swe.txt"",""ASO_Tuolumne_SouthFork_2026Apr06_swe_report.txt""]"
2026-09-28T20:13:50Z,ASO_Tuolumne_2026Apr06_SurveyData_and_Reports,"Airborne Snow Observatories, Inc. (ASO)",USCATE20260406v0,2026-04-06,2026-04-06,/Users/jtarrico/ch13_nisar_prelim/data/rasters/aso/ca/tuo/ASO_Tuolumne_2026Apr06_SurveyData_and_Reports,ASO_Tuolumne_Hetchy_2026Apr06_swe_report.txt,ASO_Tuolumne_Hetchy_2026Apr06_swe_report.txt,text/plain,report_text,file extension,757,f4a489529cacbca2b60f792455efc2c9f327d4399a329015f7e52d51e2c01373,,,,,,,,,,,,,,,,"[""ASO_Tuolumne_2026Apr06_banded_swe.txt"",""ASO_Tuolumne_2026Apr06_m3w_hypso.pdf"",""ASO_Tuolumne_2026Apr06_multi_hypsometry_SWE.pdf"",""ASO_Tuolumne_2026Apr06_multi_sweVolume_STEP.pdf"",""ASO_Tuolumne_2026Apr06_radial_BB.pdf"",""ASO_Tuolumne_2026Apr06_radial_TAF.pdf"",""ASO_Tuolumne_2026Apr06_radial_VIS.pdf"",""ASO_Tuolumne_2026Apr06_radial_difference_TAF.pdf"",""ASO_Tuolumne_2026Apr06_radial_difference_sweDepth.pdf"",""ASO_Tuolumne_2026Apr06_radial_sweDepth.pdf"",""ASO_Tuolumne_2026Apr06_report_v0.pdf"",""ASO_Tuolumne_2026Apr06_sweVolume_STEP_2a.pdf"",""ASO_Tuolumne_2026Apr06_swe_50m.pdf"",""ASO_Tuolumne_2026Apr06_swe_report.txt"",""ASO_Tuolumne_Cherry_2026Apr06_banded_swe.txt"",""ASO_Tuolumne_Cherry_2026Apr06_swe_report.txt"",""ASO_Tuolumne_Eleanor_2026Apr06_banded_swe.txt"",""ASO_Tuolumne_Eleanor_2026Apr06_swe_report.txt"",""ASO_Tuolumne_Hetchy_2026Apr06_banded_swe.txt"",""ASO_Tuolumne_Hetchy_2026Apr06_swe_report.txt"",""ASO_Tuolumne_NorthFork_2026Apr06_banded_swe.txt"",""ASO_Tuolumne_NorthFork_2026Apr06_swe_report.txt"",""ASO_Tuolumne_SouthFork_2026Apr06_banded_swe.txt"",""ASO_Tuolumne_SouthFork_2026Apr06_swe_report.txt""]"
2026-09-28T20:13:50Z,ASO_Tuolumne_2026Apr06_SurveyData_and_Reports,"Airborne Snow Observatories, Inc. (ASO)",USCATE20260406v0,2026-04-06,2026-04-06,/Users/jtarrico/ch13_nisar_prelim/data/rasters/aso/ca/tuo/ASO_Tuolumne_2026Apr06_SurveyData_and_Reports,ASO_Tuolumne_Hetchy_2026Apr06_swe_volume_barplot.png,ASO_Tuolumne_Hetchy_2026Apr06_swe_volume_barplot.png,image/png,other_file,file extension or package inventory,94913,02f043198dbc8b7df2945285cb2c18fc5acca8ac7a1a75977a75b9fa7fdcec6f,,,,,,,,,,,,,,,,"[""ASO_Tuolumne_2026Apr06_banded_swe.txt"",""ASO_Tuolumne_2026Apr06_m3w_hypso.pdf"",""ASO_Tuolumne_2026Apr06_multi_hypsometry_SWE.pdf"",""ASO_Tuolumne_2026Apr06_multi_sweVolume_STEP.pdf"",""ASO_Tuolumne_2026Apr06_radial_BB.pdf"",""ASO_Tuolumne_2026Apr06_radial_TAF.pdf"",""ASO_Tuolumne_2026Apr06_radial_VIS.pdf"",""ASO_Tuolumne_2026Apr06_radial_difference_TAF.pdf"",""ASO_Tuolumne_2026Apr06_radial_difference_sweDepth.pdf"",""ASO_Tuolumne_2026Apr06_radial_sweDepth.pdf"",""ASO_Tuolumne_2026Apr06_report_v0.pdf"",""ASO_Tuolumne_2026Apr06_sweVolume_STEP_2a.pdf"",""ASO_Tuolumne_2026Apr06_swe_50m.pdf"",""ASO_Tuolumne_2026Apr06_swe_report.txt"",""ASO_Tuolumne_Cherry_2026Apr06_banded_swe.txt"",""ASO_Tuolumne_Cherry_2026Apr06_swe_report.txt"",""ASO_Tuolumne_Eleanor_2026Apr06_banded_swe.txt"",""ASO_Tuolumne_Eleanor_2026Apr06_swe_report.txt"",""ASO_Tuolumne_Hetchy_2026Apr06_banded_swe.txt"",""ASO_Tuolumne_Hetchy_2026Apr06_swe_report.txt"",""ASO_Tuolumne_NorthFork_2026Apr06_banded_swe.txt"",""ASO_Tuolumne_NorthFork_2026Apr06_swe_report.txt"",""ASO_Tuolumne_SouthFork_2026Apr06_banded_swe.txt"",""ASO_Tuolumne_SouthFork_2026Apr06_swe_report.txt""]"
2026-09-28T20:13:50Z,ASO_Tuolumne_2026Apr06_SurveyData_and_Reports,"Airborne Snow Observatories, Inc. (ASO)",USCATE20260406v0,2026-04-06,2026-04-06,/Users/jtarrico/ch13_nisar_prelim/data/rasters/aso/ca/tuo/ASO_Tuolumne_2026Apr06_SurveyData_and_Reports,ASO_Tuolumne_NorthFork_2026Apr06_banded_swe.txt,ASO_Tuolumne_NorthFork_2026Apr06_banded_swe.txt,text/plain,report_text,file extension,2546,bacadb1c433fea4da72900b311893c07adb2f9ed4b81ff9c26e643ee780b9e8b,,,,,,,,,,,,,,,,"[""ASO_Tuolumne_2026Apr06_banded_swe.txt"",""ASO_Tuolumne_2026Apr06_m3w_hypso.pdf"",""ASO_Tuolumne_2026Apr06_multi_hypsometry_SWE.pdf"",""ASO_Tuolumne_2026Apr06_multi_sweVolume_STEP.pdf"",""ASO_Tuolumne_2026Apr06_radial_BB.pdf"",""ASO_Tuolumne_2026Apr06_radial_TAF.pdf"",""ASO_Tuolumne_2026Apr06_radial_VIS.pdf"",""ASO_Tuolumne_2026Apr06_radial_difference_TAF.pdf"",""ASO_Tuolumne_2026Apr06_radial_difference_sweDepth.pdf"",""ASO_Tuolumne_2026Apr06_radial_sweDepth.pdf"",""ASO_Tuolumne_2026Apr06_report_v0.pdf"",""ASO_Tuolumne_2026Apr06_sweVolume_STEP_2a.pdf"",""ASO_Tuolumne_2026Apr06_swe_50m.pdf"",""ASO_Tuolumne_2026Apr06_swe_report.txt"",""ASO_Tuolumne_Cherry_2026Apr06_banded_swe.txt"",""ASO_Tuolumne_Cherry_2026Apr06_swe_report.txt"",""ASO_Tuolumne_Eleanor_2026Apr06_banded_swe.txt"",""ASO_Tuolumne_Eleanor_2026Apr06_swe_report.txt"",""ASO_Tuolumne_Hetchy_2026Apr06_banded_swe.txt"",""ASO_Tuolumne_Hetchy_2026Apr06_swe_report.txt"",""ASO_Tuolumne_NorthFork_2026Apr06_banded_swe.txt"",""ASO_Tuolumne_NorthFork_2026Apr06_swe_report.txt"",""ASO_Tuolumne_SouthFork_2026Apr06_banded_swe.txt"",""ASO_Tuolumne_SouthFork_2026Apr06_swe_report.txt""]"
2026-09-28T20:13:50Z,ASO_Tuolumne_2026Apr06_SurveyData_and_Reports,"Airborne Snow Observatories, Inc. (ASO)",USCATE20260406v0,2026-04-06,2026-04-06,/Users/jtarrico/ch13_nisar_prelim/data/rasters/aso/ca/tuo/ASO_Tuolumne_2026Apr06_SurveyData_and_Reports,ASO_Tuolumne_NorthFork_2026Apr06_swe_report.txt,ASO_Tuolumne_NorthFork_2026Apr06_swe_report.txt,text/plain,report_text,file extension,759,f42cd424530a1408ad37bcb4de44d225e3d51bbfeba58a37dd4d3d0c4a079934,,,,,,,,,,,,,,,,"[""ASO_Tuolumne_2026Apr06_banded_swe.txt"",""ASO_Tuolumne_2026Apr06_m3w_hypso.pdf"",""ASO_Tuolumne_2026Apr06_multi_hypsometry_SWE.pdf"",""ASO_Tuolumne_2026Apr06_multi_sweVolume_STEP.pdf"",""ASO_Tuolumne_2026Apr06_radial_BB.pdf"",""ASO_Tuolumne_2026Apr06_radial_TAF.pdf"",""ASO_Tuolumne_2026Apr06_radial_VIS.pdf"",""ASO_Tuolumne_2026Apr06_radial_difference_TAF.pdf"",""ASO_Tuolumne_2026Apr06_radial_difference_sweDepth.pdf"",""ASO_Tuolumne_2026Apr06_radial_sweDepth.pdf"",""ASO_Tuolumne_2026Apr06_report_v0.pdf"",""ASO_Tuolumne_2026Apr06_sweVolume_STEP_2a.pdf"",""ASO_Tuolumne_2026Apr06_swe_50m.pdf"",""ASO_Tuolumne_2026Apr06_swe_report.txt"",""ASO_Tuolumne_Cherry_2026Apr06_banded_swe.txt"",""ASO_Tuolumne_Cherry_2026Apr06_swe_report.txt"",""ASO_Tuolumne_Eleanor_2026Apr06_banded_swe.txt"",""ASO_Tuolumne_Eleanor_2026Apr06_swe_report.txt"",""ASO_Tuolumne_Hetchy_2026Apr06_banded_swe.txt"",""ASO_Tuolumne_Hetchy_2026Apr06_swe_report.txt"",""ASO_Tuolumne_NorthFork_2026Apr06_banded_swe.txt"",""ASO_Tuolumne_NorthFork_2026Apr06_swe_report.txt"",""ASO_Tuolumne_SouthFork_2026Apr06_banded_swe.txt"",""ASO_Tuolumne_SouthFork_2026Apr06_swe_report.txt""]"
2026-09-28T20:13:50Z,ASO_Tuolumne_2026Apr06_SurveyData_and_Reports,"Airborne Snow Observatories, Inc. (ASO)",USCATE20260406v0,2026-04-06,2026-04-06,/Users/jtarrico/ch13_nisar_prelim/data/rasters/aso/ca/tuo/ASO_Tuolumne_2026Apr06_SurveyData_and_Reports,ASO_Tuolumne_NorthFork_2026Apr06_swe_volume_barplot.png,ASO_Tuolumne_NorthFork_2026Apr06_swe_volume_barplot.png,image/png,other_file,file extension or package inventory,84852,0168baf9cbdf18dcde402fcb4683951c844b20fca46edd08f6922c5b44e25c7f,,,,,,,,,,,,,,,,"[""ASO_Tuolumne_2026Apr06_banded_swe.txt"",""ASO_Tuolumne_2026Apr06_m3w_hypso.pdf"",""ASO_Tuolumne_2026Apr06_multi_hypsometry_SWE.pdf"",""ASO_Tuolumne_2026Apr06_multi_sweVolume_STEP.pdf"",""ASO_Tuolumne_2026Apr06_radial_BB.pdf"",""ASO_Tuolumne_2026Apr06_radial_TAF.pdf"",""ASO_Tuolumne_2026Apr06_radial_VIS.pdf"",""ASO_Tuolumne_2026Apr06_radial_difference_TAF.pdf"",""ASO_Tuolumne_2026Apr06_radial_difference_sweDepth.pdf"",""ASO_Tuolumne_2026Apr06_radial_sweDepth.pdf"",""ASO_Tuolumne_2026Apr06_report_v0.pdf"",""ASO_Tuolumne_2026Apr06_sweVolume_STEP_2a.pdf"",""ASO_Tuolumne_2026Apr06_swe_50m.pdf"",""ASO_Tuolumne_2026Apr06_swe_report.txt"",""ASO_Tuolumne_Cherry_2026Apr06_banded_swe.txt"",""ASO_Tuolumne_Cherry_2026Apr06_swe_report.txt"",""ASO_Tuolumne_Eleanor_2026Apr06_banded_swe.txt"",""ASO_Tuolumne_Eleanor_2026Apr06_swe_report.txt"",""ASO_Tuolumne_Hetchy_2026Apr06_banded_swe.txt"",""ASO_Tuolumne_Hetchy_2026Apr06_swe_report.txt"",""ASO_Tuolumne_NorthFork_2026Apr06_banded_swe.txt"",""ASO_Tuolumne_NorthFork_2026Apr06_swe_report.txt"",""ASO_Tuolumne_SouthFork_2026Apr06_banded_swe.txt"",""ASO_Tuolumne_SouthFork_2026Apr06_swe_report.txt""]"
2026-09-28T20:13:50Z,ASO_Tuolumne_2026Apr06_SurveyData_and_Reports,"Airborne Snow Observatories, Inc. (ASO)",USCATE20260406v0,2026-04-06,2026-04-06,/Users/jtarrico/ch13_nisar_prelim/data/rasters/aso/ca/tuo/ASO_Tuolumne_2026Apr06_SurveyData_and_Reports,ASO_Tuolumne_SouthFork_2026Apr06_banded_swe.txt,ASO_Tuolumne_SouthFork_2026Apr06_banded_swe.txt,text/plain,report_text,file extension,2546,87e1c35606fb1a5cac01b19d3e70492a3fb40bd814fb9b1ab324f5479b0b04b0,,,,,,,,,,,,,,,,"[""ASO_Tuolumne_2026Apr06_banded_swe.txt"",""ASO_Tuolumne_2026Apr06_m3w_hypso.pdf"",""ASO_Tuolumne_2026Apr06_multi_hypsometry_SWE.pdf"",""ASO_Tuolumne_2026Apr06_multi_sweVolume_STEP.pdf"",""ASO_Tuolumne_2026Apr06_radial_BB.pdf"",""ASO_Tuolumne_2026Apr06_radial_TAF.pdf"",""ASO_Tuolumne_2026Apr06_radial_VIS.pdf"",""ASO_Tuolumne_2026Apr06_radial_difference_TAF.pdf"",""ASO_Tuolumne_2026Apr06_radial_difference_sweDepth.pdf"",""ASO_Tuolumne_2026Apr06_radial_sweDepth.pdf"",""ASO_Tuolumne_2026Apr06_report_v0.pdf"",""ASO_Tuolumne_2026Apr06_sweVolume_STEP_2a.pdf"",""ASO_Tuolumne_2026Apr06_swe_50m.pdf"",""ASO_Tuolumne_2026Apr06_swe_report.txt"",""ASO_Tuolumne_Cherry_2026Apr06_banded_swe.txt"",""ASO_Tuolumne_Cherry_2026Apr06_swe_report.txt"",""ASO_Tuolumne_Eleanor_2026Apr06_banded_swe.txt"",""ASO_Tuolumne_Eleanor_2026Apr06_swe_report.txt"",""ASO_Tuolumne_Hetchy_2026Apr06_banded_swe.txt"",""ASO_Tuolumne_Hetchy_2026Apr06_swe_report.txt"",""ASO_Tuolumne_NorthFork_2026Apr06_banded_swe.txt"",""ASO_Tuolumne_NorthFork_2026Apr06_swe_report.txt"",""ASO_Tuolumne_SouthFork_2026Apr06_banded_swe.txt"",""ASO_Tuolumne_SouthFork_2026Apr06_swe_report.txt""]"
2026-09-28T20:13:50Z,ASO_Tuolumne_2026Apr06_SurveyData_and_Reports,"Airborne Snow Observatories, Inc. (ASO)",USCATE20260406v0,2026-04-06,2026-04-06,/Users/jtarrico/ch13_nisar_prelim/data/rasters/aso/ca/tuo/ASO_Tuolumne_2026Apr06_SurveyData_and_Reports,ASO_Tuolumne_SouthFork_2026Apr06_swe_report.txt,ASO_Tuolumne_SouthFork_2026Apr06_swe_report.txt,text/plain,report_text,file extension,759,33f8d657909abaf9f31729f841753756c95e2d62e1455d434831a69ad13be323,,,,,,,,,,,,,,,,"[""ASO_Tuolumne_2026Apr06_banded_swe.txt"",""ASO_Tuolumne_2026Apr06_m3w_hypso.pdf"",""ASO_Tuolumne_2026Apr06_multi_hypsometry_SWE.pdf"",""ASO_Tuolumne_2026Apr06_multi_sweVolume_STEP.pdf"",""ASO_Tuolumne_2026Apr06_radial_BB.pdf"",""ASO_Tuolumne_2026Apr06_radial_TAF.pdf"",""ASO_Tuolumne_2026Apr06_radial_VIS.pdf"",""ASO_Tuolumne_2026Apr06_radial_difference_TAF.pdf"",""ASO_Tuolumne_2026Apr06_radial_difference_sweDepth.pdf"",""ASO_Tuolumne_2026Apr06_radial_sweDepth.pdf"",""ASO_Tuolumne_2026Apr06_report_v0.pdf"",""ASO_Tuolumne_2026Apr06_sweVolume_STEP_2a.pdf"",""ASO_Tuolumne_2026Apr06_swe_50m.pdf"",""ASO_Tuolumne_2026Apr06_swe_report.txt"",""ASO_Tuolumne_Cherry_2026Apr06_banded_swe.txt"",""ASO_Tuolumne_Cherry_2026Apr06_swe_report.txt"",""ASO_Tuolumne_Eleanor_2026Apr06_banded_swe.txt"",""ASO_Tuolumne_Eleanor_2026Apr06_swe_report.txt"",""ASO_Tuolumne_Hetchy_2026Apr06_banded_swe.txt"",""ASO_Tuolumne_Hetchy_2026Apr06_swe_report.txt"",""ASO_Tuolumne_NorthFork_2026Apr06_banded_swe.txt"",""ASO_Tuolumne_NorthFork_2026Apr06_swe_report.txt"",""ASO_Tuolumne_SouthFork_2026Apr06_banded_swe.txt"",""ASO_Tuolumne_SouthFork_2026Apr06_swe_report.txt""]"
2026-09-28T20:13:50Z,ASO_Tuolumne_2026Apr06_SurveyData_and_Reports,"Airborne Snow Observatories, Inc. (ASO)",USCATE20260406v0,2026-04-06,2026-04-06,/Users/jtarrico/ch13_nisar_prelim/data/rasters/aso/ca/tuo/ASO_Tuolumne_2026Apr06_SurveyData_and_Reports,ASO_Tuolumne_SouthFork_2026Apr06_swe_volume_barplot.png,ASO_Tuolumne_SouthFork_2026Apr06_swe_volume_barplot.png,image/png,other_file,file extension or package inventory,83877,b960ad2a69bcdf339476d2e510fe7fc0562f2af5a383fe9c30b3ff6be8088b39,,,,,,,,,,,,,,,,"[""ASO_Tuolumne_2026Apr06_banded_swe.txt"",""ASO_Tuolumne_2026Apr06_m3w_hypso.pdf"",""ASO_Tuolumne_2026Apr06_multi_hypsometry_SWE.pdf"",""ASO_Tuolumne_2026Apr06_multi_sweVolume_STEP.pdf"",""ASO_Tuolumne_2026Apr06_radial_BB.pdf"",""ASO_Tuolumne_2026Apr06_radial_TAF.pdf"",""ASO_Tuolumne_2026Apr06_radial_VIS.pdf"",""ASO_Tuolumne_2026Apr06_radial_difference_TAF.pdf"",""ASO_Tuolumne_2026Apr06_radial_difference_sweDepth.pdf"",""ASO_Tuolumne_2026Apr06_radial_sweDepth.pdf"",""ASO_Tuolumne_2026Apr06_report_v0.pdf"",""ASO_Tuolumne_2026Apr06_sweVolume_STEP_2a.pdf"",""ASO_Tuolumne_2026Apr06_swe_50m.pdf"",""ASO_Tuolumne_2026Apr06_swe_report.txt"",""ASO_Tuolumne_Cherry_2026Apr06_banded_swe.txt"",""ASO_Tuolumne_Cherry_2026Apr06_swe_report.txt"",""ASO_Tuolumne_Eleanor_2026Apr06_banded_swe.txt"",""ASO_Tuolumne_Eleanor_2026Apr06_swe_report.txt"",""ASO_Tuolumne_Hetchy_2026Apr06_banded_swe.txt"",""ASO_Tuolumne_Hetchy_2026Apr06_swe_report.txt"",""ASO_Tuolumne_NorthFork_2026Apr06_banded_swe.txt"",""ASO_Tuolumne_NorthFork_2026Apr06_swe_report.txt"",""ASO_Tuolumne_SouthFork_2026Apr06_banded_swe.txt"",""ASO_Tuolumne_SouthFork_2026Apr06_swe_report.txt""]"
