inventory_created_utc,dataset,provider,product,maturity,version,collection_version,crid,product_version,identifier,collection_concept_id,granule_concept_id,basin,track_frame,orbit_direction,acquisition_start,acquisition_end,units,crs,resolution,local_expected_path,download_method,persistent_identifier,study_role,independence_category,checksum_algorithm,checksum,file_size_bytes,source_metadata_uri,notes
2026-09-28T20:13:50Z,ASO_Tuolumne_2026Jan31-Feb01_AllData_and_Reports,"Airborne Snow Observatories, Inc. (ASO)",report_text,,USCATE20260131v0,,,USCATE20260131v0,ASO_Tuolumne_2026Jan31-Feb01_banded_swe.txt,,,Tuolumne River Basin,,,2026-01-31,2026-02-01,,,,/Users/jtarrico/ch13_nisar_prelim/data/rasters/aso/ca/tuo/ASO_Tuolumne_2026Jan31-Feb01_AllData_and_Reports/ASO_Tuolumne_2026Jan31-Feb01_banded_swe.txt,Provided local source package,,inventory_only; package purpose is in charter,,SHA-256,d9457036e10dfa4ff756fff95c23fd82fe0a363395c2500cf40bcf592f1b426f,2533,,Survey 2026-01-31 to 2026-02-01; file extension
2026-09-28T20:13:50Z,ASO_Tuolumne_2026Jan31-Feb01_AllData_and_Reports,"Airborne Snow Observatories, Inc. (ASO)",report_pdf,,USCATE20260131v0,,,USCATE20260131v0,ASO_Tuolumne_2026Jan31-Feb01_report_v0.pdf,,,Tuolumne River Basin,,,2026-01-31,2026-02-01,,,,/Users/jtarrico/ch13_nisar_prelim/data/rasters/aso/ca/tuo/ASO_Tuolumne_2026Jan31-Feb01_AllData_and_Reports/ASO_Tuolumne_2026Jan31-Feb01_report_v0.pdf,Provided local source package,,inventory_only; package purpose is in charter,,SHA-256,87351c8dd38ba0a96c7e5175c0ff68b3e92a367e5ba2b777cb311279ddb0c1f4,1897317,,Survey 2026-01-31 to 2026-02-01; file extension
2026-09-28T20:13:50Z,ASO_Tuolumne_2026Jan31-Feb01_AllData_and_Reports,"Airborne Snow Observatories, Inc. (ASO)",snow_depth_raster_candidate,,USCATE20260131v0,,,USCATE20260131v0,ASO_Tuolumne_2026Jan31-Feb01_snowdepth_3m.tif,,,Tuolumne River Basin,,,2026-01-31,2026-02-01,,EPSG:32611,"[3.0,3.0]",/Users/jtarrico/ch13_nisar_prelim/data/rasters/aso/ca/tuo/ASO_Tuolumne_2026Jan31-Feb01_AllData_and_Reports/ASO_Tuolumne_2026Jan31-Feb01_snowdepth_3m.tif,Provided local source package,,inventory_only; package purpose is in charter,,SHA-256,b04c6718ce3f9986fde6d1b67e940d28198c9388477037eca3166334f0acc119,2322065314,,Survey 2026-01-31 to 2026-02-01; filename label; package report gives mean depth in m (ASO_Tuolumne_SouthFork_2026Jan31-Feb01_swe_report.txt); exact raster linkage is not stated
2026-09-28T20:13:50Z,ASO_Tuolumne_2026Jan31-Feb01_AllData_and_Reports,"Airborne Snow Observatories, Inc. (ASO)",raster_sidecar,,USCATE20260131v0,,,USCATE20260131v0,ASO_Tuolumne_2026Jan31-Feb01_snowdepth_3m.tif.aux.xml,,,Tuolumne River Basin,,,2026-01-31,2026-02-01,,,,/Users/jtarrico/ch13_nisar_prelim/data/rasters/aso/ca/tuo/ASO_Tuolumne_2026Jan31-Feb01_AllData_and_Reports/ASO_Tuolumne_2026Jan31-Feb01_snowdepth_3m.tif.aux.xml,Provided local source package,,inventory_only; package purpose is in charter,,SHA-256,5731e97238e3c442c7fe3a3f1ae5fd74562a23c6729e7ff9922ab3fe44109893,3569,,Survey 2026-01-31 to 2026-02-01; GDAL auxiliary XML filename
2026-09-28T20:13:50Z,ASO_Tuolumne_2026Jan31-Feb01_AllData_and_Reports,"Airborne Snow Observatories, Inc. (ASO)",snow_depth_raster_candidate,,USCATE20260131v0,,,USCATE20260131v0,ASO_Tuolumne_2026Jan31-Feb01_snowdepth_50m.tif,,,Tuolumne River Basin,,,2026-01-31,2026-02-01,,EPSG:32611,"[50.0,50.0]",/Users/jtarrico/ch13_nisar_prelim/data/rasters/aso/ca/tuo/ASO_Tuolumne_2026Jan31-Feb01_AllData_and_Reports/ASO_Tuolumne_2026Jan31-Feb01_snowdepth_50m.tif,Provided local source package,,inventory_only; package purpose is in charter,,SHA-256,00e00237416bf51c346638f061b05fa2d0bdee6a2354c9ab02af52c057c412a5,8463228,,Survey 2026-01-31 to 2026-02-01; filename label; package report gives mean depth in m (ASO_Tuolumne_SouthFork_2026Jan31-Feb01_swe_report.txt); exact raster linkage is not stated
2026-09-28T20:13:50Z,ASO_Tuolumne_2026Jan31-Feb01_AllData_and_Reports,"Airborne Snow Observatories, Inc. (ASO)",swe_raster,,USCATE20260131v0,,,USCATE20260131v0,ASO_Tuolumne_2026Jan31-Feb01_swe_50m.tif,,,Tuolumne River Basin,,,2026-01-31,2026-02-01,m,EPSG:32611,"[50.0,50.0]",/Users/jtarrico/ch13_nisar_prelim/data/rasters/aso/ca/tuo/ASO_Tuolumne_2026Jan31-Feb01_AllData_and_Reports/ASO_Tuolumne_2026Jan31-Feb01_swe_50m.tif,Provided local source package,,inventory_only; package purpose is in charter,,SHA-256,95cc3ba9ee6bf758a35a823b0c62273c040e89bacba1d0003f8fe90547d20ca7,8463222,,Survey 2026-01-31 to 2026-02-01; matched SWE File Used entry in package text report; mean SWE unit in ASO_Tuolumne_2026Jan31-Feb01_swe_report.txt; the report identifies this raster as SWE input
2026-09-28T20:13:50Z,ASO_Tuolumne_2026Jan31-Feb01_AllData_and_Reports,"Airborne Snow Observatories, Inc. (ASO)",raster_sidecar,,USCATE20260131v0,,,USCATE20260131v0,ASO_Tuolumne_2026Jan31-Feb01_swe_50m.tif.aux.xml,,,Tuolumne River Basin,,,2026-01-31,2026-02-01,,,,/Users/jtarrico/ch13_nisar_prelim/data/rasters/aso/ca/tuo/ASO_Tuolumne_2026Jan31-Feb01_AllData_and_Reports/ASO_Tuolumne_2026Jan31-Feb01_swe_50m.tif.aux.xml,Provided local source package,,inventory_only; package purpose is in charter,,SHA-256,160dce00a5b72b75da2950fc3144bc39b2fbefe89967965521cfc32a1566b209,3064,,Survey 2026-01-31 to 2026-02-01; GDAL auxiliary XML filename
2026-09-28T20:13:50Z,ASO_Tuolumne_2026Jan31-Feb01_AllData_and_Reports,"Airborne Snow Observatories, Inc. (ASO)",summary_table,,USCATE20260131v0,,,USCATE20260131v0,ASO_Tuolumne_2026Jan31-Feb01_swe_RFC_aggregate.csv,,,Tuolumne River Basin,,,2026-01-31,2026-02-01,,,,/Users/jtarrico/ch13_nisar_prelim/data/rasters/aso/ca/tuo/ASO_Tuolumne_2026Jan31-Feb01_AllData_and_Reports/ASO_Tuolumne_2026Jan31-Feb01_swe_RFC_aggregate.csv,Provided local source package,,inventory_only; package purpose is in charter,,SHA-256,e295c224950c431bc8bf30f111c9f1faefc0da76bdf33aa3d7e3cafa7ddc9e7d,1330,,Survey 2026-01-31 to 2026-02-01; file extension
2026-09-28T20:13:50Z,ASO_Tuolumne_2026Jan31-Feb01_AllData_and_Reports,"Airborne Snow Observatories, Inc. (ASO)",report_text,,USCATE20260131v0,,,USCATE20260131v0,ASO_Tuolumne_2026Jan31-Feb01_swe_report.txt,,,Tuolumne River Basin,,,2026-01-31,2026-02-01,,,,/Users/jtarrico/ch13_nisar_prelim/data/rasters/aso/ca/tuo/ASO_Tuolumne_2026Jan31-Feb01_AllData_and_Reports/ASO_Tuolumne_2026Jan31-Feb01_swe_report.txt,Provided local source package,,inventory_only; package purpose is in charter,,SHA-256,3ea81234ab7df3b0d16a9bf45cc691a7b1f03254f65907b4645d5bd39c595d85,758,,Survey 2026-01-31 to 2026-02-01; file extension
2026-09-28T20:13:50Z,ASO_Tuolumne_2026Jan31-Feb01_AllData_and_Reports,"Airborne Snow Observatories, Inc. (ASO)",other_file,,USCATE20260131v0,,,USCATE20260131v0,ASO_Tuolumne_2026Jan31-Feb01_swe_volume_barplot.png,,,Tuolumne River Basin,,,2026-01-31,2026-02-01,,,,/Users/jtarrico/ch13_nisar_prelim/data/rasters/aso/ca/tuo/ASO_Tuolumne_2026Jan31-Feb01_AllData_and_Reports/ASO_Tuolumne_2026Jan31-Feb01_swe_volume_barplot.png,Provided local source package,,inventory_only; package purpose is in charter,,SHA-256,f2fd137be3d4ef781e1fca18af3ec5d93e0757ce9875ea3c227eeefaae2a391e,78919,,Survey 2026-01-31 to 2026-02-01; file extension or package inventory
2026-09-28T20:13:50Z,ASO_Tuolumne_2026Jan31-Feb01_AllData_and_Reports,"Airborne Snow Observatories, Inc. (ASO)",report_pdf,,USCATE20260131v0,,,USCATE20260131v0,ASO_Tuolumne_2026Jan31_hypsometry_SWE.pdf,,,Tuolumne River Basin,,,2026-01-31,2026-02-01,,,,/Users/jtarrico/ch13_nisar_prelim/data/rasters/aso/ca/tuo/ASO_Tuolumne_2026Jan31-Feb01_AllData_and_Reports/ASO_Tuolumne_2026Jan31_hypsometry_SWE.pdf,Provided local source package,,inventory_only; package purpose is in charter,,SHA-256,60a82111111b6e576ddc6b55baa443ac9e01663e169f03b9d54bb5cf83066d13,15727,,Survey 2026-01-31 to 2026-02-01; file extension
2026-09-28T20:13:50Z,ASO_Tuolumne_2026Jan31-Feb01_AllData_and_Reports,"Airborne Snow Observatories, Inc. (ASO)",report_pdf,,USCATE20260131v0,,,USCATE20260131v0,ASO_Tuolumne_2026Jan31_m3w_hypso.pdf,,,Tuolumne River Basin,,,2026-01-31,2026-02-01,,,,/Users/jtarrico/ch13_nisar_prelim/data/rasters/aso/ca/tuo/ASO_Tuolumne_2026Jan31-Feb01_AllData_and_Reports/ASO_Tuolumne_2026Jan31_m3w_hypso.pdf,Provided local source package,,inventory_only; package purpose is in charter,,SHA-256,76b480a326c203893c0c7c613b7679c5e1d139bf013f372e97058cd3d90371e4,16731,,Survey 2026-01-31 to 2026-02-01; file extension
2026-09-28T20:13:50Z,ASO_Tuolumne_2026Jan31-Feb01_AllData_and_Reports,"Airborne Snow Observatories, Inc. (ASO)",report_pdf,,USCATE20260131v0,,,USCATE20260131v0,ASO_Tuolumne_2026Jan31_radial_TAF.pdf,,,Tuolumne River Basin,,,2026-01-31,2026-02-01,,,,/Users/jtarrico/ch13_nisar_prelim/data/rasters/aso/ca/tuo/ASO_Tuolumne_2026Jan31-Feb01_AllData_and_Reports/ASO_Tuolumne_2026Jan31_radial_TAF.pdf,Provided local source package,,inventory_only; package purpose is in charter,,SHA-256,ca7a4f9fe729da2c2c9b4edd3e1f38c31913a8debf18eaec7f450f20f7c51ac9,42639,,Survey 2026-01-31 to 2026-02-01; file extension
2026-09-28T20:13:50Z,ASO_Tuolumne_2026Jan31-Feb01_AllData_and_Reports,"Airborne Snow Observatories, Inc. (ASO)",report_pdf,,USCATE20260131v0,,,USCATE20260131v0,ASO_Tuolumne_2026Jan31_radial_sweDepth.pdf,,,Tuolumne River Basin,,,2026-01-31,2026-02-01,,,,/Users/jtarrico/ch13_nisar_prelim/data/rasters/aso/ca/tuo/ASO_Tuolumne_2026Jan31-Feb01_AllData_and_Reports/ASO_Tuolumne_2026Jan31_radial_sweDepth.pdf,Provided local source package,,inventory_only; package purpose is in charter,,SHA-256,ab5ab03d444072411ec91f910b905d5ea3ea39c7a674266236f937be8b864d0f,41842,,Survey 2026-01-31 to 2026-02-01; file extension
2026-09-28T20:13:50Z,ASO_Tuolumne_2026Jan31-Feb01_AllData_and_Reports,"Airborne Snow Observatories, Inc. (ASO)",report_pdf,,USCATE20260131v0,,,USCATE20260131v0,ASO_Tuolumne_2026Jan31_sweVolume_STEP_2a.pdf,,,Tuolumne River Basin,,,2026-01-31,2026-02-01,,,,/Users/jtarrico/ch13_nisar_prelim/data/rasters/aso/ca/tuo/ASO_Tuolumne_2026Jan31-Feb01_AllData_and_Reports/ASO_Tuolumne_2026Jan31_sweVolume_STEP_2a.pdf,Provided local source package,,inventory_only; package purpose is in charter,,SHA-256,9eb0cd31e444d353fe50a5de1159c5d35b0880cade11e0dacc841c9268ac12a1,14412,,Survey 2026-01-31 to 2026-02-01; file extension
2026-09-28T20:13:50Z,ASO_Tuolumne_2026Jan31-Feb01_AllData_and_Reports,"Airborne Snow Observatories, Inc. (ASO)",report_pdf,,USCATE20260131v0,,,USCATE20260131v0,ASO_Tuolumne_2026Jan31_swe_50m.pdf,,,Tuolumne River Basin,,,2026-01-31,2026-02-01,,,,/Users/jtarrico/ch13_nisar_prelim/data/rasters/aso/ca/tuo/ASO_Tuolumne_2026Jan31-Feb01_AllData_and_Reports/ASO_Tuolumne_2026Jan31_swe_50m.pdf,Provided local source package,,inventory_only; package purpose is in charter,,SHA-256,6d84d91e1fccd453fb2a211c519d715099ddb40c6833717f51c2349cda3dc2d8,1185310,,Survey 2026-01-31 to 2026-02-01; file extension
2026-09-28T20:13:50Z,ASO_Tuolumne_2026Jan31-Feb01_AllData_and_Reports,"Airborne Snow Observatories, Inc. (ASO)",report_text,,USCATE20260131v0,,,USCATE20260131v0,ASO_Tuolumne_Cherry_2026Jan31-Feb01_banded_swe.txt,,,Tuolumne River Basin,,,2026-01-31,2026-02-01,,,,/Users/jtarrico/ch13_nisar_prelim/data/rasters/aso/ca/tuo/ASO_Tuolumne_2026Jan31-Feb01_AllData_and_Reports/ASO_Tuolumne_Cherry_2026Jan31-Feb01_banded_swe.txt,Provided local source package,,inventory_only; package purpose is in charter,,SHA-256,f72ee5c2b0f228036c0eeb1547d21b4c0a1534d314aac4cb0484bd232001243e,2553,,Survey 2026-01-31 to 2026-02-01; file extension
2026-09-28T20:13:50Z,ASO_Tuolumne_2026Jan31-Feb01_AllData_and_Reports,"Airborne Snow Observatories, Inc. (ASO)",report_text,,USCATE20260131v0,,,USCATE20260131v0,ASO_Tuolumne_Cherry_2026Jan31-Feb01_swe_report.txt,,,Tuolumne River Basin,,,2026-01-31,2026-02-01,,,,/Users/jtarrico/ch13_nisar_prelim/data/rasters/aso/ca/tuo/ASO_Tuolumne_2026Jan31-Feb01_AllData_and_Reports/ASO_Tuolumne_Cherry_2026Jan31-Feb01_swe_report.txt,Provided local source package,,inventory_only; package purpose is in charter,,SHA-256,d056dfd6a7198ff7ef135cf2e1fd5cb293644e44bf62d3b8283c82b4ed658248,766,,Survey 2026-01-31 to 2026-02-01; file extension
2026-09-28T20:13:50Z,ASO_Tuolumne_2026Jan31-Feb01_AllData_and_Reports,"Airborne Snow Observatories, Inc. (ASO)",other_file,,USCATE20260131v0,,,USCATE20260131v0,ASO_Tuolumne_Cherry_2026Jan31-Feb01_swe_volume_barplot.png,,,Tuolumne River Basin,,,2026-01-31,2026-02-01,,,,/Users/jtarrico/ch13_nisar_prelim/data/rasters/aso/ca/tuo/ASO_Tuolumne_2026Jan31-Feb01_AllData_and_Reports/ASO_Tuolumne_Cherry_2026Jan31-Feb01_swe_volume_barplot.png,Provided local source package,,inventory_only; package purpose is in charter,,SHA-256,ba7f9c77ea4c04990fe75097b0165c4b391ddb32c91082c2c9e9ad37793d7d0c,77670,,Survey 2026-01-31 to 2026-02-01; file extension or package inventory
2026-09-28T20:13:50Z,ASO_Tuolumne_2026Jan31-Feb01_AllData_and_Reports,"Airborne Snow Observatories, Inc. (ASO)",report_text,,USCATE20260131v0,,,USCATE20260131v0,ASO_Tuolumne_Eleanor_2026Jan31-Feb01_banded_swe.txt,,,Tuolumne River Basin,,,2026-01-31,2026-02-01,,,,/Users/jtarrico/ch13_nisar_prelim/data/rasters/aso/ca/tuo/ASO_Tuolumne_2026Jan31-Feb01_AllData_and_Reports/ASO_Tuolumne_Eleanor_2026Jan31-Feb01_banded_swe.txt,Provided local source package,,inventory_only; package purpose is in charter,,SHA-256,2460a32c66a96d703a3795b86a61443a74e541e1d64c306222b8c6f390682608,2555,,Survey 2026-01-31 to 2026-02-01; file extension
2026-09-28T20:13:50Z,ASO_Tuolumne_2026Jan31-Feb01_AllData_and_Reports,"Airborne Snow Observatories, Inc. (ASO)",report_text,,USCATE20260131v0,,,USCATE20260131v0,ASO_Tuolumne_Eleanor_2026Jan31-Feb01_swe_report.txt,,,Tuolumne River Basin,,,2026-01-31,2026-02-01,,,,/Users/jtarrico/ch13_nisar_prelim/data/rasters/aso/ca/tuo/ASO_Tuolumne_2026Jan31-Feb01_AllData_and_Reports/ASO_Tuolumne_Eleanor_2026Jan31-Feb01_swe_report.txt,Provided local source package,,inventory_only; package purpose is in charter,,SHA-256,00aa3b99f0e20c29d26d204bdc19f71f1fbb4a7886c1faa2ab643e0e02ea8950,768,,Survey 2026-01-31 to 2026-02-01; file extension
2026-09-28T20:13:50Z,ASO_Tuolumne_2026Jan31-Feb01_AllData_and_Reports,"Airborne Snow Observatories, Inc. (ASO)",other_file,,USCATE20260131v0,,,USCATE20260131v0,ASO_Tuolumne_Eleanor_2026Jan31-Feb01_swe_volume_barplot.png,,,Tuolumne River Basin,,,2026-01-31,2026-02-01,,,,/Users/jtarrico/ch13_nisar_prelim/data/rasters/aso/ca/tuo/ASO_Tuolumne_2026Jan31-Feb01_AllData_and_Reports/ASO_Tuolumne_Eleanor_2026Jan31-Feb01_swe_volume_barplot.png,Provided local source package,,inventory_only; package purpose is in charter,,SHA-256,169296d9b71e12278c321b836ec2de5ae633b58ea961dae5604cf02f48b06e2f,76798,,Survey 2026-01-31 to 2026-02-01; file extension or package inventory
2026-09-28T20:13:50Z,ASO_Tuolumne_2026Jan31-Feb01_AllData_and_Reports,"Airborne Snow Observatories, Inc. (ASO)",report_text,,USCATE20260131v0,,,USCATE20260131v0,ASO_Tuolumne_Hetchy_2026Jan31-Feb01_banded_swe.txt,,,Tuolumne River Basin,,,2026-01-31,2026-02-01,,,,/Users/jtarrico/ch13_nisar_prelim/data/rasters/aso/ca/tuo/ASO_Tuolumne_2026Jan31-Feb01_AllData_and_Reports/ASO_Tuolumne_Hetchy_2026Jan31-Feb01_banded_swe.txt,Provided local source package,,inventory_only; package purpose is in charter,,SHA-256,b988d42b09407a4a320db9ed8a1cfdcdcac75a1723b1d1c53a69cf50ed04c006,2547,,Survey 2026-01-31 to 2026-02-01; file extension
2026-09-28T20:13:50Z,ASO_Tuolumne_2026Jan31-Feb01_AllData_and_Reports,"Airborne Snow Observatories, Inc. (ASO)",report_text,,USCATE20260131v0,,,USCATE20260131v0,ASO_Tuolumne_Hetchy_2026Jan31-Feb01_swe_report.txt,,,Tuolumne River Basin,,,2026-01-31,2026-02-01,,,,/Users/jtarrico/ch13_nisar_prelim/data/rasters/aso/ca/tuo/ASO_Tuolumne_2026Jan31-Feb01_AllData_and_Reports/ASO_Tuolumne_Hetchy_2026Jan31-Feb01_swe_report.txt,Provided local source package,,inventory_only; package purpose is in charter,,SHA-256,8f07184a72866d8ab1ace6c5499e113b008b50fef76000be1f66bba63ed4dd22,770,,Survey 2026-01-31 to 2026-02-01; file extension
2026-09-28T20:13:50Z,ASO_Tuolumne_2026Jan31-Feb01_AllData_and_Reports,"Airborne Snow Observatories, Inc. (ASO)",other_file,,USCATE20260131v0,,,USCATE20260131v0,ASO_Tuolumne_Hetchy_2026Jan31-Feb01_swe_volume_barplot.png,,,Tuolumne River Basin,,,2026-01-31,2026-02-01,,,,/Users/jtarrico/ch13_nisar_prelim/data/rasters/aso/ca/tuo/ASO_Tuolumne_2026Jan31-Feb01_AllData_and_Reports/ASO_Tuolumne_Hetchy_2026Jan31-Feb01_swe_volume_barplot.png,Provided local source package,,inventory_only; package purpose is in charter,,SHA-256,32da3be8fc740a6cb30b968d775c64c125197b95cdad9140cebda59ac64dda65,80410,,Survey 2026-01-31 to 2026-02-01; file extension or package inventory
2026-09-28T20:13:50Z,ASO_Tuolumne_2026Jan31-Feb01_AllData_and_Reports,"Airborne Snow Observatories, Inc. (ASO)",report_text,,USCATE20260131v0,,,USCATE20260131v0,ASO_Tuolumne_NorthFork_2026Jan31-Feb01_banded_swe.txt,,,Tuolumne River Basin,,,2026-01-31,2026-02-01,,,,/Users/jtarrico/ch13_nisar_prelim/data/rasters/aso/ca/tuo/ASO_Tuolumne_2026Jan31-Feb01_AllData_and_Reports/ASO_Tuolumne_NorthFork_2026Jan31-Feb01_banded_swe.txt,Provided local source package,,inventory_only; package purpose is in charter,,SHA-256,273791c08acc880200a1a762aef06cb54cfc7d1c3ea853c3fd872599d8ee8c03,2558,,Survey 2026-01-31 to 2026-02-01; file extension
2026-09-28T20:13:50Z,ASO_Tuolumne_2026Jan31-Feb01_AllData_and_Reports,"Airborne Snow Observatories, Inc. (ASO)",report_text,,USCATE20260131v0,,,USCATE20260131v0,ASO_Tuolumne_NorthFork_2026Jan31-Feb01_swe_report.txt,,,Tuolumne River Basin,,,2026-01-31,2026-02-01,,,,/Users/jtarrico/ch13_nisar_prelim/data/rasters/aso/ca/tuo/ASO_Tuolumne_2026Jan31-Feb01_AllData_and_Reports/ASO_Tuolumne_NorthFork_2026Jan31-Feb01_swe_report.txt,Provided local source package,,inventory_only; package purpose is in charter,,SHA-256,696b4e1fd6edd9fc1108b0b3806591ab30b9a7227e8441c464617894156cfbe8,773,,Survey 2026-01-31 to 2026-02-01; file extension
2026-09-28T20:13:50Z,ASO_Tuolumne_2026Jan31-Feb01_AllData_and_Reports,"Airborne Snow Observatories, Inc. (ASO)",other_file,,USCATE20260131v0,,,USCATE20260131v0,ASO_Tuolumne_NorthFork_2026Jan31-Feb01_swe_volume_barplot.png,,,Tuolumne River Basin,,,2026-01-31,2026-02-01,,,,/Users/jtarrico/ch13_nisar_prelim/data/rasters/aso/ca/tuo/ASO_Tuolumne_2026Jan31-Feb01_AllData_and_Reports/ASO_Tuolumne_NorthFork_2026Jan31-Feb01_swe_volume_barplot.png,Provided local source package,,inventory_only; package purpose is in charter,,SHA-256,fadac06e2f5be7071bb2779dbd66a0a3f71b8ba6e10652227180a48680649079,76994,,Survey 2026-01-31 to 2026-02-01; file extension or package inventory
2026-09-28T20:13:50Z,ASO_Tuolumne_2026Jan31-Feb01_AllData_and_Reports,"Airborne Snow Observatories, Inc. (ASO)",report_text,,USCATE20260131v0,,,USCATE20260131v0,ASO_Tuolumne_SouthFork_2026Jan31-Feb01_banded_swe.txt,,,Tuolumne River Basin,,,2026-01-31,2026-02-01,,,,/Users/jtarrico/ch13_nisar_prelim/data/rasters/aso/ca/tuo/ASO_Tuolumne_2026Jan31-Feb01_AllData_and_Reports/ASO_Tuolumne_SouthFork_2026Jan31-Feb01_banded_swe.txt,Provided local source package,,inventory_only; package purpose is in charter,,SHA-256,df9c14808322a1f8329162318b6e9b71a4cc9108a33b49a31c2afec1f4b401b6,2558,,Survey 2026-01-31 to 2026-02-01; file extension
2026-09-28T20:13:50Z,ASO_Tuolumne_2026Jan31-Feb01_AllData_and_Reports,"Airborne Snow Observatories, Inc. (ASO)",report_text,,USCATE20260131v0,,,USCATE20260131v0,ASO_Tuolumne_SouthFork_2026Jan31-Feb01_swe_report.txt,,,Tuolumne River Basin,,,2026-01-31,2026-02-01,,,,/Users/jtarrico/ch13_nisar_prelim/data/rasters/aso/ca/tuo/ASO_Tuolumne_2026Jan31-Feb01_AllData_and_Reports/ASO_Tuolumne_SouthFork_2026Jan31-Feb01_swe_report.txt,Provided local source package,,inventory_only; package purpose is in charter,,SHA-256,197ae660f3a0e1c122faf679a207a73c50a333626b06d458934520ad1c6b6005,773,,Survey 2026-01-31 to 2026-02-01; file extension
2026-09-28T20:13:50Z,ASO_Tuolumne_2026Jan31-Feb01_AllData_and_Reports,"Airborne Snow Observatories, Inc. (ASO)",other_file,,USCATE20260131v0,,,USCATE20260131v0,ASO_Tuolumne_SouthFork_2026Jan31-Feb01_swe_volume_barplot.png,,,Tuolumne River Basin,,,2026-01-31,2026-02-01,,,,/Users/jtarrico/ch13_nisar_prelim/data/rasters/aso/ca/tuo/ASO_Tuolumne_2026Jan31-Feb01_AllData_and_Reports/ASO_Tuolumne_SouthFork_2026Jan31-Feb01_swe_volume_barplot.png,Provided local source package,,inventory_only; package purpose is in charter,,SHA-256,60656e81440435a825ac4e313a783a5d2b06d0769f0a89c353f0026204e0f70c,75433,,Survey 2026-01-31 to 2026-02-01; file extension or package inventory
2026-09-28T20:13:50Z,ASO_Tuolumne_2026Feb27-28_SurveyData_and_Reports,"Airborne Snow Observatories, Inc. (ASO)",albedo_raster,,USCATE20260227v0,,,USCATE20260227v0,ASO_Tuolumne_2026Feb27-28_BBalbedo_50m.tif,,,Tuolumne River Basin,,,2026-02-27,2026-02-28,,EPSG:32611,"[50.0,50.0]",/Users/jtarrico/ch13_nisar_prelim/data/rasters/aso/ca/tuo/ASO_Tuolumne_2026Feb27-28_SurveyData_and_Reports/ASO_Tuolumne_2026Feb27-28_BBalbedo_50m.tif,Provided local source package,,inventory_only; package purpose is in charter,,SHA-256,00c19e4507c3cbfc59a53f1cb43b2601db623c64a59567dd072411f6ab8699c9,4231806,,Survey 2026-02-27 to 2026-02-28; filename label
2026-09-28T20:13:50Z,ASO_Tuolumne_2026Feb27-28_SurveyData_and_Reports,"Airborne Snow Observatories, Inc. (ASO)",albedo_raster,,USCATE20260227v0,,,USCATE20260227v0,ASO_Tuolumne_2026Feb27-28_NIRalbedo_50m.tif,,,Tuolumne River Basin,,,2026-02-27,2026-02-28,,EPSG:32611,"[50.0,50.0]",/Users/jtarrico/ch13_nisar_prelim/data/rasters/aso/ca/tuo/ASO_Tuolumne_2026Feb27-28_SurveyData_and_Reports/ASO_Tuolumne_2026Feb27-28_NIRalbedo_50m.tif,Provided local source package,,inventory_only; package purpose is in charter,,SHA-256,e7b5d5f838e1967819e15ad7e51ef73274cddcae430956d3fb64b2e0c982c54d,4231806,,Survey 2026-02-27 to 2026-02-28; filename label
2026-09-28T20:13:50Z,ASO_Tuolumne_2026Feb27-28_SurveyData_and_Reports,"Airborne Snow Observatories, Inc. (ASO)",albedo_raster,,USCATE20260227v0,,,USCATE20260227v0,ASO_Tuolumne_2026Feb27-28_VISalbedo_50m.tif,,,Tuolumne River Basin,,,2026-02-27,2026-02-28,,EPSG:32611,"[50.0,50.0]",/Users/jtarrico/ch13_nisar_prelim/data/rasters/aso/ca/tuo/ASO_Tuolumne_2026Feb27-28_SurveyData_and_Reports/ASO_Tuolumne_2026Feb27-28_VISalbedo_50m.tif,Provided local source package,,inventory_only; package purpose is in charter,,SHA-256,2db777a5c3e9d4415fc6b65d234b1617da36e6c1e30e681aff3c79bc00bdd8e2,4231806,,Survey 2026-02-27 to 2026-02-28; filename label
2026-09-28T20:13:50Z,ASO_Tuolumne_2026Feb27-28_SurveyData_and_Reports,"Airborne Snow Observatories, Inc. (ASO)",report_text,,USCATE20260227v0,,,USCATE20260227v0,ASO_Tuolumne_2026Feb27-28_banded_swe.txt,,,Tuolumne River Basin,,,2026-02-27,2026-02-28,,,,/Users/jtarrico/ch13_nisar_prelim/data/rasters/aso/ca/tuo/ASO_Tuolumne_2026Feb27-28_SurveyData_and_Reports/ASO_Tuolumne_2026Feb27-28_banded_swe.txt,Provided local source package,,inventory_only; package purpose is in charter,,SHA-256,a8ec3632e36e686e24fdacde6868e010dfef90bd33aa0bd08e6ecec2af5d7524,2527,,Survey 2026-02-27 to 2026-02-28; file extension
2026-09-28T20:13:50Z,ASO_Tuolumne_2026Feb27-28_SurveyData_and_Reports,"Airborne Snow Observatories, Inc. (ASO)",report_pdf,,USCATE20260227v0,,,USCATE20260227v0,ASO_Tuolumne_2026Feb27-28_report_v0.pdf,,,Tuolumne River Basin,,,2026-02-27,2026-02-28,,,,/Users/jtarrico/ch13_nisar_prelim/data/rasters/aso/ca/tuo/ASO_Tuolumne_2026Feb27-28_SurveyData_and_Reports/ASO_Tuolumne_2026Feb27-28_report_v0.pdf,Provided local source package,,inventory_only; package purpose is in charter,,SHA-256,45e26cb3e02cf317627594106698db896b55c82d05abc8f9b80c071248bca4ee,1792540,,Survey 2026-02-27 to 2026-02-28; file extension
2026-09-28T20:13:50Z,ASO_Tuolumne_2026Feb27-28_SurveyData_and_Reports,"Airborne Snow Observatories, Inc. (ASO)",snow_depth_raster_candidate,,USCATE20260227v0,,,USCATE20260227v0,ASO_Tuolumne_2026Feb27-28_snowdepth_3m.tif,,,Tuolumne River Basin,,,2026-02-27,2026-02-28,,EPSG:32611,"[3.0,3.0]",/Users/jtarrico/ch13_nisar_prelim/data/rasters/aso/ca/tuo/ASO_Tuolumne_2026Feb27-28_SurveyData_and_Reports/ASO_Tuolumne_2026Feb27-28_snowdepth_3m.tif,Provided local source package,,inventory_only; package purpose is in charter,,SHA-256,4edbaeefb194da27ce5b0aca494372f96d10499bc73e9f49eb227e8a8ae8fbbf,2322065314,,Survey 2026-02-27 to 2026-02-28; filename label; package report gives mean depth in m (ASO_Tuolumne_Eleanor_2026Feb27-28_swe_report.txt); exact raster linkage is not stated
2026-09-28T20:13:50Z,ASO_Tuolumne_2026Feb27-28_SurveyData_and_Reports,"Airborne Snow Observatories, Inc. (ASO)",snow_depth_raster_candidate,,USCATE20260227v0,,,USCATE20260227v0,ASO_Tuolumne_2026Feb27-28_snowdepth_50m.tif,,,Tuolumne River Basin,,,2026-02-27,2026-02-28,,EPSG:32611,"[50.0,50.0]",/Users/jtarrico/ch13_nisar_prelim/data/rasters/aso/ca/tuo/ASO_Tuolumne_2026Feb27-28_SurveyData_and_Reports/ASO_Tuolumne_2026Feb27-28_snowdepth_50m.tif,Provided local source package,,inventory_only; package purpose is in charter,,SHA-256,68ae0b64236b3eeca97f80220644e1f910f41e75ad19e7904b8e6508a88d0cc8,8463228,,Survey 2026-02-27 to 2026-02-28; filename label; package report gives mean depth in m (ASO_Tuolumne_Eleanor_2026Feb27-28_swe_report.txt); exact raster linkage is not stated
2026-09-28T20:13:50Z,ASO_Tuolumne_2026Feb27-28_SurveyData_and_Reports,"Airborne Snow Observatories, Inc. (ASO)",swe_raster,,USCATE20260227v0,,,USCATE20260227v0,ASO_Tuolumne_2026Feb27-28_swe_50m.tif,,,Tuolumne River Basin,,,2026-02-27,2026-02-28,m,EPSG:32611,"[50.0,50.0]",/Users/jtarrico/ch13_nisar_prelim/data/rasters/aso/ca/tuo/ASO_Tuolumne_2026Feb27-28_SurveyData_and_Reports/ASO_Tuolumne_2026Feb27-28_swe_50m.tif,Provided local source package,,inventory_only; package purpose is in charter,,SHA-256,f1c4d3d5168caba08e94daba6b53d8d05b020eb7afbf2bf1ca009a49accd5b7e,8463222,,Survey 2026-02-27 to 2026-02-28; matched SWE File Used entry in package text report; mean SWE unit in ASO_Tuolumne_2026Feb27-28_swe_report.txt; the report identifies this raster as SWE input
2026-09-28T20:13:50Z,ASO_Tuolumne_2026Feb27-28_SurveyData_and_Reports,"Airborne Snow Observatories, Inc. (ASO)",summary_table,,USCATE20260227v0,,,USCATE20260227v0,ASO_Tuolumne_2026Feb27-28_swe_RFC_aggregate.csv,,,Tuolumne River Basin,,,2026-02-27,2026-02-28,,,,/Users/jtarrico/ch13_nisar_prelim/data/rasters/aso/ca/tuo/ASO_Tuolumne_2026Feb27-28_SurveyData_and_Reports/ASO_Tuolumne_2026Feb27-28_swe_RFC_aggregate.csv,Provided local source package,,inventory_only; package purpose is in charter,,SHA-256,38b843a890ed8ccb708dbb61e829d567117cf8eb01bedb8a43085ba80ce5ad7a,1337,,Survey 2026-02-27 to 2026-02-28; file extension
2026-09-28T20:13:50Z,ASO_Tuolumne_2026Feb27-28_SurveyData_and_Reports,"Airborne Snow Observatories, Inc. (ASO)",report_text,,USCATE20260227v0,,,USCATE20260227v0,ASO_Tuolumne_2026Feb27-28_swe_report.txt,,,Tuolumne River Basin,,,2026-02-27,2026-02-28,,,,/Users/jtarrico/ch13_nisar_prelim/data/rasters/aso/ca/tuo/ASO_Tuolumne_2026Feb27-28_SurveyData_and_Reports/ASO_Tuolumne_2026Feb27-28_swe_report.txt,Provided local source package,,inventory_only; package purpose is in charter,,SHA-256,52df663ba654bfb77a6a3a435b3b13db7a32207b96ebf2baf7ac14e11ebeb2d2,752,,Survey 2026-02-27 to 2026-02-28; file extension
2026-09-28T20:13:50Z,ASO_Tuolumne_2026Feb27-28_SurveyData_and_Reports,"Airborne Snow Observatories, Inc. (ASO)",other_file,,USCATE20260227v0,,,USCATE20260227v0,ASO_Tuolumne_2026Feb27-28_swe_volume_barplot.png,,,Tuolumne River Basin,,,2026-02-27,2026-02-28,,,,/Users/jtarrico/ch13_nisar_prelim/data/rasters/aso/ca/tuo/ASO_Tuolumne_2026Feb27-28_SurveyData_and_Reports/ASO_Tuolumne_2026Feb27-28_swe_volume_barplot.png,Provided local source package,,inventory_only; package purpose is in charter,,SHA-256,50467d74ba09f292c0a7cf18369b6f64bd0f718302a7ba5818091f9f3298b64e,91895,,Survey 2026-02-27 to 2026-02-28; file extension or package inventory
2026-09-28T20:13:50Z,ASO_Tuolumne_2026Feb27-28_SurveyData_and_Reports,"Airborne Snow Observatories, Inc. (ASO)",report_pdf,,USCATE20260227v0,,,USCATE20260227v0,ASO_Tuolumne_2026Feb27_m3w_hypso.pdf,,,Tuolumne River Basin,,,2026-02-27,2026-02-28,,,,/Users/jtarrico/ch13_nisar_prelim/data/rasters/aso/ca/tuo/ASO_Tuolumne_2026Feb27-28_SurveyData_and_Reports/ASO_Tuolumne_2026Feb27_m3w_hypso.pdf,Provided local source package,,inventory_only; package purpose is in charter,,SHA-256,b14142d7e063da3608640628a0315d9416949d2ca189600b4a8d953ebaca8c20,16127,,Survey 2026-02-27 to 2026-02-28; file extension
2026-09-28T20:13:50Z,ASO_Tuolumne_2026Feb27-28_SurveyData_and_Reports,"Airborne Snow Observatories, Inc. (ASO)",report_pdf,,USCATE20260227v0,,,USCATE20260227v0,ASO_Tuolumne_2026Feb27_multi_hypsometry_SWE.pdf,,,Tuolumne River Basin,,,2026-02-27,2026-02-28,,,,/Users/jtarrico/ch13_nisar_prelim/data/rasters/aso/ca/tuo/ASO_Tuolumne_2026Feb27-28_SurveyData_and_Reports/ASO_Tuolumne_2026Feb27_multi_hypsometry_SWE.pdf,Provided local source package,,inventory_only; package purpose is in charter,,SHA-256,533bc7715b229a368ce30df56eef4d1dc9d89c3e8be2b7aa67a32fc6f44a6c29,18175,,Survey 2026-02-27 to 2026-02-28; file extension
2026-09-28T20:13:50Z,ASO_Tuolumne_2026Feb27-28_SurveyData_and_Reports,"Airborne Snow Observatories, Inc. (ASO)",report_pdf,,USCATE20260227v0,,,USCATE20260227v0,ASO_Tuolumne_2026Feb27_multi_sweVolume_STEP.pdf,,,Tuolumne River Basin,,,2026-02-27,2026-02-28,,,,/Users/jtarrico/ch13_nisar_prelim/data/rasters/aso/ca/tuo/ASO_Tuolumne_2026Feb27-28_SurveyData_and_Reports/ASO_Tuolumne_2026Feb27_multi_sweVolume_STEP.pdf,Provided local source package,,inventory_only; package purpose is in charter,,SHA-256,cba01121b1d4c55255ba27ee53e55a98cee30138be01a8fb9df53f1515a27458,15700,,Survey 2026-02-27 to 2026-02-28; file extension
2026-09-28T20:13:50Z,ASO_Tuolumne_2026Feb27-28_SurveyData_and_Reports,"Airborne Snow Observatories, Inc. (ASO)",report_pdf,,USCATE20260227v0,,,USCATE20260227v0,ASO_Tuolumne_2026Feb27_radial_BB.pdf,,,Tuolumne River Basin,,,2026-02-27,2026-02-28,,,,/Users/jtarrico/ch13_nisar_prelim/data/rasters/aso/ca/tuo/ASO_Tuolumne_2026Feb27-28_SurveyData_and_Reports/ASO_Tuolumne_2026Feb27_radial_BB.pdf,Provided local source package,,inventory_only; package purpose is in charter,,SHA-256,a5447442b4f867ca20142737eeb15c99a53b2a8f8d111d26441150c88bee387b,173087,,Survey 2026-02-27 to 2026-02-28; file extension
2026-09-28T20:13:50Z,ASO_Tuolumne_2026Feb27-28_SurveyData_and_Reports,"Airborne Snow Observatories, Inc. (ASO)",report_pdf,,USCATE20260227v0,,,USCATE20260227v0,ASO_Tuolumne_2026Feb27_radial_TAF.pdf,,,Tuolumne River Basin,,,2026-02-27,2026-02-28,,,,/Users/jtarrico/ch13_nisar_prelim/data/rasters/aso/ca/tuo/ASO_Tuolumne_2026Feb27-28_SurveyData_and_Reports/ASO_Tuolumne_2026Feb27_radial_TAF.pdf,Provided local source package,,inventory_only; package purpose is in charter,,SHA-256,4e3b75c6da121fe5ab89b73abd4d55048973d6a12b077aa5f7f91488917b9d0d,168337,,Survey 2026-02-27 to 2026-02-28; file extension
2026-09-28T20:13:50Z,ASO_Tuolumne_2026Feb27-28_SurveyData_and_Reports,"Airborne Snow Observatories, Inc. (ASO)",report_pdf,,USCATE20260227v0,,,USCATE20260227v0,ASO_Tuolumne_2026Feb27_radial_VIS.pdf,,,Tuolumne River Basin,,,2026-02-27,2026-02-28,,,,/Users/jtarrico/ch13_nisar_prelim/data/rasters/aso/ca/tuo/ASO_Tuolumne_2026Feb27-28_SurveyData_and_Reports/ASO_Tuolumne_2026Feb27_radial_VIS.pdf,Provided local source package,,inventory_only; package purpose is in charter,,SHA-256,2554fed910591e88812923e9a6c78481937f0b13875d1e86bc849f86b5eaa845,172254,,Survey 2026-02-27 to 2026-02-28; file extension
2026-09-28T20:13:50Z,ASO_Tuolumne_2026Feb27-28_SurveyData_and_Reports,"Airborne Snow Observatories, Inc. (ASO)",report_pdf,,USCATE20260227v0,,,USCATE20260227v0,ASO_Tuolumne_2026Feb27_radial_difference_TAF.pdf,,,Tuolumne River Basin,,,2026-02-27,2026-02-28,,,,/Users/jtarrico/ch13_nisar_prelim/data/rasters/aso/ca/tuo/ASO_Tuolumne_2026Feb27-28_SurveyData_and_Reports/ASO_Tuolumne_2026Feb27_radial_difference_TAF.pdf,Provided local source package,,inventory_only; package purpose is in charter,,SHA-256,2c49d75d071b952d6481e1ecc1f386456a7c370c6c748644fdc0992c6646d8fc,171879,,Survey 2026-02-27 to 2026-02-28; file extension
2026-09-28T20:13:50Z,ASO_Tuolumne_2026Feb27-28_SurveyData_and_Reports,"Airborne Snow Observatories, Inc. (ASO)",report_pdf,,USCATE20260227v0,,,USCATE20260227v0,ASO_Tuolumne_2026Feb27_radial_difference_sweDepth.pdf,,,Tuolumne River Basin,,,2026-02-27,2026-02-28,,,,/Users/jtarrico/ch13_nisar_prelim/data/rasters/aso/ca/tuo/ASO_Tuolumne_2026Feb27-28_SurveyData_and_Reports/ASO_Tuolumne_2026Feb27_radial_difference_sweDepth.pdf,Provided local source package,,inventory_only; package purpose is in charter,,SHA-256,b3bbfad1737a6e46f1f40c41acad142fea318bdf7145576b76efdf4f19ec23ce,171997,,Survey 2026-02-27 to 2026-02-28; file extension
2026-09-28T20:13:50Z,ASO_Tuolumne_2026Feb27-28_SurveyData_and_Reports,"Airborne Snow Observatories, Inc. (ASO)",report_pdf,,USCATE20260227v0,,,USCATE20260227v0,ASO_Tuolumne_2026Feb27_radial_sweDepth.pdf,,,Tuolumne River Basin,,,2026-02-27,2026-02-28,,,,/Users/jtarrico/ch13_nisar_prelim/data/rasters/aso/ca/tuo/ASO_Tuolumne_2026Feb27-28_SurveyData_and_Reports/ASO_Tuolumne_2026Feb27_radial_sweDepth.pdf,Provided local source package,,inventory_only; package purpose is in charter,,SHA-256,4ff1babf809372d9f6d56f409ea12cdb10ab493978209a35dbbd27651e1f8f77,168370,,Survey 2026-02-27 to 2026-02-28; file extension
2026-09-28T20:13:50Z,ASO_Tuolumne_2026Feb27-28_SurveyData_and_Reports,"Airborne Snow Observatories, Inc. (ASO)",report_pdf,,USCATE20260227v0,,,USCATE20260227v0,ASO_Tuolumne_2026Feb27_sweVolume_STEP_2a.pdf,,,Tuolumne River Basin,,,2026-02-27,2026-02-28,,,,/Users/jtarrico/ch13_nisar_prelim/data/rasters/aso/ca/tuo/ASO_Tuolumne_2026Feb27-28_SurveyData_and_Reports/ASO_Tuolumne_2026Feb27_sweVolume_STEP_2a.pdf,Provided local source package,,inventory_only; package purpose is in charter,,SHA-256,3dba97859ca58616d6bc9238f94429cd08e718e50ddb23589c9a85256b72fff6,14237,,Survey 2026-02-27 to 2026-02-28; file extension
2026-09-28T20:13:50Z,ASO_Tuolumne_2026Feb27-28_SurveyData_and_Reports,"Airborne Snow Observatories, Inc. (ASO)",report_pdf,,USCATE20260227v0,,,USCATE20260227v0,ASO_Tuolumne_2026Feb27_swe_50m.pdf,,,Tuolumne River Basin,,,2026-02-27,2026-02-28,,,,/Users/jtarrico/ch13_nisar_prelim/data/rasters/aso/ca/tuo/ASO_Tuolumne_2026Feb27-28_SurveyData_and_Reports/ASO_Tuolumne_2026Feb27_swe_50m.pdf,Provided local source package,,inventory_only; package purpose is in charter,,SHA-256,623bdf1905517e64c7265e63df76defa166f86d7dd32fc0f66695c126be85417,1340767,,Survey 2026-02-27 to 2026-02-28; file extension
2026-09-28T20:13:50Z,ASO_Tuolumne_2026Feb27-28_SurveyData_and_Reports,"Airborne Snow Observatories, Inc. (ASO)",report_text,,USCATE20260227v0,,,USCATE20260227v0,ASO_Tuolumne_Cherry_2026Feb27-28_banded_swe.txt,,,Tuolumne River Basin,,,2026-02-27,2026-02-28,,,,/Users/jtarrico/ch13_nisar_prelim/data/rasters/aso/ca/tuo/ASO_Tuolumne_2026Feb27-28_SurveyData_and_Reports/ASO_Tuolumne_Cherry_2026Feb27-28_banded_swe.txt,Provided local source package,,inventory_only; package purpose is in charter,,SHA-256,833912dee6d779b5f9f6dee6745b9d020953a19eab357f31cccd5d37e0266931,2547,,Survey 2026-02-27 to 2026-02-28; file extension
2026-09-28T20:13:50Z,ASO_Tuolumne_2026Feb27-28_SurveyData_and_Reports,"Airborne Snow Observatories, Inc. (ASO)",report_text,,USCATE20260227v0,,,USCATE20260227v0,ASO_Tuolumne_Cherry_2026Feb27-28_swe_report.txt,,,Tuolumne River Basin,,,2026-02-27,2026-02-28,,,,/Users/jtarrico/ch13_nisar_prelim/data/rasters/aso/ca/tuo/ASO_Tuolumne_2026Feb27-28_SurveyData_and_Reports/ASO_Tuolumne_Cherry_2026Feb27-28_swe_report.txt,Provided local source package,,inventory_only; package purpose is in charter,,SHA-256,cbdef98bbf7d3882eab61e1dd656b56ea8e83a9d16f9bf1e34a5a2184e523bc3,760,,Survey 2026-02-27 to 2026-02-28; file extension
2026-09-28T20:13:50Z,ASO_Tuolumne_2026Feb27-28_SurveyData_and_Reports,"Airborne Snow Observatories, Inc. (ASO)",other_file,,USCATE20260227v0,,,USCATE20260227v0,ASO_Tuolumne_Cherry_2026Feb27-28_swe_volume_barplot.png,,,Tuolumne River Basin,,,2026-02-27,2026-02-28,,,,/Users/jtarrico/ch13_nisar_prelim/data/rasters/aso/ca/tuo/ASO_Tuolumne_2026Feb27-28_SurveyData_and_Reports/ASO_Tuolumne_Cherry_2026Feb27-28_swe_volume_barplot.png,Provided local source package,,inventory_only; package purpose is in charter,,SHA-256,e0a6fa50b4f4750a3d64bb55ac39a1b4e18a341f41a32adf6736f24e7f120309,94069,,Survey 2026-02-27 to 2026-02-28; file extension or package inventory
2026-09-28T20:13:50Z,ASO_Tuolumne_2026Feb27-28_SurveyData_and_Reports,"Airborne Snow Observatories, Inc. (ASO)",report_text,,USCATE20260227v0,,,USCATE20260227v0,ASO_Tuolumne_Eleanor_2026Feb27-28_banded_swe.txt,,,Tuolumne River Basin,,,2026-02-27,2026-02-28,,,,/Users/jtarrico/ch13_nisar_prelim/data/rasters/aso/ca/tuo/ASO_Tuolumne_2026Feb27-28_SurveyData_and_Reports/ASO_Tuolumne_Eleanor_2026Feb27-28_banded_swe.txt,Provided local source package,,inventory_only; package purpose is in charter,,SHA-256,098cd6dd6cebfe6034597ed9689d9a79b1929eb0cef6426bd677f6f4dc69490e,2549,,Survey 2026-02-27 to 2026-02-28; file extension
2026-09-28T20:13:50Z,ASO_Tuolumne_2026Feb27-28_SurveyData_and_Reports,"Airborne Snow Observatories, Inc. (ASO)",report_text,,USCATE20260227v0,,,USCATE20260227v0,ASO_Tuolumne_Eleanor_2026Feb27-28_swe_report.txt,,,Tuolumne River Basin,,,2026-02-27,2026-02-28,,,,/Users/jtarrico/ch13_nisar_prelim/data/rasters/aso/ca/tuo/ASO_Tuolumne_2026Feb27-28_SurveyData_and_Reports/ASO_Tuolumne_Eleanor_2026Feb27-28_swe_report.txt,Provided local source package,,inventory_only; package purpose is in charter,,SHA-256,b35de66ef363337288399f246d0e6d114e8b4cdcd8e696b9f32b0c3d104530a8,762,,Survey 2026-02-27 to 2026-02-28; file extension
2026-09-28T20:13:50Z,ASO_Tuolumne_2026Feb27-28_SurveyData_and_Reports,"Airborne Snow Observatories, Inc. (ASO)",other_file,,USCATE20260227v0,,,USCATE20260227v0,ASO_Tuolumne_Eleanor_2026Feb27-28_swe_volume_barplot.png,,,Tuolumne River Basin,,,2026-02-27,2026-02-28,,,,/Users/jtarrico/ch13_nisar_prelim/data/rasters/aso/ca/tuo/ASO_Tuolumne_2026Feb27-28_SurveyData_and_Reports/ASO_Tuolumne_Eleanor_2026Feb27-28_swe_volume_barplot.png,Provided local source package,,inventory_only; package purpose is in charter,,SHA-256,45bca5f864a81e1ac208a55053cd9d3db725c6d696cc92c367e744129772146d,88968,,Survey 2026-02-27 to 2026-02-28; file extension or package inventory
2026-09-28T20:13:50Z,ASO_Tuolumne_2026Feb27-28_SurveyData_and_Reports,"Airborne Snow Observatories, Inc. (ASO)",report_text,,USCATE20260227v0,,,USCATE20260227v0,ASO_Tuolumne_Hetchy_2026Feb27-28_banded_swe.txt,,,Tuolumne River Basin,,,2026-02-27,2026-02-28,,,,/Users/jtarrico/ch13_nisar_prelim/data/rasters/aso/ca/tuo/ASO_Tuolumne_2026Feb27-28_SurveyData_and_Reports/ASO_Tuolumne_Hetchy_2026Feb27-28_banded_swe.txt,Provided local source package,,inventory_only; package purpose is in charter,,SHA-256,d143770e9d57f61d9050e75c92c6116a935414440cd7153d43ad0f8b713f28ec,2541,,Survey 2026-02-27 to 2026-02-28; file extension
2026-09-28T20:13:50Z,ASO_Tuolumne_2026Feb27-28_SurveyData_and_Reports,"Airborne Snow Observatories, Inc. (ASO)",report_text,,USCATE20260227v0,,,USCATE20260227v0,ASO_Tuolumne_Hetchy_2026Feb27-28_swe_report.txt,,,Tuolumne River Basin,,,2026-02-27,2026-02-28,,,,/Users/jtarrico/ch13_nisar_prelim/data/rasters/aso/ca/tuo/ASO_Tuolumne_2026Feb27-28_SurveyData_and_Reports/ASO_Tuolumne_Hetchy_2026Feb27-28_swe_report.txt,Provided local source package,,inventory_only; package purpose is in charter,,SHA-256,7043de65912e78c11e79b6e124ddc3ed7583cd15422850bc8740610c04105104,764,,Survey 2026-02-27 to 2026-02-28; file extension
2026-09-28T20:13:50Z,ASO_Tuolumne_2026Feb27-28_SurveyData_and_Reports,"Airborne Snow Observatories, Inc. (ASO)",other_file,,USCATE20260227v0,,,USCATE20260227v0,ASO_Tuolumne_Hetchy_2026Feb27-28_swe_volume_barplot.png,,,Tuolumne River Basin,,,2026-02-27,2026-02-28,,,,/Users/jtarrico/ch13_nisar_prelim/data/rasters/aso/ca/tuo/ASO_Tuolumne_2026Feb27-28_SurveyData_and_Reports/ASO_Tuolumne_Hetchy_2026Feb27-28_swe_volume_barplot.png,Provided local source package,,inventory_only; package purpose is in charter,,SHA-256,33ab7eb79004e9f08f46da3a3bada36db3d302841ed550617c0882ac6efc7d85,96577,,Survey 2026-02-27 to 2026-02-28; file extension or package inventory
2026-09-28T20:13:50Z,ASO_Tuolumne_2026Feb27-28_SurveyData_and_Reports,"Airborne Snow Observatories, Inc. (ASO)",report_text,,USCATE20260227v0,,,USCATE20260227v0,ASO_Tuolumne_NorthFork_2026Feb27-28_banded_swe.txt,,,Tuolumne River Basin,,,2026-02-27,2026-02-28,,,,/Users/jtarrico/ch13_nisar_prelim/data/rasters/aso/ca/tuo/ASO_Tuolumne_2026Feb27-28_SurveyData_and_Reports/ASO_Tuolumne_NorthFork_2026Feb27-28_banded_swe.txt,Provided local source package,,inventory_only; package purpose is in charter,,SHA-256,b2919d465f9d21b5bdf9e4e58c311b3fb1921fbb97c49e61c1e9d819b695fc03,2552,,Survey 2026-02-27 to 2026-02-28; file extension
2026-09-28T20:13:50Z,ASO_Tuolumne_2026Feb27-28_SurveyData_and_Reports,"Airborne Snow Observatories, Inc. (ASO)",report_text,,USCATE20260227v0,,,USCATE20260227v0,ASO_Tuolumne_NorthFork_2026Feb27-28_swe_report.txt,,,Tuolumne River Basin,,,2026-02-27,2026-02-28,,,,/Users/jtarrico/ch13_nisar_prelim/data/rasters/aso/ca/tuo/ASO_Tuolumne_2026Feb27-28_SurveyData_and_Reports/ASO_Tuolumne_NorthFork_2026Feb27-28_swe_report.txt,Provided local source package,,inventory_only; package purpose is in charter,,SHA-256,60889ef2775598638d15f6dd30bf633cdf018db2328ad354b7ba0a0051b48ceb,767,,Survey 2026-02-27 to 2026-02-28; file extension
2026-09-28T20:13:50Z,ASO_Tuolumne_2026Feb27-28_SurveyData_and_Reports,"Airborne Snow Observatories, Inc. (ASO)",other_file,,USCATE20260227v0,,,USCATE20260227v0,ASO_Tuolumne_NorthFork_2026Feb27-28_swe_volume_barplot.png,,,Tuolumne River Basin,,,2026-02-27,2026-02-28,,,,/Users/jtarrico/ch13_nisar_prelim/data/rasters/aso/ca/tuo/ASO_Tuolumne_2026Feb27-28_SurveyData_and_Reports/ASO_Tuolumne_NorthFork_2026Feb27-28_swe_volume_barplot.png,Provided local source package,,inventory_only; package purpose is in charter,,SHA-256,a69c2a9df221e836413aca6672abc3540113ddb41ef85573087c77b821c6257d,91154,,Survey 2026-02-27 to 2026-02-28; file extension or package inventory
2026-09-28T20:13:50Z,ASO_Tuolumne_2026Feb27-28_SurveyData_and_Reports,"Airborne Snow Observatories, Inc. (ASO)",report_text,,USCATE20260227v0,,,USCATE20260227v0,ASO_Tuolumne_SouthFork_2026Feb27-28_banded_swe.txt,,,Tuolumne River Basin,,,2026-02-27,2026-02-28,,,,/Users/jtarrico/ch13_nisar_prelim/data/rasters/aso/ca/tuo/ASO_Tuolumne_2026Feb27-28_SurveyData_and_Reports/ASO_Tuolumne_SouthFork_2026Feb27-28_banded_swe.txt,Provided local source package,,inventory_only; package purpose is in charter,,SHA-256,96259e9f4cd1c175e3d91af3faf313c474326dd87183493ee4f784a8bb8e4992,2552,,Survey 2026-02-27 to 2026-02-28; file extension
2026-09-28T20:13:50Z,ASO_Tuolumne_2026Feb27-28_SurveyData_and_Reports,"Airborne Snow Observatories, Inc. (ASO)",report_text,,USCATE20260227v0,,,USCATE20260227v0,ASO_Tuolumne_SouthFork_2026Feb27-28_swe_report.txt,,,Tuolumne River Basin,,,2026-02-27,2026-02-28,,,,/Users/jtarrico/ch13_nisar_prelim/data/rasters/aso/ca/tuo/ASO_Tuolumne_2026Feb27-28_SurveyData_and_Reports/ASO_Tuolumne_SouthFork_2026Feb27-28_swe_report.txt,Provided local source package,,inventory_only; package purpose is in charter,,SHA-256,ed155554f7bf5ae9d57a9be2d7d35da40813996656c52a287cbb809359e459f9,767,,Survey 2026-02-27 to 2026-02-28; file extension
2026-09-28T20:13:50Z,ASO_Tuolumne_2026Feb27-28_SurveyData_and_Reports,"Airborne Snow Observatories, Inc. (ASO)",other_file,,USCATE20260227v0,,,USCATE20260227v0,ASO_Tuolumne_SouthFork_2026Feb27-28_swe_volume_barplot.png,,,Tuolumne River Basin,,,2026-02-27,2026-02-28,,,,/Users/jtarrico/ch13_nisar_prelim/data/rasters/aso/ca/tuo/ASO_Tuolumne_2026Feb27-28_SurveyData_and_Reports/ASO_Tuolumne_SouthFork_2026Feb27-28_swe_volume_barplot.png,Provided local source package,,inventory_only; package purpose is in charter,,SHA-256,82c5c5171a1cd8062791ef2621febdec3cd943a8dc903a8896a0c2c92767fbd2,91675,,Survey 2026-02-27 to 2026-02-28; file extension or package inventory
2026-09-28T20:13:50Z,ASO_Tuolumne_2026Apr06_SurveyData_and_Reports,"Airborne Snow Observatories, Inc. (ASO)",albedo_raster,,USCATE20260406v0,,,USCATE20260406v0,ASO_Tuolumne_2026Apr06_BBalbedo_50m.tif,,,Tuolumne River Basin,,,2026-04-06,2026-04-06,,EPSG:32611,"[50.0,50.0]",/Users/jtarrico/ch13_nisar_prelim/data/rasters/aso/ca/tuo/ASO_Tuolumne_2026Apr06_SurveyData_and_Reports/ASO_Tuolumne_2026Apr06_BBalbedo_50m.tif,Provided local source package,,inventory_only; package purpose is in charter,,SHA-256,e1d3e5059b6b177121cfb978c4dbcc2506ecb0379f174c5cfb598cbace8d3459,4231806,,Survey 2026-04-06 to 2026-04-06; filename label
2026-09-28T20:13:50Z,ASO_Tuolumne_2026Apr06_SurveyData_and_Reports,"Airborne Snow Observatories, Inc. (ASO)",albedo_raster,,USCATE20260406v0,,,USCATE20260406v0,ASO_Tuolumne_2026Apr06_NIRalbedo_50m.tif,,,Tuolumne River Basin,,,2026-04-06,2026-04-06,,EPSG:32611,"[50.0,50.0]",/Users/jtarrico/ch13_nisar_prelim/data/rasters/aso/ca/tuo/ASO_Tuolumne_2026Apr06_SurveyData_and_Reports/ASO_Tuolumne_2026Apr06_NIRalbedo_50m.tif,Provided local source package,,inventory_only; package purpose is in charter,,SHA-256,23365d829fa4f490a57adf726198ba5264ccf492733df25939e516d115a3fad6,4231806,,Survey 2026-04-06 to 2026-04-06; filename label
2026-09-28T20:13:50Z,ASO_Tuolumne_2026Apr06_SurveyData_and_Reports,"Airborne Snow Observatories, Inc. (ASO)",albedo_raster,,USCATE20260406v0,,,USCATE20260406v0,ASO_Tuolumne_2026Apr06_VISalbedo_50m.tif,,,Tuolumne River Basin,,,2026-04-06,2026-04-06,,EPSG:32611,"[50.0,50.0]",/Users/jtarrico/ch13_nisar_prelim/data/rasters/aso/ca/tuo/ASO_Tuolumne_2026Apr06_SurveyData_and_Reports/ASO_Tuolumne_2026Apr06_VISalbedo_50m.tif,Provided local source package,,inventory_only; package purpose is in charter,,SHA-256,3a1875c8c5009173b8e3001ee93e95512223279e3ae33570cda432b6a9616838,4231806,,Survey 2026-04-06 to 2026-04-06; filename label
2026-09-28T20:13:50Z,ASO_Tuolumne_2026Apr06_SurveyData_and_Reports,"Airborne Snow Observatories, Inc. (ASO)",report_text,,USCATE20260406v0,,,USCATE20260406v0,ASO_Tuolumne_2026Apr06_banded_swe.txt,,,Tuolumne River Basin,,,2026-04-06,2026-04-06,,,,/Users/jtarrico/ch13_nisar_prelim/data/rasters/aso/ca/tuo/ASO_Tuolumne_2026Apr06_SurveyData_and_Reports/ASO_Tuolumne_2026Apr06_banded_swe.txt,Provided local source package,,inventory_only; package purpose is in charter,,SHA-256,a950952aa9b975c4cbe56677ee89e05cce2208b051a6282ba5ea71aed9b96d4b,2521,,Survey 2026-04-06 to 2026-04-06; file extension
2026-09-28T20:13:50Z,ASO_Tuolumne_2026Apr06_SurveyData_and_Reports,"Airborne Snow Observatories, Inc. (ASO)",report_pdf,,USCATE20260406v0,,,USCATE20260406v0,ASO_Tuolumne_2026Apr06_m3w_hypso.pdf,,,Tuolumne River Basin,,,2026-04-06,2026-04-06,,,,/Users/jtarrico/ch13_nisar_prelim/data/rasters/aso/ca/tuo/ASO_Tuolumne_2026Apr06_SurveyData_and_Reports/ASO_Tuolumne_2026Apr06_m3w_hypso.pdf,Provided local source package,,inventory_only; package purpose is in charter,,SHA-256,b305ecb96a5442ddd1da2641135b52abd2649bbf00c88aea4839225e1fdf78b4,16122,,Survey 2026-04-06 to 2026-04-06; file extension
2026-09-28T20:13:50Z,ASO_Tuolumne_2026Apr06_SurveyData_and_Reports,"Airborne Snow Observatories, Inc. (ASO)",report_pdf,,USCATE20260406v0,,,USCATE20260406v0,ASO_Tuolumne_2026Apr06_multi_hypsometry_SWE.pdf,,,Tuolumne River Basin,,,2026-04-06,2026-04-06,,,,/Users/jtarrico/ch13_nisar_prelim/data/rasters/aso/ca/tuo/ASO_Tuolumne_2026Apr06_SurveyData_and_Reports/ASO_Tuolumne_2026Apr06_multi_hypsometry_SWE.pdf,Provided local source package,,inventory_only; package purpose is in charter,,SHA-256,203176f28cfb3d41c297f344ac8854a1e161a530b8853baeebf8437ac1e7ef4a,20503,,Survey 2026-04-06 to 2026-04-06; file extension
2026-09-28T20:13:50Z,ASO_Tuolumne_2026Apr06_SurveyData_and_Reports,"Airborne Snow Observatories, Inc. (ASO)",report_pdf,,USCATE20260406v0,,,USCATE20260406v0,ASO_Tuolumne_2026Apr06_multi_sweVolume_STEP.pdf,,,Tuolumne River Basin,,,2026-04-06,2026-04-06,,,,/Users/jtarrico/ch13_nisar_prelim/data/rasters/aso/ca/tuo/ASO_Tuolumne_2026Apr06_SurveyData_and_Reports/ASO_Tuolumne_2026Apr06_multi_sweVolume_STEP.pdf,Provided local source package,,inventory_only; package purpose is in charter,,SHA-256,6c70d7f0c68f5e6b57d4f22cd31a6d9eb8f94a5dc93202982e921a7733db181a,17771,,Survey 2026-04-06 to 2026-04-06; file extension
2026-09-28T20:13:50Z,ASO_Tuolumne_2026Apr06_SurveyData_and_Reports,"Airborne Snow Observatories, Inc. (ASO)",report_pdf,,USCATE20260406v0,,,USCATE20260406v0,ASO_Tuolumne_2026Apr06_radial_BB.pdf,,,Tuolumne River Basin,,,2026-04-06,2026-04-06,,,,/Users/jtarrico/ch13_nisar_prelim/data/rasters/aso/ca/tuo/ASO_Tuolumne_2026Apr06_SurveyData_and_Reports/ASO_Tuolumne_2026Apr06_radial_BB.pdf,Provided local source package,,inventory_only; package purpose is in charter,,SHA-256,f483c3597441f5b0bfb6d50270b527b46507cd9a434651dc335950940543b7b5,142581,,Survey 2026-04-06 to 2026-04-06; file extension
2026-09-28T20:13:50Z,ASO_Tuolumne_2026Apr06_SurveyData_and_Reports,"Airborne Snow Observatories, Inc. (ASO)",report_pdf,,USCATE20260406v0,,,USCATE20260406v0,ASO_Tuolumne_2026Apr06_radial_TAF.pdf,,,Tuolumne River Basin,,,2026-04-06,2026-04-06,,,,/Users/jtarrico/ch13_nisar_prelim/data/rasters/aso/ca/tuo/ASO_Tuolumne_2026Apr06_SurveyData_and_Reports/ASO_Tuolumne_2026Apr06_radial_TAF.pdf,Provided local source package,,inventory_only; package purpose is in charter,,SHA-256,f0d063f2dd4d98fec6f0cf7f1474eba3dcc6100536faf2e38979c8b2bc9316c1,100873,,Survey 2026-04-06 to 2026-04-06; file extension
2026-09-28T20:13:50Z,ASO_Tuolumne_2026Apr06_SurveyData_and_Reports,"Airborne Snow Observatories, Inc. (ASO)",report_pdf,,USCATE20260406v0,,,USCATE20260406v0,ASO_Tuolumne_2026Apr06_radial_VIS.pdf,,,Tuolumne River Basin,,,2026-04-06,2026-04-06,,,,/Users/jtarrico/ch13_nisar_prelim/data/rasters/aso/ca/tuo/ASO_Tuolumne_2026Apr06_SurveyData_and_Reports/ASO_Tuolumne_2026Apr06_radial_VIS.pdf,Provided local source package,,inventory_only; package purpose is in charter,,SHA-256,10ad8c64006411fc0363c6ab3d59b46d26582eebad0b241c69da6312250b3064,141929,,Survey 2026-04-06 to 2026-04-06; file extension
2026-09-28T20:13:50Z,ASO_Tuolumne_2026Apr06_SurveyData_and_Reports,"Airborne Snow Observatories, Inc. (ASO)",report_pdf,,USCATE20260406v0,,,USCATE20260406v0,ASO_Tuolumne_2026Apr06_radial_difference_TAF.pdf,,,Tuolumne River Basin,,,2026-04-06,2026-04-06,,,,/Users/jtarrico/ch13_nisar_prelim/data/rasters/aso/ca/tuo/ASO_Tuolumne_2026Apr06_SurveyData_and_Reports/ASO_Tuolumne_2026Apr06_radial_difference_TAF.pdf,Provided local source package,,inventory_only; package purpose is in charter,,SHA-256,9ed8d65991192e6528c64a2bd7270e64305f19a135509a22d25e7322b9375272,103296,,Survey 2026-04-06 to 2026-04-06; file extension
2026-09-28T20:13:50Z,ASO_Tuolumne_2026Apr06_SurveyData_and_Reports,"Airborne Snow Observatories, Inc. (ASO)",report_pdf,,USCATE20260406v0,,,USCATE20260406v0,ASO_Tuolumne_2026Apr06_radial_difference_sweDepth.pdf,,,Tuolumne River Basin,,,2026-04-06,2026-04-06,,,,/Users/jtarrico/ch13_nisar_prelim/data/rasters/aso/ca/tuo/ASO_Tuolumne_2026Apr06_SurveyData_and_Reports/ASO_Tuolumne_2026Apr06_radial_difference_sweDepth.pdf,Provided local source package,,inventory_only; package purpose is in charter,,SHA-256,be156f00219f7d68ea829bc50fe253d07aae8baa49db40cb4a83d90837bb69f8,115230,,Survey 2026-04-06 to 2026-04-06; file extension
2026-09-28T20:13:50Z,ASO_Tuolumne_2026Apr06_SurveyData_and_Reports,"Airborne Snow Observatories, Inc. (ASO)",report_pdf,,USCATE20260406v0,,,USCATE20260406v0,ASO_Tuolumne_2026Apr06_radial_sweDepth.pdf,,,Tuolumne River Basin,,,2026-04-06,2026-04-06,,,,/Users/jtarrico/ch13_nisar_prelim/data/rasters/aso/ca/tuo/ASO_Tuolumne_2026Apr06_SurveyData_and_Reports/ASO_Tuolumne_2026Apr06_radial_sweDepth.pdf,Provided local source package,,inventory_only; package purpose is in charter,,SHA-256,a059ec97b97223fa8a322cb17674290894799636717a15e9b359f14dc3ac264f,113336,,Survey 2026-04-06 to 2026-04-06; file extension
2026-09-28T20:13:50Z,ASO_Tuolumne_2026Apr06_SurveyData_and_Reports,"Airborne Snow Observatories, Inc. (ASO)",report_pdf,,USCATE20260406v0,,,USCATE20260406v0,ASO_Tuolumne_2026Apr06_report_v0.pdf,,,Tuolumne River Basin,,,2026-04-06,2026-04-06,,,,/Users/jtarrico/ch13_nisar_prelim/data/rasters/aso/ca/tuo/ASO_Tuolumne_2026Apr06_SurveyData_and_Reports/ASO_Tuolumne_2026Apr06_report_v0.pdf,Provided local source package,,inventory_only; package purpose is in charter,,SHA-256,e802878d636849f77c549c9bff9ef35c83cdc3fc80c3b14b8704b2cda86eb6e4,1993256,,Survey 2026-04-06 to 2026-04-06; file extension
2026-09-28T20:13:50Z,ASO_Tuolumne_2026Apr06_SurveyData_and_Reports,"Airborne Snow Observatories, Inc. (ASO)",snow_depth_raster_candidate,,USCATE20260406v0,,,USCATE20260406v0,ASO_Tuolumne_2026Apr06_snowdepth_3m.tif,,,Tuolumne River Basin,,,2026-04-06,2026-04-06,,EPSG:32611,"[3.0,3.0]",/Users/jtarrico/ch13_nisar_prelim/data/rasters/aso/ca/tuo/ASO_Tuolumne_2026Apr06_SurveyData_and_Reports/ASO_Tuolumne_2026Apr06_snowdepth_3m.tif,Provided local source package,,inventory_only; package purpose is in charter,,SHA-256,9c91aeec639e24083543e16ed00a038911ad041812bcc27aab1861954670a38e,2322065314,,Survey 2026-04-06 to 2026-04-06; filename label; package report gives mean depth in m (ASO_Tuolumne_SouthFork_2026Apr06_swe_report.txt); exact raster linkage is not stated
2026-09-28T20:13:50Z,ASO_Tuolumne_2026Apr06_SurveyData_and_Reports,"Airborne Snow Observatories, Inc. (ASO)",snow_depth_raster_candidate,,USCATE20260406v0,,,USCATE20260406v0,ASO_Tuolumne_2026Apr06_snowdepth_50m.tif,,,Tuolumne River Basin,,,2026-04-06,2026-04-06,,EPSG:32611,"[50.0,50.0]",/Users/jtarrico/ch13_nisar_prelim/data/rasters/aso/ca/tuo/ASO_Tuolumne_2026Apr06_SurveyData_and_Reports/ASO_Tuolumne_2026Apr06_snowdepth_50m.tif,Provided local source package,,inventory_only; package purpose is in charter,,SHA-256,56c00f340174a8a270a5843c4354865c3aba279be1253ee0415f5f6ca87584b7,8463228,,Survey 2026-04-06 to 2026-04-06; filename label; package report gives mean depth in m (ASO_Tuolumne_SouthFork_2026Apr06_swe_report.txt); exact raster linkage is not stated
2026-09-28T20:13:50Z,ASO_Tuolumne_2026Apr06_SurveyData_and_Reports,"Airborne Snow Observatories, Inc. (ASO)",report_pdf,,USCATE20260406v0,,,USCATE20260406v0,ASO_Tuolumne_2026Apr06_sweVolume_STEP_2a.pdf,,,Tuolumne River Basin,,,2026-04-06,2026-04-06,,,,/Users/jtarrico/ch13_nisar_prelim/data/rasters/aso/ca/tuo/ASO_Tuolumne_2026Apr06_SurveyData_and_Reports/ASO_Tuolumne_2026Apr06_sweVolume_STEP_2a.pdf,Provided local source package,,inventory_only; package purpose is in charter,,SHA-256,025250c6c4ea33caa7053b39e6071239ffbe20fb4870aca1664297bd15c60e15,14291,,Survey 2026-04-06 to 2026-04-06; file extension
2026-09-28T20:13:50Z,ASO_Tuolumne_2026Apr06_SurveyData_and_Reports,"Airborne Snow Observatories, Inc. (ASO)",report_pdf,,USCATE20260406v0,,,USCATE20260406v0,ASO_Tuolumne_2026Apr06_swe_50m.pdf,,,Tuolumne River Basin,,,2026-04-06,2026-04-06,,,,/Users/jtarrico/ch13_nisar_prelim/data/rasters/aso/ca/tuo/ASO_Tuolumne_2026Apr06_SurveyData_and_Reports/ASO_Tuolumne_2026Apr06_swe_50m.pdf,Provided local source package,,inventory_only; package purpose is in charter,,SHA-256,b4b324ad66721083777134bc8d64237242bc4eaf7b58ee8c96bc07b3f28bda85,1022362,,Survey 2026-04-06 to 2026-04-06; file extension
2026-09-28T20:13:50Z,ASO_Tuolumne_2026Apr06_SurveyData_and_Reports,"Airborne Snow Observatories, Inc. (ASO)",swe_raster,,USCATE20260406v0,,,USCATE20260406v0,ASO_Tuolumne_2026Apr06_swe_50m.tif,,,Tuolumne River Basin,,,2026-04-06,2026-04-06,m,EPSG:32611,"[50.0,50.0]",/Users/jtarrico/ch13_nisar_prelim/data/rasters/aso/ca/tuo/ASO_Tuolumne_2026Apr06_SurveyData_and_Reports/ASO_Tuolumne_2026Apr06_swe_50m.tif,Provided local source package,,inventory_only; package purpose is in charter,,SHA-256,2464505ac5fde6eff3bf6f3d5a736244fb7f65bf424f427c847b92b011e3c155,8463222,,Survey 2026-04-06 to 2026-04-06; matched SWE File Used entry in package text report; mean SWE unit in ASO_Tuolumne_2026Apr06_swe_report.txt; the report identifies this raster as SWE input
2026-09-28T20:13:50Z,ASO_Tuolumne_2026Apr06_SurveyData_and_Reports,"Airborne Snow Observatories, Inc. (ASO)",summary_table,,USCATE20260406v0,,,USCATE20260406v0,ASO_Tuolumne_2026Apr06_swe_RFC_aggregate.csv,,,Tuolumne River Basin,,,2026-04-06,2026-04-06,,,,/Users/jtarrico/ch13_nisar_prelim/data/rasters/aso/ca/tuo/ASO_Tuolumne_2026Apr06_SurveyData_and_Reports/ASO_Tuolumne_2026Apr06_swe_RFC_aggregate.csv,Provided local source package,,inventory_only; package purpose is in charter,,SHA-256,49d72c37c8f05aafd4845366a522b42c1f248ef9879f2a4569ef59e969b9c894,1316,,Survey 2026-04-06 to 2026-04-06; file extension
2026-09-28T20:13:50Z,ASO_Tuolumne_2026Apr06_SurveyData_and_Reports,"Airborne Snow Observatories, Inc. (ASO)",report_text,,USCATE20260406v0,,,USCATE20260406v0,ASO_Tuolumne_2026Apr06_swe_report.txt,,,Tuolumne River Basin,,,2026-04-06,2026-04-06,,,,/Users/jtarrico/ch13_nisar_prelim/data/rasters/aso/ca/tuo/ASO_Tuolumne_2026Apr06_SurveyData_and_Reports/ASO_Tuolumne_2026Apr06_swe_report.txt,Provided local source package,,inventory_only; package purpose is in charter,,SHA-256,853d88a3374bb4dab95757bd9cc5889e8e3bf89e7969a9f4073e18668a99397c,746,,Survey 2026-04-06 to 2026-04-06; file extension
2026-09-28T20:13:50Z,ASO_Tuolumne_2026Apr06_SurveyData_and_Reports,"Airborne Snow Observatories, Inc. (ASO)",other_file,,USCATE20260406v0,,,USCATE20260406v0,ASO_Tuolumne_2026Apr06_swe_volume_barplot.png,,,Tuolumne River Basin,,,2026-04-06,2026-04-06,,,,/Users/jtarrico/ch13_nisar_prelim/data/rasters/aso/ca/tuo/ASO_Tuolumne_2026Apr06_SurveyData_and_Reports/ASO_Tuolumne_2026Apr06_swe_volume_barplot.png,Provided local source package,,inventory_only; package purpose is in charter,,SHA-256,65c49148a14091edf141660a1ce63d1be76a90e120b01a73eb54a4f5a3db16a1,89088,,Survey 2026-04-06 to 2026-04-06; file extension or package inventory
2026-09-28T20:13:50Z,ASO_Tuolumne_2026Apr06_SurveyData_and_Reports,"Airborne Snow Observatories, Inc. (ASO)",report_text,,USCATE20260406v0,,,USCATE20260406v0,ASO_Tuolumne_Cherry_2026Apr06_banded_swe.txt,,,Tuolumne River Basin,,,2026-04-06,2026-04-06,,,,/Users/jtarrico/ch13_nisar_prelim/data/rasters/aso/ca/tuo/ASO_Tuolumne_2026Apr06_SurveyData_and_Reports/ASO_Tuolumne_Cherry_2026Apr06_banded_swe.txt,Provided local source package,,inventory_only; package purpose is in charter,,SHA-256,a93815d0471c799cade44ed57a03f3fd135a38fb67128540f920c84348fdac15,2541,,Survey 2026-04-06 to 2026-04-06; file extension
2026-09-28T20:13:50Z,ASO_Tuolumne_2026Apr06_SurveyData_and_Reports,"Airborne Snow Observatories, Inc. (ASO)",report_text,,USCATE20260406v0,,,USCATE20260406v0,ASO_Tuolumne_Cherry_2026Apr06_swe_report.txt,,,Tuolumne River Basin,,,2026-04-06,2026-04-06,,,,/Users/jtarrico/ch13_nisar_prelim/data/rasters/aso/ca/tuo/ASO_Tuolumne_2026Apr06_SurveyData_and_Reports/ASO_Tuolumne_Cherry_2026Apr06_swe_report.txt,Provided local source package,,inventory_only; package purpose is in charter,,SHA-256,73789ed05b1b65cfc09a3b262fc82b82a48da002db6eefbfe6d521456707d656,754,,Survey 2026-04-06 to 2026-04-06; file extension
2026-09-28T20:13:50Z,ASO_Tuolumne_2026Apr06_SurveyData_and_Reports,"Airborne Snow Observatories, Inc. (ASO)",other_file,,USCATE20260406v0,,,USCATE20260406v0,ASO_Tuolumne_Cherry_2026Apr06_swe_volume_barplot.png,,,Tuolumne River Basin,,,2026-04-06,2026-04-06,,,,/Users/jtarrico/ch13_nisar_prelim/data/rasters/aso/ca/tuo/ASO_Tuolumne_2026Apr06_SurveyData_and_Reports/ASO_Tuolumne_Cherry_2026Apr06_swe_volume_barplot.png,Provided local source package,,inventory_only; package purpose is in charter,,SHA-256,2fbd6c9d3ac8c97016e10a60c7f6f5d9794d432188e3ad9b60343d96280e8bb1,90991,,Survey 2026-04-06 to 2026-04-06; file extension or package inventory
2026-09-28T20:13:50Z,ASO_Tuolumne_2026Apr06_SurveyData_and_Reports,"Airborne Snow Observatories, Inc. (ASO)",report_text,,USCATE20260406v0,,,USCATE20260406v0,ASO_Tuolumne_Eleanor_2026Apr06_banded_swe.txt,,,Tuolumne River Basin,,,2026-04-06,2026-04-06,,,,/Users/jtarrico/ch13_nisar_prelim/data/rasters/aso/ca/tuo/ASO_Tuolumne_2026Apr06_SurveyData_and_Reports/ASO_Tuolumne_Eleanor_2026Apr06_banded_swe.txt,Provided local source package,,inventory_only; package purpose is in charter,,SHA-256,5a9827df470269c93361df5bdfb58a377b81d2b5b50591bb3cc1a8797fa4c302,2543,,Survey 2026-04-06 to 2026-04-06; file extension
2026-09-28T20:13:50Z,ASO_Tuolumne_2026Apr06_SurveyData_and_Reports,"Airborne Snow Observatories, Inc. (ASO)",report_text,,USCATE20260406v0,,,USCATE20260406v0,ASO_Tuolumne_Eleanor_2026Apr06_swe_report.txt,,,Tuolumne River Basin,,,2026-04-06,2026-04-06,,,,/Users/jtarrico/ch13_nisar_prelim/data/rasters/aso/ca/tuo/ASO_Tuolumne_2026Apr06_SurveyData_and_Reports/ASO_Tuolumne_Eleanor_2026Apr06_swe_report.txt,Provided local source package,,inventory_only; package purpose is in charter,,SHA-256,8dea455ae8fa733bccb412dadeaa3614924408f98581c5284fa8d540a9261b1f,755,,Survey 2026-04-06 to 2026-04-06; file extension
2026-09-28T20:13:50Z,ASO_Tuolumne_2026Apr06_SurveyData_and_Reports,"Airborne Snow Observatories, Inc. (ASO)",other_file,,USCATE20260406v0,,,USCATE20260406v0,ASO_Tuolumne_Eleanor_2026Apr06_swe_volume_barplot.png,,,Tuolumne River Basin,,,2026-04-06,2026-04-06,,,,/Users/jtarrico/ch13_nisar_prelim/data/rasters/aso/ca/tuo/ASO_Tuolumne_2026Apr06_SurveyData_and_Reports/ASO_Tuolumne_Eleanor_2026Apr06_swe_volume_barplot.png,Provided local source package,,inventory_only; package purpose is in charter,,SHA-256,dd050146b0ebf40123f477a9819a5a4ee7d81104c5962ea97a7961345e204cfd,85938,,Survey 2026-04-06 to 2026-04-06; file extension or package inventory
2026-09-28T20:13:50Z,ASO_Tuolumne_2026Apr06_SurveyData_and_Reports,"Airborne Snow Observatories, Inc. (ASO)",report_text,,USCATE20260406v0,,,USCATE20260406v0,ASO_Tuolumne_Hetchy_2026Apr06_banded_swe.txt,,,Tuolumne River Basin,,,2026-04-06,2026-04-06,,,,/Users/jtarrico/ch13_nisar_prelim/data/rasters/aso/ca/tuo/ASO_Tuolumne_2026Apr06_SurveyData_and_Reports/ASO_Tuolumne_Hetchy_2026Apr06_banded_swe.txt,Provided local source package,,inventory_only; package purpose is in charter,,SHA-256,c04c0b2e8773dec2dc1de7d2cd8748e374c7b2a09779e63d07a03a602654930a,2535,,Survey 2026-04-06 to 2026-04-06; file extension
2026-09-28T20:13:50Z,ASO_Tuolumne_2026Apr06_SurveyData_and_Reports,"Airborne Snow Observatories, Inc. (ASO)",report_text,,USCATE20260406v0,,,USCATE20260406v0,ASO_Tuolumne_Hetchy_2026Apr06_swe_report.txt,,,Tuolumne River Basin,,,2026-04-06,2026-04-06,,,,/Users/jtarrico/ch13_nisar_prelim/data/rasters/aso/ca/tuo/ASO_Tuolumne_2026Apr06_SurveyData_and_Reports/ASO_Tuolumne_Hetchy_2026Apr06_swe_report.txt,Provided local source package,,inventory_only; package purpose is in charter,,SHA-256,f4a489529cacbca2b60f792455efc2c9f327d4399a329015f7e52d51e2c01373,757,,Survey 2026-04-06 to 2026-04-06; file extension
2026-09-28T20:13:50Z,ASO_Tuolumne_2026Apr06_SurveyData_and_Reports,"Airborne Snow Observatories, Inc. (ASO)",other_file,,USCATE20260406v0,,,USCATE20260406v0,ASO_Tuolumne_Hetchy_2026Apr06_swe_volume_barplot.png,,,Tuolumne River Basin,,,2026-04-06,2026-04-06,,,,/Users/jtarrico/ch13_nisar_prelim/data/rasters/aso/ca/tuo/ASO_Tuolumne_2026Apr06_SurveyData_and_Reports/ASO_Tuolumne_Hetchy_2026Apr06_swe_volume_barplot.png,Provided local source package,,inventory_only; package purpose is in charter,,SHA-256,02f043198dbc8b7df2945285cb2c18fc5acca8ac7a1a75977a75b9fa7fdcec6f,94913,,Survey 2026-04-06 to 2026-04-06; file extension or package inventory
2026-09-28T20:13:50Z,ASO_Tuolumne_2026Apr06_SurveyData_and_Reports,"Airborne Snow Observatories, Inc. (ASO)",report_text,,USCATE20260406v0,,,USCATE20260406v0,ASO_Tuolumne_NorthFork_2026Apr06_banded_swe.txt,,,Tuolumne River Basin,,,2026-04-06,2026-04-06,,,,/Users/jtarrico/ch13_nisar_prelim/data/rasters/aso/ca/tuo/ASO_Tuolumne_2026Apr06_SurveyData_and_Reports/ASO_Tuolumne_NorthFork_2026Apr06_banded_swe.txt,Provided local source package,,inventory_only; package purpose is in charter,,SHA-256,bacadb1c433fea4da72900b311893c07adb2f9ed4b81ff9c26e643ee780b9e8b,2546,,Survey 2026-04-06 to 2026-04-06; file extension
2026-09-28T20:13:50Z,ASO_Tuolumne_2026Apr06_SurveyData_and_Reports,"Airborne Snow Observatories, Inc. (ASO)",report_text,,USCATE20260406v0,,,USCATE20260406v0,ASO_Tuolumne_NorthFork_2026Apr06_swe_report.txt,,,Tuolumne River Basin,,,2026-04-06,2026-04-06,,,,/Users/jtarrico/ch13_nisar_prelim/data/rasters/aso/ca/tuo/ASO_Tuolumne_2026Apr06_SurveyData_and_Reports/ASO_Tuolumne_NorthFork_2026Apr06_swe_report.txt,Provided local source package,,inventory_only; package purpose is in charter,,SHA-256,f42cd424530a1408ad37bcb4de44d225e3d51bbfeba58a37dd4d3d0c4a079934,759,,Survey 2026-04-06 to 2026-04-06; file extension
2026-09-28T20:13:50Z,ASO_Tuolumne_2026Apr06_SurveyData_and_Reports,"Airborne Snow Observatories, Inc. (ASO)",other_file,,USCATE20260406v0,,,USCATE20260406v0,ASO_Tuolumne_NorthFork_2026Apr06_swe_volume_barplot.png,,,Tuolumne River Basin,,,2026-04-06,2026-04-06,,,,/Users/jtarrico/ch13_nisar_prelim/data/rasters/aso/ca/tuo/ASO_Tuolumne_2026Apr06_SurveyData_and_Reports/ASO_Tuolumne_NorthFork_2026Apr06_swe_volume_barplot.png,Provided local source package,,inventory_only; package purpose is in charter,,SHA-256,0168baf9cbdf18dcde402fcb4683951c844b20fca46edd08f6922c5b44e25c7f,84852,,Survey 2026-04-06 to 2026-04-06; file extension or package inventory
2026-09-28T20:13:50Z,ASO_Tuolumne_2026Apr06_SurveyData_and_Reports,"Airborne Snow Observatories, Inc. (ASO)",report_text,,USCATE20260406v0,,,USCATE20260406v0,ASO_Tuolumne_SouthFork_2026Apr06_banded_swe.txt,,,Tuolumne River Basin,,,2026-04-06,2026-04-06,,,,/Users/jtarrico/ch13_nisar_prelim/data/rasters/aso/ca/tuo/ASO_Tuolumne_2026Apr06_SurveyData_and_Reports/ASO_Tuolumne_SouthFork_2026Apr06_banded_swe.txt,Provided local source package,,inventory_only; package purpose is in charter,,SHA-256,87e1c35606fb1a5cac01b19d3e70492a3fb40bd814fb9b1ab324f5479b0b04b0,2546,,Survey 2026-04-06 to 2026-04-06; file extension
2026-09-28T20:13:50Z,ASO_Tuolumne_2026Apr06_SurveyData_and_Reports,"Airborne Snow Observatories, Inc. (ASO)",report_text,,USCATE20260406v0,,,USCATE20260406v0,ASO_Tuolumne_SouthFork_2026Apr06_swe_report.txt,,,Tuolumne River Basin,,,2026-04-06,2026-04-06,,,,/Users/jtarrico/ch13_nisar_prelim/data/rasters/aso/ca/tuo/ASO_Tuolumne_2026Apr06_SurveyData_and_Reports/ASO_Tuolumne_SouthFork_2026Apr06_swe_report.txt,Provided local source package,,inventory_only; package purpose is in charter,,SHA-256,33f8d657909abaf9f31729f841753756c95e2d62e1455d434831a69ad13be323,759,,Survey 2026-04-06 to 2026-04-06; file extension
2026-09-28T20:13:50Z,ASO_Tuolumne_2026Apr06_SurveyData_and_Reports,"Airborne Snow Observatories, Inc. (ASO)",other_file,,USCATE20260406v0,,,USCATE20260406v0,ASO_Tuolumne_SouthFork_2026Apr06_swe_volume_barplot.png,,,Tuolumne River Basin,,,2026-04-06,2026-04-06,,,,/Users/jtarrico/ch13_nisar_prelim/data/rasters/aso/ca/tuo/ASO_Tuolumne_2026Apr06_SurveyData_and_Reports/ASO_Tuolumne_SouthFork_2026Apr06_swe_volume_barplot.png,Provided local source package,,inventory_only; package purpose is in charter,,SHA-256,b960ad2a69bcdf339476d2e510fe7fc0562f2af5a383fe9c30b3ff6be8088b39,83877,,Survey 2026-04-06 to 2026-04-06; file extension or package inventory
2026-09-28T20:26:40Z,NISAR L2 GUNW BETA,NASA ASF DAAC / CMR,NISAR L2 Geocoded Unwrapped Interferogram,BETA,1.0.2,1,X05010,1.0.2,NISAR_L2_PR_GUNW_004_042_D_069_005_4000_SH_20251101T025606_20251101T025641_20251113T025606_20251113T025641_X05010_N_F_J_001,C2850261892-ASF,G4058286744-ASF,Tuolumne River Basin,T042/F069,DESCENDING,2025-11-01T02:56:06.000000Z,2025-11-13T02:56:06.000000Z,,,,/Users/jtarrico/ch13_nisar_prelim/data/nisar/gunw/tuolumne/beta/<track_frame>/NISAR_L2_PR_GUNW_004_042_D_069_005_4000_SH_20251101T025606_20251101T025641_20251113T025606_20251113T025641_X05010_N_F_J_001.h5,Not downloaded; URL recorded from current CMR metadata,G4058286744-ASF,inventory_only; no retrieval role assigned,,MD5,7c2f9b066efd7ad2f6d9a8e7dd93eed2,2340421632,https://nisar.asf.earthdatacloud.nasa.gov/NISAR/NISAR_L2_GUNW_BETA_V1/NISAR_L2_PR_GUNW_004_042_D_069_005_4000_SH_20251101T025606_20251101T025641_20251113T025606_20251113T025641_X05010_N_F_J_001/NISAR_L2_PR_GUNW_004_042_D_069_005_4000_SH_20251101T025606_20251101T025641_20251113T025606_20251113T025641_X05010_N_F_J_001.h5,"Checksum and size are CMR-reported, not locally verified."
2026-09-28T20:26:40Z,NISAR L2 GUNW BETA,NASA ASF DAAC / CMR,NISAR L2 Geocoded Unwrapped Interferogram,BETA,1.0.2,1,X05010,1.0.2,NISAR_L2_PR_GUNW_005_042_D_069_006_4000_SH_20251113T025606_20251113T025641_20251125T025606_20251125T025641_X05010_N_F_J_001,C2850261892-ASF,G4058339167-ASF,Tuolumne River Basin,T042/F069,DESCENDING,2025-11-13T02:56:06.000000Z,2025-11-25T02:56:06.000000Z,,,,/Users/jtarrico/ch13_nisar_prelim/data/nisar/gunw/tuolumne/beta/<track_frame>/NISAR_L2_PR_GUNW_005_042_D_069_006_4000_SH_20251113T025606_20251113T025641_20251125T025606_20251125T025641_X05010_N_F_J_001.h5,Not downloaded; URL recorded from current CMR metadata,G4058339167-ASF,inventory_only; no retrieval role assigned,,MD5,96a08a735b316e5f5f17f8c2699fb7a9,2373976064,https://nisar.asf.earthdatacloud.nasa.gov/NISAR/NISAR_L2_GUNW_BETA_V1/NISAR_L2_PR_GUNW_005_042_D_069_006_4000_SH_20251113T025606_20251113T025641_20251125T025606_20251125T025641_X05010_N_F_J_001/NISAR_L2_PR_GUNW_005_042_D_069_006_4000_SH_20251113T025606_20251113T025641_20251125T025606_20251125T025641_X05010_N_F_J_001.h5,"Checksum and size are CMR-reported, not locally verified."
2026-09-28T20:26:40Z,NISAR L2 GUNW BETA,NASA ASF DAAC / CMR,NISAR L2 Geocoded Unwrapped Interferogram,BETA,1.0.2,1,X05010,1.0.2,NISAR_L2_PR_GUNW_006_042_D_069_007_4000_SH_20251125T025606_20251125T025641_20251207T025607_20251207T025642_X05010_N_F_J_001,C2850261892-ASF,G4058418125-ASF,Tuolumne River Basin,T042/F069,DESCENDING,2025-11-25T02:56:06.000000Z,2025-12-07T02:56:07.000000Z,,,,/Users/jtarrico/ch13_nisar_prelim/data/nisar/gunw/tuolumne/beta/<track_frame>/NISAR_L2_PR_GUNW_006_042_D_069_007_4000_SH_20251125T025606_20251125T025641_20251207T025607_20251207T025642_X05010_N_F_J_001.h5,Not downloaded; URL recorded from current CMR metadata,G4058418125-ASF,inventory_only; no retrieval role assigned,,MD5,ce478f9653767b93eca974b6c475fef0,2348810240,https://nisar.asf.earthdatacloud.nasa.gov/NISAR/NISAR_L2_GUNW_BETA_V1/NISAR_L2_PR_GUNW_006_042_D_069_007_4000_SH_20251125T025606_20251125T025641_20251207T025607_20251207T025642_X05010_N_F_J_001/NISAR_L2_PR_GUNW_006_042_D_069_007_4000_SH_20251125T025606_20251125T025641_20251207T025607_20251207T025642_X05010_N_F_J_001.h5,"Checksum and size are CMR-reported, not locally verified."
2026-09-28T20:26:40Z,NISAR L2 GUNW BETA,NASA ASF DAAC / CMR,NISAR L2 Geocoded Unwrapped Interferogram,BETA,1.0.2,1,X05010,1.0.2,NISAR_L2_PR_GUNW_006_114_D_069_008_4000_SH_20251130T024747_20251130T024822_20251224T024748_20251224T024823_X05010_N_F_J_001,C2850261892-ASF,G4058398925-ASF,Tuolumne River Basin,T114/F069,DESCENDING,2025-11-30T02:47:47.000000Z,2025-12-24T02:47:48.000000Z,,,,/Users/jtarrico/ch13_nisar_prelim/data/nisar/gunw/tuolumne/beta/<track_frame>/NISAR_L2_PR_GUNW_006_114_D_069_008_4000_SH_20251130T024747_20251130T024822_20251224T024748_20251224T024823_X05010_N_F_J_001.h5,Not downloaded; URL recorded from current CMR metadata,G4058398925-ASF,inventory_only; no retrieval role assigned,,MD5,b6f2741676204a1ea53d6f2a0b2fc214,2403336192,https://nisar.asf.earthdatacloud.nasa.gov/NISAR/NISAR_L2_GUNW_BETA_V1/NISAR_L2_PR_GUNW_006_114_D_069_008_4000_SH_20251130T024747_20251130T024822_20251224T024748_20251224T024823_X05010_N_F_J_001/NISAR_L2_PR_GUNW_006_114_D_069_008_4000_SH_20251130T024747_20251130T024822_20251224T024748_20251224T024823_X05010_N_F_J_001.h5,"Checksum and size are CMR-reported, not locally verified."
2026-09-28T20:26:40Z,NISAR L2 GUNW BETA,NASA ASF DAAC / CMR,NISAR L2 Geocoded Unwrapped Interferogram,BETA,1.0.2,1,X05010,1.0.2,NISAR_L2_PR_GUNW_006_114_D_070_008_4000_SH_20251130T024821_20251130T024856_20251224T024822_20251224T024857_X05010_N_F_J_001,C2850261892-ASF,G4058398759-ASF,Tuolumne River Basin,T114/F070,DESCENDING,2025-11-30T02:48:21.000000Z,2025-12-24T02:48:22.000000Z,,,,/Users/jtarrico/ch13_nisar_prelim/data/nisar/gunw/tuolumne/beta/<track_frame>/NISAR_L2_PR_GUNW_006_114_D_070_008_4000_SH_20251130T024821_20251130T024856_20251224T024822_20251224T024857_X05010_N_F_J_001.h5,Not downloaded; URL recorded from current CMR metadata,G4058398759-ASF,inventory_only; no retrieval role assigned,,MD5,1026c3cfb554e9988df3d62ab671fc4e,2428502016,https://nisar.asf.earthdatacloud.nasa.gov/NISAR/NISAR_L2_GUNW_BETA_V1/NISAR_L2_PR_GUNW_006_114_D_070_008_4000_SH_20251130T024821_20251130T024856_20251224T024822_20251224T024857_X05010_N_F_J_001/NISAR_L2_PR_GUNW_006_114_D_070_008_4000_SH_20251130T024821_20251130T024856_20251224T024822_20251224T024857_X05010_N_F_J_001.h5,"Checksum and size are CMR-reported, not locally verified."
2026-09-28T20:26:40Z,NISAR L2 GUNW BETA,NASA ASF DAAC / CMR,NISAR L2 Geocoded Unwrapped Interferogram,BETA,1.0.2,1,X05010,1.0.2,NISAR_L2_PR_GUNW_007_034_A_020_009_4000_SH_20251206T130859_20251206T130933_20251230T130900_20251230T130935_X05010_N_F_J_001,C2850261892-ASF,G4058451641-ASF,Tuolumne River Basin,T034/F020,ASCENDING,2025-12-06T13:08:59.000000Z,2025-12-30T13:09:00.000000Z,,,,/Users/jtarrico/ch13_nisar_prelim/data/nisar/gunw/tuolumne/beta/<track_frame>/NISAR_L2_PR_GUNW_007_034_A_020_009_4000_SH_20251206T130859_20251206T130933_20251230T130900_20251230T130935_X05010_N_F_J_001.h5,Not downloaded; URL recorded from current CMR metadata,G4058451641-ASF,inventory_only; no retrieval role assigned,,MD5,c544efa4d18a37deccdb37295d90379c,2348810240,https://nisar.asf.earthdatacloud.nasa.gov/NISAR/NISAR_L2_GUNW_BETA_V1/NISAR_L2_PR_GUNW_007_034_A_020_009_4000_SH_20251206T130859_20251206T130933_20251230T130900_20251230T130935_X05010_N_F_J_001/NISAR_L2_PR_GUNW_007_034_A_020_009_4000_SH_20251206T130859_20251206T130933_20251230T130900_20251230T130935_X05010_N_F_J_001.h5,"Checksum and size are CMR-reported, not locally verified."
2026-09-28T20:26:40Z,NISAR L2 GUNW BETA,NASA ASF DAAC / CMR,NISAR L2 Geocoded Unwrapped Interferogram,BETA,1.0.2,1,X05010,1.0.2,NISAR_L2_PR_GUNW_007_034_A_021_009_4000_SH_20251206T130932_20251206T131007_20251230T130934_20251230T131008_X05010_N_F_J_001,C2850261892-ASF,G4058450741-ASF,Tuolumne River Basin,T034/F021,ASCENDING,2025-12-06T13:09:32.000000Z,2025-12-30T13:09:34.000000Z,,,,/Users/jtarrico/ch13_nisar_prelim/data/nisar/gunw/tuolumne/beta/<track_frame>/NISAR_L2_PR_GUNW_007_034_A_021_009_4000_SH_20251206T130932_20251206T131007_20251230T130934_20251230T131008_X05010_N_F_J_001.h5,Not downloaded; URL recorded from current CMR metadata,G4058450741-ASF,inventory_only; no retrieval role assigned,,MD5,adf000554b2212612b9e6e93a047df77,2390753280,https://nisar.asf.earthdatacloud.nasa.gov/NISAR/NISAR_L2_GUNW_BETA_V1/NISAR_L2_PR_GUNW_007_034_A_021_009_4000_SH_20251206T130932_20251206T131007_20251230T130934_20251230T131008_X05010_N_F_J_001/NISAR_L2_PR_GUNW_007_034_A_021_009_4000_SH_20251206T130932_20251206T131007_20251230T130934_20251230T131008_X05010_N_F_J_001.h5,"Checksum and size are CMR-reported, not locally verified."
2026-09-28T20:26:40Z,NISAR L2 GUNW BETA,NASA ASF DAAC / CMR,NISAR L2 Geocoded Unwrapped Interferogram,BETA,1.0.2,1,X05010,1.0.2,NISAR_L2_PR_GUNW_007_042_D_069_008_4000_SH_20251207T025607_20251207T025642_20251219T025608_20251219T025642_X05010_N_F_J_001,C2850261892-ASF,G4058453999-ASF,Tuolumne River Basin,T042/F069,DESCENDING,2025-12-07T02:56:07.000000Z,2025-12-19T02:56:08.000000Z,,,,/Users/jtarrico/ch13_nisar_prelim/data/nisar/gunw/tuolumne/beta/<track_frame>/NISAR_L2_PR_GUNW_007_042_D_069_008_4000_SH_20251207T025607_20251207T025642_20251219T025608_20251219T025642_X05010_N_F_J_001.h5,Not downloaded; URL recorded from current CMR metadata,G4058453999-ASF,inventory_only; no retrieval role assigned,,MD5,9ecd644f59c9c374d470ef7fc7e7c9f2,2332033024,https://nisar.asf.earthdatacloud.nasa.gov/NISAR/NISAR_L2_GUNW_BETA_V1/NISAR_L2_PR_GUNW_007_042_D_069_008_4000_SH_20251207T025607_20251207T025642_20251219T025608_20251219T025642_X05010_N_F_J_001/NISAR_L2_PR_GUNW_007_042_D_069_008_4000_SH_20251207T025607_20251207T025642_20251219T025608_20251219T025642_X05010_N_F_J_001.h5,"Checksum and size are CMR-reported, not locally verified."
2026-09-28T20:26:40Z,NISAR L2 GUNW BETA,NASA ASF DAAC / CMR,NISAR L2 Geocoded Unwrapped Interferogram,BETA,1.0.2,1,X05010,1.0.2,NISAR_L2_PR_GUNW_008_042_D_069_009_4000_SH_20251219T025608_20251219T025642_20251231T025608_20251231T025643_X05010_N_F_J_001,C2850261892-ASF,G4058574319-ASF,Tuolumne River Basin,T042/F069,DESCENDING,2025-12-19T02:56:08.000000Z,2025-12-31T02:56:08.000000Z,,,,/Users/jtarrico/ch13_nisar_prelim/data/nisar/gunw/tuolumne/beta/<track_frame>/NISAR_L2_PR_GUNW_008_042_D_069_009_4000_SH_20251219T025608_20251219T025642_20251231T025608_20251231T025643_X05010_N_F_J_001.h5,Not downloaded; URL recorded from current CMR metadata,G4058574319-ASF,inventory_only; no retrieval role assigned,,MD5,b39ce7bd837e693e4045355d9f5b5282,2394947584,https://nisar.asf.earthdatacloud.nasa.gov/NISAR/NISAR_L2_GUNW_BETA_V1/NISAR_L2_PR_GUNW_008_042_D_069_009_4000_SH_20251219T025608_20251219T025642_20251231T025608_20251231T025643_X05010_N_F_J_001/NISAR_L2_PR_GUNW_008_042_D_069_009_4000_SH_20251219T025608_20251219T025642_20251231T025608_20251231T025643_X05010_N_F_J_001.h5,"Checksum and size are CMR-reported, not locally verified."
2026-09-28T20:26:40Z,NISAR L2 GUNW BETA,NASA ASF DAAC / CMR,NISAR L2 Geocoded Unwrapped Interferogram,BETA,1.0.2,1,X05010,1.0.2,NISAR_L2_PR_GUNW_008_106_A_021_009_4000_SH_20251223T130114_20251223T130149_20260104T130114_20260104T130149_X05010_N_F_J_001,C2850261892-ASF,G4058597397-ASF,Tuolumne River Basin,T106/F021,ASCENDING,2025-12-23T13:01:14.000000Z,2026-01-04T13:01:14.000000Z,,,,/Users/jtarrico/ch13_nisar_prelim/data/nisar/gunw/tuolumne/beta/<track_frame>/NISAR_L2_PR_GUNW_008_106_A_021_009_4000_SH_20251223T130114_20251223T130149_20260104T130114_20260104T130149_X05010_N_F_J_001.h5,Not downloaded; URL recorded from current CMR metadata,G4058597397-ASF,inventory_only; no retrieval role assigned,,MD5,01483d1ec97743b2a11c27cfed514025,2403336192,https://nisar.asf.earthdatacloud.nasa.gov/NISAR/NISAR_L2_GUNW_BETA_V1/NISAR_L2_PR_GUNW_008_106_A_021_009_4000_SH_20251223T130114_20251223T130149_20260104T130114_20260104T130149_X05010_N_F_J_001/NISAR_L2_PR_GUNW_008_106_A_021_009_4000_SH_20251223T130114_20251223T130149_20260104T130114_20260104T130149_X05010_N_F_J_001.h5,"Checksum and size are CMR-reported, not locally verified."
2026-09-28T20:26:40Z,NISAR L2 GUNW BETA,NASA ASF DAAC / CMR,NISAR L2 Geocoded Unwrapped Interferogram,BETA,1.0.2,1,X05010,1.0.2,NISAR_L2_PR_GUNW_008_114_D_069_010_4000_SH_20251224T024748_20251224T024823_20260117T024749_20260117T024824_X05010_N_F_J_001,C2850261892-ASF,G4058620366-ASF,Tuolumne River Basin,T114/F069,DESCENDING,2025-12-24T02:47:48.000000Z,2026-01-17T02:47:49.000000Z,,,,/Users/jtarrico/ch13_nisar_prelim/data/nisar/gunw/tuolumne/beta/<track_frame>/NISAR_L2_PR_GUNW_008_114_D_069_010_4000_SH_20251224T024748_20251224T024823_20260117T024749_20260117T024824_X05010_N_F_J_001.h5,Not downloaded; URL recorded from current CMR metadata,G4058620366-ASF,inventory_only; no retrieval role assigned,,MD5,a3dbb9e0b6a43473476299a0fe55bca1,2449473536,https://nisar.asf.earthdatacloud.nasa.gov/NISAR/NISAR_L2_GUNW_BETA_V1/NISAR_L2_PR_GUNW_008_114_D_069_010_4000_SH_20251224T024748_20251224T024823_20260117T024749_20260117T024824_X05010_N_F_J_001/NISAR_L2_PR_GUNW_008_114_D_069_010_4000_SH_20251224T024748_20251224T024823_20260117T024749_20260117T024824_X05010_N_F_J_001.h5,"Checksum and size are CMR-reported, not locally verified."
2026-09-28T20:26:40Z,NISAR L2 GUNW BETA,NASA ASF DAAC / CMR,NISAR L2 Geocoded Unwrapped Interferogram,BETA,1.0.2,1,X05010,1.0.2,NISAR_L2_PR_GUNW_008_114_D_070_010_4000_SH_20251224T024822_20251224T024857_20260117T024823_20260117T024858_X05010_N_F_J_001,C2850261892-ASF,G4058620358-ASF,Tuolumne River Basin,T114/F070,DESCENDING,2025-12-24T02:48:22.000000Z,2026-01-17T02:48:23.000000Z,,,,/Users/jtarrico/ch13_nisar_prelim/data/nisar/gunw/tuolumne/beta/<track_frame>/NISAR_L2_PR_GUNW_008_114_D_070_010_4000_SH_20251224T024822_20251224T024857_20260117T024823_20260117T024858_X05010_N_F_J_001.h5,Not downloaded; URL recorded from current CMR metadata,G4058620358-ASF,inventory_only; no retrieval role assigned,,MD5,84a901bbcf153184de28a3cbbf7776b1,2466250752,https://nisar.asf.earthdatacloud.nasa.gov/NISAR/NISAR_L2_GUNW_BETA_V1/NISAR_L2_PR_GUNW_008_114_D_070_010_4000_SH_20251224T024822_20251224T024857_20260117T024823_20260117T024858_X05010_N_F_J_001/NISAR_L2_PR_GUNW_008_114_D_070_010_4000_SH_20251224T024822_20251224T024857_20260117T024823_20260117T024858_X05010_N_F_J_001.h5,"Checksum and size are CMR-reported, not locally verified."
2026-09-28T20:26:40Z,NISAR L2 GUNW BETA,NASA ASF DAAC / CMR,NISAR L2 Geocoded Unwrapped Interferogram,BETA,1.0.2,1,X05010,1.0.2,NISAR_L2_PR_GUNW_009_034_A_020_010_4000_SH_20251230T130900_20251230T130935_20260111T130901_20260111T130935_X05010_N_F_J_001,C2850261892-ASF,G4058712185-ASF,Tuolumne River Basin,T034/F020,ASCENDING,2025-12-30T13:09:00.000000Z,2026-01-11T13:09:01.000000Z,,,,/Users/jtarrico/ch13_nisar_prelim/data/nisar/gunw/tuolumne/beta/<track_frame>/NISAR_L2_PR_GUNW_009_034_A_020_010_4000_SH_20251230T130900_20251230T130935_20260111T130901_20260111T130935_X05010_N_F_J_001.h5,Not downloaded; URL recorded from current CMR metadata,G4058712185-ASF,inventory_only; no retrieval role assigned,,MD5,d71bca9d6eed699c2e8f454d24cdad67,2332033024,https://nisar.asf.earthdatacloud.nasa.gov/NISAR/NISAR_L2_GUNW_BETA_V1/NISAR_L2_PR_GUNW_009_034_A_020_010_4000_SH_20251230T130900_20251230T130935_20260111T130901_20260111T130935_X05010_N_F_J_001/NISAR_L2_PR_GUNW_009_034_A_020_010_4000_SH_20251230T130900_20251230T130935_20260111T130901_20260111T130935_X05010_N_F_J_001.h5,"Checksum and size are CMR-reported, not locally verified."
2026-09-28T20:26:40Z,NISAR L2 GUNW BETA,NASA ASF DAAC / CMR,NISAR L2 Geocoded Unwrapped Interferogram,BETA,1.0.2,1,X05010,1.0.2,NISAR_L2_PR_GUNW_009_034_A_021_010_4000_SH_20251230T130934_20251230T131008_20260111T130934_20260111T131009_X05010_N_F_J_001,C2850261892-ASF,G4058712306-ASF,Tuolumne River Basin,T034/F021,ASCENDING,2025-12-30T13:09:34.000000Z,2026-01-11T13:09:34.000000Z,,,,/Users/jtarrico/ch13_nisar_prelim/data/nisar/gunw/tuolumne/beta/<track_frame>/NISAR_L2_PR_GUNW_009_034_A_021_010_4000_SH_20251230T130934_20251230T131008_20260111T130934_20260111T131009_X05010_N_F_J_001.h5,Not downloaded; URL recorded from current CMR metadata,G4058712306-ASF,inventory_only; no retrieval role assigned,,MD5,e75f564a89b87adbf7e5d61ce457969b,2369781760,https://nisar.asf.earthdatacloud.nasa.gov/NISAR/NISAR_L2_GUNW_BETA_V1/NISAR_L2_PR_GUNW_009_034_A_021_010_4000_SH_20251230T130934_20251230T131008_20260111T130934_20260111T131009_X05010_N_F_J_001/NISAR_L2_PR_GUNW_009_034_A_021_010_4000_SH_20251230T130934_20251230T131008_20260111T130934_20260111T131009_X05010_N_F_J_001.h5,"Checksum and size are CMR-reported, not locally verified."
2026-09-28T20:26:40Z,NISAR L2 GUNW BETA,NASA ASF DAAC / CMR,NISAR L2 Geocoded Unwrapped Interferogram,BETA,1.0.2,1,X05010,1.0.2,NISAR_L2_PR_GUNW_009_042_D_069_010_4000_SH_20251231T025608_20251231T025643_20260112T025609_20260112T025644_X05010_N_F_J_001,C2850261892-ASF,G4058707602-ASF,Tuolumne River Basin,T042/F069,DESCENDING,2025-12-31T02:56:08.000000Z,2026-01-12T02:56:09.000000Z,,,,/Users/jtarrico/ch13_nisar_prelim/data/nisar/gunw/tuolumne/beta/<track_frame>/NISAR_L2_PR_GUNW_009_042_D_069_010_4000_SH_20251231T025608_20251231T025643_20260112T025609_20260112T025644_X05010_N_F_J_001.h5,Not downloaded; URL recorded from current CMR metadata,G4058707602-ASF,inventory_only; no retrieval role assigned,,MD5,92d830bb66ce5fbf14ad144ac17b18b8,2390753280,https://nisar.asf.earthdatacloud.nasa.gov/NISAR/NISAR_L2_GUNW_BETA_V1/NISAR_L2_PR_GUNW_009_042_D_069_010_4000_SH_20251231T025608_20251231T025643_20260112T025609_20260112T025644_X05010_N_F_J_001/NISAR_L2_PR_GUNW_009_042_D_069_010_4000_SH_20251231T025608_20251231T025643_20260112T025609_20260112T025644_X05010_N_F_J_001.h5,"Checksum and size are CMR-reported, not locally verified."
2026-09-28T20:26:40Z,NISAR L2 GUNW PROVISIONAL,NASA ASF DAAC / CMR,NISAR L2 Geocoded Unwrapped Interferogram,PROVISIONAL,1.0.11,1,P05023,1.0.11,NISAR_L2_PR_GUNW_004_042_D_069_005_4000_SH_20251101T025606_20251101T025641_20251113T025606_20251113T025641_P05023_N_F_J_001,C2854335566-ASF,G4273708294-ASF,Tuolumne River Basin,T042/F069,DESCENDING,2025-11-01T02:56:06.000000Z,2025-11-13T02:56:06.000000Z,,,,/Users/jtarrico/ch13_nisar_prelim/data/nisar/gunw/tuolumne/provisional/<track_frame>/NISAR_L2_PR_GUNW_004_042_D_069_005_4000_SH_20251101T025606_20251101T025641_20251113T025606_20251113T025641_P05023_N_F_J_001.h5,Not downloaded; URL recorded from current CMR metadata,G4273708294-ASF,inventory_only; no retrieval role assigned,,MD5,d57aa3feeed94235c6499b7b39f08023,2327838720,https://nisar.asf.earthdatacloud.nasa.gov/NISAR/NISAR_L2_GUNW_PROVISIONAL_V1/NISAR_L2_PR_GUNW_004_042_D_069_005_4000_SH_20251101T025606_20251101T025641_20251113T025606_20251113T025641_P05023_N_F_J_001/NISAR_L2_PR_GUNW_004_042_D_069_005_4000_SH_20251101T025606_20251101T025641_20251113T025606_20251113T025641_P05023_N_F_J_001.h5,"Checksum and size are CMR-reported, not locally verified."
2026-09-28T20:26:40Z,NISAR L2 GUNW PROVISIONAL,NASA ASF DAAC / CMR,NISAR L2 Geocoded Unwrapped Interferogram,PROVISIONAL,1.0.11,1,P05023,1.0.11,NISAR_L2_PR_GUNW_005_042_D_069_006_4000_SH_20251113T025606_20251113T025641_20251125T025606_20251125T025641_P05023_N_F_J_001,C2854335566-ASF,G4274018975-ASF,Tuolumne River Basin,T042/F069,DESCENDING,2025-11-13T02:56:06.000000Z,2025-11-25T02:56:06.000000Z,,,,/Users/jtarrico/ch13_nisar_prelim/data/nisar/gunw/tuolumne/provisional/<track_frame>/NISAR_L2_PR_GUNW_005_042_D_069_006_4000_SH_20251113T025606_20251113T025641_20251125T025606_20251125T025641_P05023_N_F_J_001.h5,Not downloaded; URL recorded from current CMR metadata,G4274018975-ASF,inventory_only; no retrieval role assigned,,MD5,9699d4eda17ada078316b9902c5a00d0,2365587456,https://nisar.asf.earthdatacloud.nasa.gov/NISAR/NISAR_L2_GUNW_PROVISIONAL_V1/NISAR_L2_PR_GUNW_005_042_D_069_006_4000_SH_20251113T025606_20251113T025641_20251125T025606_20251125T025641_P05023_N_F_J_001/NISAR_L2_PR_GUNW_005_042_D_069_006_4000_SH_20251113T025606_20251113T025641_20251125T025606_20251125T025641_P05023_N_F_J_001.h5,"Checksum and size are CMR-reported, not locally verified."
2026-09-28T20:26:40Z,NISAR L2 GUNW PROVISIONAL,NASA ASF DAAC / CMR,NISAR L2 Geocoded Unwrapped Interferogram,PROVISIONAL,1.0.11,1,P05023,1.0.11,NISAR_L2_PR_GUNW_006_034_A_020_007_4000_SH_20251124T130858_20251124T130933_20251206T130859_20251206T130933_P05023_N_F_J_001,C2854335566-ASF,G4274485664-ASF,Tuolumne River Basin,T034/F020,ASCENDING,2025-11-24T13:08:58.000000Z,2025-12-06T13:08:59.000000Z,,,,/Users/jtarrico/ch13_nisar_prelim/data/nisar/gunw/tuolumne/provisional/<track_frame>/NISAR_L2_PR_GUNW_006_034_A_020_007_4000_SH_20251124T130858_20251124T130933_20251206T130859_20251206T130933_P05023_N_F_J_001.h5,Not downloaded; URL recorded from current CMR metadata,G4274485664-ASF,inventory_only; no retrieval role assigned,,MD5,9a5c9044a06a36c2fd34708d0a2440da,2323644416,https://nisar.asf.earthdatacloud.nasa.gov/NISAR/NISAR_L2_GUNW_PROVISIONAL_V1/NISAR_L2_PR_GUNW_006_034_A_020_007_4000_SH_20251124T130858_20251124T130933_20251206T130859_20251206T130933_P05023_N_F_J_001/NISAR_L2_PR_GUNW_006_034_A_020_007_4000_SH_20251124T130858_20251124T130933_20251206T130859_20251206T130933_P05023_N_F_J_001.h5,"Checksum and size are CMR-reported, not locally verified."
2026-09-28T20:26:40Z,NISAR L2 GUNW PROVISIONAL,NASA ASF DAAC / CMR,NISAR L2 Geocoded Unwrapped Interferogram,PROVISIONAL,1.0.11,1,P05023,1.0.11,NISAR_L2_PR_GUNW_006_034_A_021_007_4000_SH_20251124T130932_20251124T131007_20251206T130932_20251206T131007_P05023_N_F_J_001,C2854335566-ASF,G4274487718-ASF,Tuolumne River Basin,T034/F021,ASCENDING,2025-11-24T13:09:32.000000Z,2025-12-06T13:09:32.000000Z,,,,/Users/jtarrico/ch13_nisar_prelim/data/nisar/gunw/tuolumne/provisional/<track_frame>/NISAR_L2_PR_GUNW_006_034_A_021_007_4000_SH_20251124T130932_20251124T131007_20251206T130932_20251206T131007_P05023_N_F_J_001.h5,Not downloaded; URL recorded from current CMR metadata,G4274487718-ASF,inventory_only; no retrieval role assigned,,MD5,1dbbd9f153f37fe872b3b169dd3931c8,2386558976,https://nisar.asf.earthdatacloud.nasa.gov/NISAR/NISAR_L2_GUNW_PROVISIONAL_V1/NISAR_L2_PR_GUNW_006_034_A_021_007_4000_SH_20251124T130932_20251124T131007_20251206T130932_20251206T131007_P05023_N_F_J_001/NISAR_L2_PR_GUNW_006_034_A_021_007_4000_SH_20251124T130932_20251124T131007_20251206T130932_20251206T131007_P05023_N_F_J_001.h5,"Checksum and size are CMR-reported, not locally verified."
2026-09-28T20:26:40Z,NISAR L2 GUNW PROVISIONAL,NASA ASF DAAC / CMR,NISAR L2 Geocoded Unwrapped Interferogram,PROVISIONAL,1.0.11,1,P05023,1.0.11,NISAR_L2_PR_GUNW_006_042_D_069_007_4000_SH_20251125T025606_20251125T025641_20251207T025607_20251207T025642_P05023_N_F_J_001,C2854335566-ASF,G4274469212-ASF,Tuolumne River Basin,T042/F069,DESCENDING,2025-11-25T02:56:06.000000Z,2025-12-07T02:56:07.000000Z,,,,/Users/jtarrico/ch13_nisar_prelim/data/nisar/gunw/tuolumne/provisional/<track_frame>/NISAR_L2_PR_GUNW_006_042_D_069_007_4000_SH_20251125T025606_20251125T025641_20251207T025607_20251207T025642_P05023_N_F_J_001.h5,Not downloaded; URL recorded from current CMR metadata,G4274469212-ASF,inventory_only; no retrieval role assigned,,MD5,3d2e30e81870a8c1059c514bc9bae1e3,2336227328,https://nisar.asf.earthdatacloud.nasa.gov/NISAR/NISAR_L2_GUNW_PROVISIONAL_V1/NISAR_L2_PR_GUNW_006_042_D_069_007_4000_SH_20251125T025606_20251125T025641_20251207T025607_20251207T025642_P05023_N_F_J_001/NISAR_L2_PR_GUNW_006_042_D_069_007_4000_SH_20251125T025606_20251125T025641_20251207T025607_20251207T025642_P05023_N_F_J_001.h5,"Checksum and size are CMR-reported, not locally verified."
2026-09-28T20:26:40Z,NISAR L2 GUNW PROVISIONAL,NASA ASF DAAC / CMR,NISAR L2 Geocoded Unwrapped Interferogram,PROVISIONAL,1.0.11,1,P05023,1.0.11,NISAR_L2_PR_GUNW_006_114_D_069_008_4000_SH_20251130T024747_20251130T024822_20251224T024748_20251224T024823_P05023_N_F_J_001,C2854335566-ASF,G4274935267-ASF,Tuolumne River Basin,T114/F069,DESCENDING,2025-11-30T02:47:47.000000Z,2025-12-24T02:47:48.000000Z,,,,/Users/jtarrico/ch13_nisar_prelim/data/nisar/gunw/tuolumne/provisional/<track_frame>/NISAR_L2_PR_GUNW_006_114_D_069_008_4000_SH_20251130T024747_20251130T024822_20251224T024748_20251224T024823_P05023_N_F_J_001.h5,Not downloaded; URL recorded from current CMR metadata,G4274935267-ASF,inventory_only; no retrieval role assigned,,MD5,f55d3c88274c7c855b1f3f211968331b,2394947584,https://nisar.asf.earthdatacloud.nasa.gov/NISAR/NISAR_L2_GUNW_PROVISIONAL_V1/NISAR_L2_PR_GUNW_006_114_D_069_008_4000_SH_20251130T024747_20251130T024822_20251224T024748_20251224T024823_P05023_N_F_J_001/NISAR_L2_PR_GUNW_006_114_D_069_008_4000_SH_20251130T024747_20251130T024822_20251224T024748_20251224T024823_P05023_N_F_J_001.h5,"Checksum and size are CMR-reported, not locally verified."
2026-09-28T20:26:40Z,NISAR L2 GUNW PROVISIONAL,NASA ASF DAAC / CMR,NISAR L2 Geocoded Unwrapped Interferogram,PROVISIONAL,1.0.11,1,P05023,1.0.11,NISAR_L2_PR_GUNW_006_114_D_070_008_4000_SH_20251130T024821_20251130T024856_20251224T024822_20251224T024857_P05023_N_F_J_001,C2854335566-ASF,G4274950747-ASF,Tuolumne River Basin,T114/F070,DESCENDING,2025-11-30T02:48:21.000000Z,2025-12-24T02:48:22.000000Z,,,,/Users/jtarrico/ch13_nisar_prelim/data/nisar/gunw/tuolumne/provisional/<track_frame>/NISAR_L2_PR_GUNW_006_114_D_070_008_4000_SH_20251130T024821_20251130T024856_20251224T024822_20251224T024857_P05023_N_F_J_001.h5,Not downloaded; URL recorded from current CMR metadata,G4274950747-ASF,inventory_only; no retrieval role assigned,,MD5,50f076fe4de6d2b7c956e0fd60d11fc4,2420113408,https://nisar.asf.earthdatacloud.nasa.gov/NISAR/NISAR_L2_GUNW_PROVISIONAL_V1/NISAR_L2_PR_GUNW_006_114_D_070_008_4000_SH_20251130T024821_20251130T024856_20251224T024822_20251224T024857_P05023_N_F_J_001/NISAR_L2_PR_GUNW_006_114_D_070_008_4000_SH_20251130T024821_20251130T024856_20251224T024822_20251224T024857_P05023_N_F_J_001.h5,"Checksum and size are CMR-reported, not locally verified."
2026-09-28T20:26:40Z,NISAR L2 GUNW PROVISIONAL,NASA ASF DAAC / CMR,NISAR L2 Geocoded Unwrapped Interferogram,PROVISIONAL,1.0.11,1,P05023,1.0.11,NISAR_L2_PR_GUNW_007_034_A_020_008_4000_SH_20251206T130859_20251206T130933_20251218T130859_20251218T130934_P05023_N_F_J_001,C2854335566-ASF,G4274895195-ASF,Tuolumne River Basin,T034/F020,ASCENDING,2025-12-06T13:08:59.000000Z,2025-12-18T13:08:59.000000Z,,,,/Users/jtarrico/ch13_nisar_prelim/data/nisar/gunw/tuolumne/provisional/<track_frame>/NISAR_L2_PR_GUNW_007_034_A_020_008_4000_SH_20251206T130859_20251206T130933_20251218T130859_20251218T130934_P05023_N_F_J_001.h5,Not downloaded; URL recorded from current CMR metadata,G4274895195-ASF,inventory_only; no retrieval role assigned,,MD5,67bd6228ccead9b815812cfd363b7e2f,2298478592,https://nisar.asf.earthdatacloud.nasa.gov/NISAR/NISAR_L2_GUNW_PROVISIONAL_V1/NISAR_L2_PR_GUNW_007_034_A_020_008_4000_SH_20251206T130859_20251206T130933_20251218T130859_20251218T130934_P05023_N_F_J_001/NISAR_L2_PR_GUNW_007_034_A_020_008_4000_SH_20251206T130859_20251206T130933_20251218T130859_20251218T130934_P05023_N_F_J_001.h5,"Checksum and size are CMR-reported, not locally verified."
2026-09-28T20:26:40Z,NISAR L2 GUNW PROVISIONAL,NASA ASF DAAC / CMR,NISAR L2 Geocoded Unwrapped Interferogram,PROVISIONAL,1.0.11,1,P05023,1.0.11,NISAR_L2_PR_GUNW_007_034_A_021_008_4000_SH_20251206T130932_20251206T131007_20251218T130933_20251218T131008_P05023_N_F_J_001,C2854335566-ASF,G4274974094-ASF,Tuolumne River Basin,T034/F021,ASCENDING,2025-12-06T13:09:32.000000Z,2025-12-18T13:09:33.000000Z,,,,/Users/jtarrico/ch13_nisar_prelim/data/nisar/gunw/tuolumne/provisional/<track_frame>/NISAR_L2_PR_GUNW_007_034_A_021_008_4000_SH_20251206T130932_20251206T131007_20251218T130933_20251218T131008_P05023_N_F_J_001.h5,Not downloaded; URL recorded from current CMR metadata,G4274974094-ASF,inventory_only; no retrieval role assigned,,MD5,506a5c5bdc0a76be1fd6bad61880e9f7,2382364672,https://nisar.asf.earthdatacloud.nasa.gov/NISAR/NISAR_L2_GUNW_PROVISIONAL_V1/NISAR_L2_PR_GUNW_007_034_A_021_008_4000_SH_20251206T130932_20251206T131007_20251218T130933_20251218T131008_P05023_N_F_J_001/NISAR_L2_PR_GUNW_007_034_A_021_008_4000_SH_20251206T130932_20251206T131007_20251218T130933_20251218T131008_P05023_N_F_J_001.h5,"Checksum and size are CMR-reported, not locally verified."
2026-09-28T20:26:40Z,NISAR L2 GUNW PROVISIONAL,NASA ASF DAAC / CMR,NISAR L2 Geocoded Unwrapped Interferogram,PROVISIONAL,1.0.11,1,P05023,1.0.11,NISAR_L2_PR_GUNW_007_042_D_069_008_4000_SH_20251207T025607_20251207T025642_20251219T025608_20251219T025642_P05023_N_F_J_001,C2854335566-ASF,G4274890831-ASF,Tuolumne River Basin,T042/F069,DESCENDING,2025-12-07T02:56:07.000000Z,2025-12-19T02:56:08.000000Z,,,,/Users/jtarrico/ch13_nisar_prelim/data/nisar/gunw/tuolumne/provisional/<track_frame>/NISAR_L2_PR_GUNW_007_042_D_069_008_4000_SH_20251207T025607_20251207T025642_20251219T025608_20251219T025642_P05023_N_F_J_001.h5,Not downloaded; URL recorded from current CMR metadata,G4274890831-ASF,inventory_only; no retrieval role assigned,,MD5,88b62b9a3becde168cf9699b07f0b342,2315255808,https://nisar.asf.earthdatacloud.nasa.gov/NISAR/NISAR_L2_GUNW_PROVISIONAL_V1/NISAR_L2_PR_GUNW_007_042_D_069_008_4000_SH_20251207T025607_20251207T025642_20251219T025608_20251219T025642_P05023_N_F_J_001/NISAR_L2_PR_GUNW_007_042_D_069_008_4000_SH_20251207T025607_20251207T025642_20251219T025608_20251219T025642_P05023_N_F_J_001.h5,"Checksum and size are CMR-reported, not locally verified."
2026-09-28T20:26:40Z,NISAR L2 GUNW PROVISIONAL,NASA ASF DAAC / CMR,NISAR L2 Geocoded Unwrapped Interferogram,PROVISIONAL,1.0.11,1,P05023,1.0.11,NISAR_L2_PR_GUNW_008_034_A_020_009_4000_SH_20251218T130859_20251218T130934_20251230T130900_20251230T130935_P05023_N_F_J_001,C2854335566-ASF,G4275141612-ASF,Tuolumne River Basin,T034/F020,ASCENDING,2025-12-18T13:08:59.000000Z,2025-12-30T13:09:00.000000Z,,,,/Users/jtarrico/ch13_nisar_prelim/data/nisar/gunw/tuolumne/provisional/<track_frame>/NISAR_L2_PR_GUNW_008_034_A_020_009_4000_SH_20251218T130859_20251218T130934_20251230T130900_20251230T130935_P05023_N_F_J_001.h5,Not downloaded; URL recorded from current CMR metadata,G4275141612-ASF,inventory_only; no retrieval role assigned,,MD5,9fca9d210b3970cbd5d74824dab9f678,2365587456,https://nisar.asf.earthdatacloud.nasa.gov/NISAR/NISAR_L2_GUNW_PROVISIONAL_V1/NISAR_L2_PR_GUNW_008_034_A_020_009_4000_SH_20251218T130859_20251218T130934_20251230T130900_20251230T130935_P05023_N_F_J_001/NISAR_L2_PR_GUNW_008_034_A_020_009_4000_SH_20251218T130859_20251218T130934_20251230T130900_20251230T130935_P05023_N_F_J_001.h5,"Checksum and size are CMR-reported, not locally verified."
2026-09-28T20:26:40Z,NISAR L2 GUNW PROVISIONAL,NASA ASF DAAC / CMR,NISAR L2 Geocoded Unwrapped Interferogram,PROVISIONAL,1.0.11,1,P05023,1.0.11,NISAR_L2_PR_GUNW_008_034_A_021_009_4000_SH_20251218T130933_20251218T131008_20251230T130934_20251230T131008_P05023_N_F_J_001,C2854335566-ASF,G4275141367-ASF,Tuolumne River Basin,T034/F021,ASCENDING,2025-12-18T13:09:33.000000Z,2025-12-30T13:09:34.000000Z,,,,/Users/jtarrico/ch13_nisar_prelim/data/nisar/gunw/tuolumne/provisional/<track_frame>/NISAR_L2_PR_GUNW_008_034_A_021_009_4000_SH_20251218T130933_20251218T131008_20251230T130934_20251230T131008_P05023_N_F_J_001.h5,Not downloaded; URL recorded from current CMR metadata,G4275141367-ASF,inventory_only; no retrieval role assigned,,MD5,f25d7a5e085753e24a46d158cbc657ab,2386558976,https://nisar.asf.earthdatacloud.nasa.gov/NISAR/NISAR_L2_GUNW_PROVISIONAL_V1/NISAR_L2_PR_GUNW_008_034_A_021_009_4000_SH_20251218T130933_20251218T131008_20251230T130934_20251230T131008_P05023_N_F_J_001/NISAR_L2_PR_GUNW_008_034_A_021_009_4000_SH_20251218T130933_20251218T131008_20251230T130934_20251230T131008_P05023_N_F_J_001.h5,"Checksum and size are CMR-reported, not locally verified."
2026-09-28T20:26:40Z,NISAR L2 GUNW PROVISIONAL,NASA ASF DAAC / CMR,NISAR L2 Geocoded Unwrapped Interferogram,PROVISIONAL,1.0.11,1,P05023,1.0.11,NISAR_L2_PR_GUNW_008_042_D_069_009_4000_SH_20251219T025608_20251219T025642_20251231T025608_20251231T025643_P05023_N_F_J_001,C2854335566-ASF,G4275475662-ASF,Tuolumne River Basin,T042/F069,DESCENDING,2025-12-19T02:56:08.000000Z,2025-12-31T02:56:08.000000Z,,,,/Users/jtarrico/ch13_nisar_prelim/data/nisar/gunw/tuolumne/provisional/<track_frame>/NISAR_L2_PR_GUNW_008_042_D_069_009_4000_SH_20251219T025608_20251219T025642_20251231T025608_20251231T025643_P05023_N_F_J_001.h5,Not downloaded; URL recorded from current CMR metadata,G4275475662-ASF,inventory_only; no retrieval role assigned,,MD5,c54d0b20b709c866d2afb6c8cf549e4c,2390753280,https://nisar.asf.earthdatacloud.nasa.gov/NISAR/NISAR_L2_GUNW_PROVISIONAL_V1/NISAR_L2_PR_GUNW_008_042_D_069_009_4000_SH_20251219T025608_20251219T025642_20251231T025608_20251231T025643_P05023_N_F_J_001/NISAR_L2_PR_GUNW_008_042_D_069_009_4000_SH_20251219T025608_20251219T025642_20251231T025608_20251231T025643_P05023_N_F_J_001.h5,"Checksum and size are CMR-reported, not locally verified."
2026-09-28T20:26:40Z,NISAR L2 GUNW PROVISIONAL,NASA ASF DAAC / CMR,NISAR L2 Geocoded Unwrapped Interferogram,PROVISIONAL,1.0.11,1,P05023,1.0.11,NISAR_L2_PR_GUNW_008_106_A_021_009_4000_SH_20251223T130114_20251223T130149_20260104T130114_20260104T130149_P05023_N_F_J_001,C2854335566-ASF,G4275297894-ASF,Tuolumne River Basin,T106/F021,ASCENDING,2025-12-23T13:01:14.000000Z,2026-01-04T13:01:14.000000Z,,,,/Users/jtarrico/ch13_nisar_prelim/data/nisar/gunw/tuolumne/provisional/<track_frame>/NISAR_L2_PR_GUNW_008_106_A_021_009_4000_SH_20251223T130114_20251223T130149_20260104T130114_20260104T130149_P05023_N_F_J_001.h5,Not downloaded; URL recorded from current CMR metadata,G4275297894-ASF,inventory_only; no retrieval role assigned,,MD5,317eb37e659a2ec1c3efa98667891353,2394947584,https://nisar.asf.earthdatacloud.nasa.gov/NISAR/NISAR_L2_GUNW_PROVISIONAL_V1/NISAR_L2_PR_GUNW_008_106_A_021_009_4000_SH_20251223T130114_20251223T130149_20260104T130114_20260104T130149_P05023_N_F_J_001/NISAR_L2_PR_GUNW_008_106_A_021_009_4000_SH_20251223T130114_20251223T130149_20260104T130114_20260104T130149_P05023_N_F_J_001.h5,"Checksum and size are CMR-reported, not locally verified."
2026-09-28T20:26:40Z,NISAR L2 GUNW PROVISIONAL,NASA ASF DAAC / CMR,NISAR L2 Geocoded Unwrapped Interferogram,PROVISIONAL,1.0.11,1,P05023,1.0.11,NISAR_L2_PR_GUNW_008_114_D_069_010_4000_SH_20251224T024748_20251224T024823_20260117T024749_20260117T024824_P05023_N_F_J_001,C2854335566-ASF,G4276170816-ASF,Tuolumne River Basin,T114/F069,DESCENDING,2025-12-24T02:47:48.000000Z,2026-01-17T02:47:49.000000Z,,,,/Users/jtarrico/ch13_nisar_prelim/data/nisar/gunw/tuolumne/provisional/<track_frame>/NISAR_L2_PR_GUNW_008_114_D_069_010_4000_SH_20251224T024748_20251224T024823_20260117T024749_20260117T024824_P05023_N_F_J_001.h5,Not downloaded; URL recorded from current CMR metadata,G4276170816-ASF,inventory_only; no retrieval role assigned,,MD5,c9eb9a93f3b4080985d400f6c82b9ec9,2441084928,https://nisar.asf.earthdatacloud.nasa.gov/NISAR/NISAR_L2_GUNW_PROVISIONAL_V1/NISAR_L2_PR_GUNW_008_114_D_069_010_4000_SH_20251224T024748_20251224T024823_20260117T024749_20260117T024824_P05023_N_F_J_001/NISAR_L2_PR_GUNW_008_114_D_069_010_4000_SH_20251224T024748_20251224T024823_20260117T024749_20260117T024824_P05023_N_F_J_001.h5,"Checksum and size are CMR-reported, not locally verified."
2026-09-28T20:26:40Z,NISAR L2 GUNW PROVISIONAL,NASA ASF DAAC / CMR,NISAR L2 Geocoded Unwrapped Interferogram,PROVISIONAL,1.0.11,1,P05023,1.0.11,NISAR_L2_PR_GUNW_008_114_D_070_010_4000_SH_20251224T024822_20251224T024857_20260117T024823_20260117T024858_P05023_N_F_J_001,C2854335566-ASF,G4276346961-ASF,Tuolumne River Basin,T114/F070,DESCENDING,2025-12-24T02:48:22.000000Z,2026-01-17T02:48:23.000000Z,,,,/Users/jtarrico/ch13_nisar_prelim/data/nisar/gunw/tuolumne/provisional/<track_frame>/NISAR_L2_PR_GUNW_008_114_D_070_010_4000_SH_20251224T024822_20251224T024857_20260117T024823_20260117T024858_P05023_N_F_J_001.h5,Not downloaded; URL recorded from current CMR metadata,G4276346961-ASF,inventory_only; no retrieval role assigned,,MD5,ffeec8f033e845b76fd8d49b836c93ad,2453667840,https://nisar.asf.earthdatacloud.nasa.gov/NISAR/NISAR_L2_GUNW_PROVISIONAL_V1/NISAR_L2_PR_GUNW_008_114_D_070_010_4000_SH_20251224T024822_20251224T024857_20260117T024823_20260117T024858_P05023_N_F_J_001/NISAR_L2_PR_GUNW_008_114_D_070_010_4000_SH_20251224T024822_20251224T024857_20260117T024823_20260117T024858_P05023_N_F_J_001.h5,"Checksum and size are CMR-reported, not locally verified."
2026-09-28T20:26:40Z,NISAR L2 GUNW PROVISIONAL,NASA ASF DAAC / CMR,NISAR L2 Geocoded Unwrapped Interferogram,PROVISIONAL,1.0.11,1,P05023,1.0.11,NISAR_L2_PR_GUNW_009_034_A_020_010_4000_SH_20251230T130900_20251230T130935_20260111T130901_20260111T130935_P05023_N_F_J_001,C2854335566-ASF,G4276264617-ASF,Tuolumne River Basin,T034/F020,ASCENDING,2025-12-30T13:09:00.000000Z,2026-01-11T13:09:01.000000Z,,,,/Users/jtarrico/ch13_nisar_prelim/data/nisar/gunw/tuolumne/provisional/<track_frame>/NISAR_L2_PR_GUNW_009_034_A_020_010_4000_SH_20251230T130900_20251230T130935_20260111T130901_20260111T130935_P05023_N_F_J_001.h5,Not downloaded; URL recorded from current CMR metadata,G4276264617-ASF,inventory_only; no retrieval role assigned,,MD5,e304759041ce43c6c736125d57108f5e,2315255808,https://nisar.asf.earthdatacloud.nasa.gov/NISAR/NISAR_L2_GUNW_PROVISIONAL_V1/NISAR_L2_PR_GUNW_009_034_A_020_010_4000_SH_20251230T130900_20251230T130935_20260111T130901_20260111T130935_P05023_N_F_J_001/NISAR_L2_PR_GUNW_009_034_A_020_010_4000_SH_20251230T130900_20251230T130935_20260111T130901_20260111T130935_P05023_N_F_J_001.h5,"Checksum and size are CMR-reported, not locally verified."
2026-09-28T20:26:40Z,NISAR L2 GUNW PROVISIONAL,NASA ASF DAAC / CMR,NISAR L2 Geocoded Unwrapped Interferogram,PROVISIONAL,1.0.11,1,P05023,1.0.11,NISAR_L2_PR_GUNW_009_034_A_021_010_4000_SH_20251230T130934_20251230T131008_20260111T130934_20260111T131009_P05023_N_F_J_001,C2854335566-ASF,G4276260397-ASF,Tuolumne River Basin,T034/F021,ASCENDING,2025-12-30T13:09:34.000000Z,2026-01-11T13:09:34.000000Z,,,,/Users/jtarrico/ch13_nisar_prelim/data/nisar/gunw/tuolumne/provisional/<track_frame>/NISAR_L2_PR_GUNW_009_034_A_021_010_4000_SH_20251230T130934_20251230T131008_20260111T130934_20260111T131009_P05023_N_F_J_001.h5,Not downloaded; URL recorded from current CMR metadata,G4276260397-ASF,inventory_only; no retrieval role assigned,,MD5,495d6ee04e012f216052d0f9725ef4fa,2361393152,https://nisar.asf.earthdatacloud.nasa.gov/NISAR/NISAR_L2_GUNW_PROVISIONAL_V1/NISAR_L2_PR_GUNW_009_034_A_021_010_4000_SH_20251230T130934_20251230T131008_20260111T130934_20260111T131009_P05023_N_F_J_001/NISAR_L2_PR_GUNW_009_034_A_021_010_4000_SH_20251230T130934_20251230T131008_20260111T130934_20260111T131009_P05023_N_F_J_001.h5,"Checksum and size are CMR-reported, not locally verified."
2026-09-28T20:26:40Z,NISAR L2 GUNW PROVISIONAL,NASA ASF DAAC / CMR,NISAR L2 Geocoded Unwrapped Interferogram,PROVISIONAL,1.0.11,1,P05023,1.0.11,NISAR_L2_PR_GUNW_009_042_D_069_010_4000_SH_20251231T025608_20251231T025643_20260112T025609_20260112T025644_P05023_N_F_J_001,C2854335566-ASF,G4276264652-ASF,Tuolumne River Basin,T042/F069,DESCENDING,2025-12-31T02:56:08.000000Z,2026-01-12T02:56:09.000000Z,,,,/Users/jtarrico/ch13_nisar_prelim/data/nisar/gunw/tuolumne/provisional/<track_frame>/NISAR_L2_PR_GUNW_009_042_D_069_010_4000_SH_20251231T025608_20251231T025643_20260112T025609_20260112T025644_P05023_N_F_J_001.h5,Not downloaded; URL recorded from current CMR metadata,G4276264652-ASF,inventory_only; no retrieval role assigned,,MD5,4843a4bd58a2ab2b4c67790bc514e94b,2382364672,https://nisar.asf.earthdatacloud.nasa.gov/NISAR/NISAR_L2_GUNW_PROVISIONAL_V1/NISAR_L2_PR_GUNW_009_042_D_069_010_4000_SH_20251231T025608_20251231T025643_20260112T025609_20260112T025644_P05023_N_F_J_001/NISAR_L2_PR_GUNW_009_042_D_069_010_4000_SH_20251231T025608_20251231T025643_20260112T025609_20260112T025644_P05023_N_F_J_001.h5,"Checksum and size are CMR-reported, not locally verified."
2026-09-28T20:26:40Z,NISAR L2 GUNW PROVISIONAL,NASA ASF DAAC / CMR,NISAR L2 Geocoded Unwrapped Interferogram,PROVISIONAL,1.0.11,1,P05023,1.0.11,NISAR_L2_PR_GUNW_009_106_A_021_011_4000_SH_20260104T130114_20260104T130149_20260128T130115_20260128T130150_P05023_N_F_J_001,C2854335566-ASF,G4275960186-ASF,Tuolumne River Basin,T106/F021,ASCENDING,2026-01-04T13:01:14.000000Z,2026-01-28T13:01:15.000000Z,,,,/Users/jtarrico/ch13_nisar_prelim/data/nisar/gunw/tuolumne/provisional/<track_frame>/NISAR_L2_PR_GUNW_009_106_A_021_011_4000_SH_20260104T130114_20260104T130149_20260128T130115_20260128T130150_P05023_N_F_J_001.h5,Not downloaded; URL recorded from current CMR metadata,G4275960186-ASF,inventory_only; no retrieval role assigned,,MD5,738b4d98f9f24594d3534f257582b945,2415919104,https://nisar.asf.earthdatacloud.nasa.gov/NISAR/NISAR_L2_GUNW_PROVISIONAL_V1/NISAR_L2_PR_GUNW_009_106_A_021_011_4000_SH_20260104T130114_20260104T130149_20260128T130115_20260128T130150_P05023_N_F_J_001/NISAR_L2_PR_GUNW_009_106_A_021_011_4000_SH_20260104T130114_20260104T130149_20260128T130115_20260128T130150_P05023_N_F_J_001.h5,"Checksum and size are CMR-reported, not locally verified."
2026-09-28T20:26:40Z,NISAR L2 GUNW PROVISIONAL,NASA ASF DAAC / CMR,NISAR L2 Geocoded Unwrapped Interferogram,PROVISIONAL,1.0.11,1,P05023,1.0.11,NISAR_L2_PR_GUNW_010_034_A_020_011_4000_SH_20260111T130901_20260111T130935_20260123T130901_20260123T130936_P05023_N_F_J_001,C2854335566-ASF,G4275965683-ASF,Tuolumne River Basin,T034/F020,ASCENDING,2026-01-11T13:09:01.000000Z,2026-01-23T13:09:01.000000Z,,,,/Users/jtarrico/ch13_nisar_prelim/data/nisar/gunw/tuolumne/provisional/<track_frame>/NISAR_L2_PR_GUNW_010_034_A_020_011_4000_SH_20260111T130901_20260111T130935_20260123T130901_20260123T130936_P05023_N_F_J_001.h5,Not downloaded; URL recorded from current CMR metadata,G4275965683-ASF,inventory_only; no retrieval role assigned,,MD5,f6ef737663532cdee6f970238a637358,2311061504,https://nisar.asf.earthdatacloud.nasa.gov/NISAR/NISAR_L2_GUNW_PROVISIONAL_V1/NISAR_L2_PR_GUNW_010_034_A_020_011_4000_SH_20260111T130901_20260111T130935_20260123T130901_20260123T130936_P05023_N_F_J_001/NISAR_L2_PR_GUNW_010_034_A_020_011_4000_SH_20260111T130901_20260111T130935_20260123T130901_20260123T130936_P05023_N_F_J_001.h5,"Checksum and size are CMR-reported, not locally verified."
2026-09-28T20:26:40Z,NISAR L2 GUNW PROVISIONAL,NASA ASF DAAC / CMR,NISAR L2 Geocoded Unwrapped Interferogram,PROVISIONAL,1.0.11,1,P05023,1.0.11,NISAR_L2_PR_GUNW_010_034_A_021_011_4000_SH_20260111T130934_20260111T131009_20260123T130935_20260123T131010_P05023_N_F_J_001,C2854335566-ASF,G4275968659-ASF,Tuolumne River Basin,T034/F021,ASCENDING,2026-01-11T13:09:34.000000Z,2026-01-23T13:09:35.000000Z,,,,/Users/jtarrico/ch13_nisar_prelim/data/nisar/gunw/tuolumne/provisional/<track_frame>/NISAR_L2_PR_GUNW_010_034_A_021_011_4000_SH_20260111T130934_20260111T131009_20260123T130935_20260123T131010_P05023_N_F_J_001.h5,Not downloaded; URL recorded from current CMR metadata,G4275968659-ASF,inventory_only; no retrieval role assigned,,MD5,78dfb6ae5a393f1adc409d2881f67370,2365587456,https://nisar.asf.earthdatacloud.nasa.gov/NISAR/NISAR_L2_GUNW_PROVISIONAL_V1/NISAR_L2_PR_GUNW_010_034_A_021_011_4000_SH_20260111T130934_20260111T131009_20260123T130935_20260123T131010_P05023_N_F_J_001/NISAR_L2_PR_GUNW_010_034_A_021_011_4000_SH_20260111T130934_20260111T131009_20260123T130935_20260123T131010_P05023_N_F_J_001.h5,"Checksum and size are CMR-reported, not locally verified."
2026-09-28T20:26:40Z,NISAR L2 GUNW PROVISIONAL,NASA ASF DAAC / CMR,NISAR L2 Geocoded Unwrapped Interferogram,PROVISIONAL,1.0.11,1,P05023,1.0.11,NISAR_L2_PR_GUNW_010_042_D_069_011_4000_SH_20260112T025609_20260112T025644_20260124T025609_20260124T025644_P05023_N_F_J_001,C2854335566-ASF,G4276241800-ASF,Tuolumne River Basin,T042/F069,DESCENDING,2026-01-12T02:56:09.000000Z,2026-01-24T02:56:09.000000Z,,,,/Users/jtarrico/ch13_nisar_prelim/data/nisar/gunw/tuolumne/provisional/<track_frame>/NISAR_L2_PR_GUNW_010_042_D_069_011_4000_SH_20260112T025609_20260112T025644_20260124T025609_20260124T025644_P05023_N_F_J_001.h5,Not downloaded; URL recorded from current CMR metadata,G4276241800-ASF,inventory_only; no retrieval role assigned,,MD5,68e8096670b59dd7cb04049998ff9e94,2365587456,https://nisar.asf.earthdatacloud.nasa.gov/NISAR/NISAR_L2_GUNW_PROVISIONAL_V1/NISAR_L2_PR_GUNW_010_042_D_069_011_4000_SH_20260112T025609_20260112T025644_20260124T025609_20260124T025644_P05023_N_F_J_001/NISAR_L2_PR_GUNW_010_042_D_069_011_4000_SH_20260112T025609_20260112T025644_20260124T025609_20260124T025644_P05023_N_F_J_001.h5,"Checksum and size are CMR-reported, not locally verified."
2026-09-28T20:26:40Z,NISAR L2 GUNW PROVISIONAL,NASA ASF DAAC / CMR,NISAR L2 Geocoded Unwrapped Interferogram,PROVISIONAL,1.0.11,1,P05023,1.0.11,NISAR_L2_PR_GUNW_010_114_D_069_011_4000_SH_20260117T024749_20260117T024824_20260129T024750_20260129T024825_P05023_N_F_J_001,C2854335566-ASF,G4276213531-ASF,Tuolumne River Basin,T114/F069,DESCENDING,2026-01-17T02:47:49.000000Z,2026-01-29T02:47:50.000000Z,,,,/Users/jtarrico/ch13_nisar_prelim/data/nisar/gunw/tuolumne/provisional/<track_frame>/NISAR_L2_PR_GUNW_010_114_D_069_011_4000_SH_20260117T024749_20260117T024824_20260129T024750_20260129T024825_P05023_N_F_J_001.h5,Not downloaded; URL recorded from current CMR metadata,G4276213531-ASF,inventory_only; no retrieval role assigned,,MD5,f4378312b815e128c5378a3c4543cbc6,2348810240,https://nisar.asf.earthdatacloud.nasa.gov/NISAR/NISAR_L2_GUNW_PROVISIONAL_V1/NISAR_L2_PR_GUNW_010_114_D_069_011_4000_SH_20260117T024749_20260117T024824_20260129T024750_20260129T024825_P05023_N_F_J_001/NISAR_L2_PR_GUNW_010_114_D_069_011_4000_SH_20260117T024749_20260117T024824_20260129T024750_20260129T024825_P05023_N_F_J_001.h5,"Checksum and size are CMR-reported, not locally verified."
2026-09-28T20:26:40Z,NISAR L2 GUNW PROVISIONAL,NASA ASF DAAC / CMR,NISAR L2 Geocoded Unwrapped Interferogram,PROVISIONAL,1.0.11,1,P05023,1.0.11,NISAR_L2_PR_GUNW_010_114_D_070_011_4000_SH_20260117T024823_20260117T024858_20260129T024824_20260129T024858_P05023_N_F_J_001,C2854335566-ASF,G4276141972-ASF,Tuolumne River Basin,T114/F070,DESCENDING,2026-01-17T02:48:23.000000Z,2026-01-29T02:48:24.000000Z,,,,/Users/jtarrico/ch13_nisar_prelim/data/nisar/gunw/tuolumne/provisional/<track_frame>/NISAR_L2_PR_GUNW_010_114_D_070_011_4000_SH_20260117T024823_20260117T024858_20260129T024824_20260129T024858_P05023_N_F_J_001.h5,Not downloaded; URL recorded from current CMR metadata,G4276141972-ASF,inventory_only; no retrieval role assigned,,MD5,e2a8e2730a54ea8ca47ed611beaa34a6,2357198848,https://nisar.asf.earthdatacloud.nasa.gov/NISAR/NISAR_L2_GUNW_PROVISIONAL_V1/NISAR_L2_PR_GUNW_010_114_D_070_011_4000_SH_20260117T024823_20260117T024858_20260129T024824_20260129T024858_P05023_N_F_J_001/NISAR_L2_PR_GUNW_010_114_D_070_011_4000_SH_20260117T024823_20260117T024858_20260129T024824_20260129T024858_P05023_N_F_J_001.h5,"Checksum and size are CMR-reported, not locally verified."
2026-09-28T20:26:40Z,NISAR L2 GUNW PROVISIONAL,NASA ASF DAAC / CMR,NISAR L2 Geocoded Unwrapped Interferogram,PROVISIONAL,1.0.11,1,P05023,1.0.11,NISAR_L2_PR_GUNW_011_034_A_020_012_4000_SH_20260123T130901_20260123T130936_20260204T130902_20260204T130936_P05023_N_F_J_001,C2854335566-ASF,G4275954316-ASF,Tuolumne River Basin,T034/F020,ASCENDING,2026-01-23T13:09:01.000000Z,2026-02-04T13:09:02.000000Z,,,,/Users/jtarrico/ch13_nisar_prelim/data/nisar/gunw/tuolumne/provisional/<track_frame>/NISAR_L2_PR_GUNW_011_034_A_020_012_4000_SH_20260123T130901_20260123T130936_20260204T130902_20260204T130936_P05023_N_F_J_001.h5,Not downloaded; URL recorded from current CMR metadata,G4275954316-ASF,inventory_only; no retrieval role assigned,,MD5,71458213ef03a77a84682afd2e75243f,2315255808,https://nisar.asf.earthdatacloud.nasa.gov/NISAR/NISAR_L2_GUNW_PROVISIONAL_V1/NISAR_L2_PR_GUNW_011_034_A_020_012_4000_SH_20260123T130901_20260123T130936_20260204T130902_20260204T130936_P05023_N_F_J_001/NISAR_L2_PR_GUNW_011_034_A_020_012_4000_SH_20260123T130901_20260123T130936_20260204T130902_20260204T130936_P05023_N_F_J_001.h5,"Checksum and size are CMR-reported, not locally verified."
2026-09-28T20:26:40Z,NISAR L2 GUNW PROVISIONAL,NASA ASF DAAC / CMR,NISAR L2 Geocoded Unwrapped Interferogram,PROVISIONAL,1.0.11,1,P05023,1.0.11,NISAR_L2_PR_GUNW_011_034_A_021_012_4000_SH_20260123T130935_20260123T131010_20260204T130935_20260204T131010_P05023_N_F_J_001,C2854335566-ASF,G4275953726-ASF,Tuolumne River Basin,T034/F021,ASCENDING,2026-01-23T13:09:35.000000Z,2026-02-04T13:09:35.000000Z,,,,/Users/jtarrico/ch13_nisar_prelim/data/nisar/gunw/tuolumne/provisional/<track_frame>/NISAR_L2_PR_GUNW_011_034_A_021_012_4000_SH_20260123T130935_20260123T131010_20260204T130935_20260204T131010_P05023_N_F_J_001.h5,Not downloaded; URL recorded from current CMR metadata,G4275953726-ASF,inventory_only; no retrieval role assigned,,MD5,abffd676d298812571ea3fb1b290e7da,2336227328,https://nisar.asf.earthdatacloud.nasa.gov/NISAR/NISAR_L2_GUNW_PROVISIONAL_V1/NISAR_L2_PR_GUNW_011_034_A_021_012_4000_SH_20260123T130935_20260123T131010_20260204T130935_20260204T131010_P05023_N_F_J_001/NISAR_L2_PR_GUNW_011_034_A_021_012_4000_SH_20260123T130935_20260123T131010_20260204T130935_20260204T131010_P05023_N_F_J_001.h5,"Checksum and size are CMR-reported, not locally verified."
2026-09-28T20:26:40Z,NISAR L2 GUNW PROVISIONAL,NASA ASF DAAC / CMR,NISAR L2 Geocoded Unwrapped Interferogram,PROVISIONAL,1.0.11,1,P05023,1.0.11,NISAR_L2_PR_GUNW_011_042_D_069_013_4000_SH_20260124T025609_20260124T025644_20260217T025610_20260217T025645_P05023_N_F_J_001,C2854335566-ASF,G4276130550-ASF,Tuolumne River Basin,T042/F069,DESCENDING,2026-01-24T02:56:09.000000Z,2026-02-17T02:56:10.000000Z,,,,/Users/jtarrico/ch13_nisar_prelim/data/nisar/gunw/tuolumne/provisional/<track_frame>/NISAR_L2_PR_GUNW_011_042_D_069_013_4000_SH_20260124T025609_20260124T025644_20260217T025610_20260217T025645_P05023_N_F_J_001.h5,Not downloaded; URL recorded from current CMR metadata,G4276130550-ASF,inventory_only; no retrieval role assigned,,MD5,f1633d6b2f99776618df9bb0d94821dc,2369781760,https://nisar.asf.earthdatacloud.nasa.gov/NISAR/NISAR_L2_GUNW_PROVISIONAL_V1/NISAR_L2_PR_GUNW_011_042_D_069_013_4000_SH_20260124T025609_20260124T025644_20260217T025610_20260217T025645_P05023_N_F_J_001/NISAR_L2_PR_GUNW_011_042_D_069_013_4000_SH_20260124T025609_20260124T025644_20260217T025610_20260217T025645_P05023_N_F_J_001.h5,"Checksum and size are CMR-reported, not locally verified."
2026-09-28T20:26:40Z,NISAR L2 GUNW PROVISIONAL,NASA ASF DAAC / CMR,NISAR L2 Geocoded Unwrapped Interferogram,PROVISIONAL,1.0.11,1,P05023,1.0.11,NISAR_L2_PR_GUNW_011_106_A_021_012_4000_SH_20260128T130115_20260128T130150_20260209T130116_20260209T130151_P05023_N_F_J_001,C2854335566-ASF,G4276168972-ASF,Tuolumne River Basin,T106/F021,ASCENDING,2026-01-28T13:01:15.000000Z,2026-02-09T13:01:16.000000Z,,,,/Users/jtarrico/ch13_nisar_prelim/data/nisar/gunw/tuolumne/provisional/<track_frame>/NISAR_L2_PR_GUNW_011_106_A_021_012_4000_SH_20260128T130115_20260128T130150_20260209T130116_20260209T130151_P05023_N_F_J_001.h5,Not downloaded; URL recorded from current CMR metadata,G4276168972-ASF,inventory_only; no retrieval role assigned,,MD5,5521ddf28cde64df457754c626f2290a,2378170368,https://nisar.asf.earthdatacloud.nasa.gov/NISAR/NISAR_L2_GUNW_PROVISIONAL_V1/NISAR_L2_PR_GUNW_011_106_A_021_012_4000_SH_20260128T130115_20260128T130150_20260209T130116_20260209T130151_P05023_N_F_J_001/NISAR_L2_PR_GUNW_011_106_A_021_012_4000_SH_20260128T130115_20260128T130150_20260209T130116_20260209T130151_P05023_N_F_J_001.h5,"Checksum and size are CMR-reported, not locally verified."
2026-09-28T20:26:40Z,NISAR L2 GUNW PROVISIONAL,NASA ASF DAAC / CMR,NISAR L2 Geocoded Unwrapped Interferogram,PROVISIONAL,1.0.11,1,P05023,1.0.11,NISAR_L2_PR_GUNW_011_114_D_069_012_4000_SH_20260129T024750_20260129T024825_20260210T024751_20260210T024825_P05023_N_F_J_001,C2854335566-ASF,G4275948693-ASF,Tuolumne River Basin,T114/F069,DESCENDING,2026-01-29T02:47:50.000000Z,2026-02-10T02:47:51.000000Z,,,,/Users/jtarrico/ch13_nisar_prelim/data/nisar/gunw/tuolumne/provisional/<track_frame>/NISAR_L2_PR_GUNW_011_114_D_069_012_4000_SH_20260129T024750_20260129T024825_20260210T024751_20260210T024825_P05023_N_F_J_001.h5,Not downloaded; URL recorded from current CMR metadata,G4275948693-ASF,inventory_only; no retrieval role assigned,,MD5,d15de608ceb78eb63de47e29a178ee59,2336227328,https://nisar.asf.earthdatacloud.nasa.gov/NISAR/NISAR_L2_GUNW_PROVISIONAL_V1/NISAR_L2_PR_GUNW_011_114_D_069_012_4000_SH_20260129T024750_20260129T024825_20260210T024751_20260210T024825_P05023_N_F_J_001/NISAR_L2_PR_GUNW_011_114_D_069_012_4000_SH_20260129T024750_20260129T024825_20260210T024751_20260210T024825_P05023_N_F_J_001.h5,"Checksum and size are CMR-reported, not locally verified."
2026-09-28T20:26:40Z,NISAR L2 GUNW PROVISIONAL,NASA ASF DAAC / CMR,NISAR L2 Geocoded Unwrapped Interferogram,PROVISIONAL,1.0.11,1,P05023,1.0.11,NISAR_L2_PR_GUNW_011_114_D_070_012_4000_SH_20260129T024824_20260129T024858_20260210T024824_20260210T024859_P05023_N_F_J_001,C2854335566-ASF,G4275941127-ASF,Tuolumne River Basin,T114/F070,DESCENDING,2026-01-29T02:48:24.000000Z,2026-02-10T02:48:24.000000Z,,,,/Users/jtarrico/ch13_nisar_prelim/data/nisar/gunw/tuolumne/provisional/<track_frame>/NISAR_L2_PR_GUNW_011_114_D_070_012_4000_SH_20260129T024824_20260129T024858_20260210T024824_20260210T024859_P05023_N_F_J_001.h5,Not downloaded; URL recorded from current CMR metadata,G4275941127-ASF,inventory_only; no retrieval role assigned,,MD5,0eb1cc534ea56244da13f3ed3b26a968,2353004544,https://nisar.asf.earthdatacloud.nasa.gov/NISAR/NISAR_L2_GUNW_PROVISIONAL_V1/NISAR_L2_PR_GUNW_011_114_D_070_012_4000_SH_20260129T024824_20260129T024858_20260210T024824_20260210T024859_P05023_N_F_J_001/NISAR_L2_PR_GUNW_011_114_D_070_012_4000_SH_20260129T024824_20260129T024858_20260210T024824_20260210T024859_P05023_N_F_J_001.h5,"Checksum and size are CMR-reported, not locally verified."
2026-09-28T20:26:40Z,NISAR L2 GUNW PROVISIONAL,NASA ASF DAAC / CMR,NISAR L2 Geocoded Unwrapped Interferogram,PROVISIONAL,1.0.11,1,P05023,1.0.11,NISAR_L2_PR_GUNW_012_034_A_020_013_4000_SH_20260204T130902_20260204T130936_20260216T130902_20260216T130937_P05023_N_F_J_001,C2854335566-ASF,G4275939474-ASF,Tuolumne River Basin,T034/F020,ASCENDING,2026-02-04T13:09:02.000000Z,2026-02-16T13:09:02.000000Z,,,,/Users/jtarrico/ch13_nisar_prelim/data/nisar/gunw/tuolumne/provisional/<track_frame>/NISAR_L2_PR_GUNW_012_034_A_020_013_4000_SH_20260204T130902_20260204T130936_20260216T130902_20260216T130937_P05023_N_F_J_001.h5,Not downloaded; URL recorded from current CMR metadata,G4275939474-ASF,inventory_only; no retrieval role assigned,,MD5,995ee6481d2cd85936a1d45819671c03,2332033024,https://nisar.asf.earthdatacloud.nasa.gov/NISAR/NISAR_L2_GUNW_PROVISIONAL_V1/NISAR_L2_PR_GUNW_012_034_A_020_013_4000_SH_20260204T130902_20260204T130936_20260216T130902_20260216T130937_P05023_N_F_J_001/NISAR_L2_PR_GUNW_012_034_A_020_013_4000_SH_20260204T130902_20260204T130936_20260216T130902_20260216T130937_P05023_N_F_J_001.h5,"Checksum and size are CMR-reported, not locally verified."
2026-09-28T20:26:40Z,NISAR L2 GUNW PROVISIONAL,NASA ASF DAAC / CMR,NISAR L2 Geocoded Unwrapped Interferogram,PROVISIONAL,1.0.11,1,P05023,1.0.11,NISAR_L2_PR_GUNW_012_034_A_021_013_4000_SH_20260204T130935_20260204T131010_20260216T130936_20260216T131011_P05023_N_F_J_001,C2854335566-ASF,G4275939484-ASF,Tuolumne River Basin,T034/F021,ASCENDING,2026-02-04T13:09:35.000000Z,2026-02-16T13:09:36.000000Z,,,,/Users/jtarrico/ch13_nisar_prelim/data/nisar/gunw/tuolumne/provisional/<track_frame>/NISAR_L2_PR_GUNW_012_034_A_021_013_4000_SH_20260204T130935_20260204T131010_20260216T130936_20260216T131011_P05023_N_F_J_001.h5,Not downloaded; URL recorded from current CMR metadata,G4275939484-ASF,inventory_only; no retrieval role assigned,,MD5,3086027752bc9841bd74b6ee82ae9886,2403336192,https://nisar.asf.earthdatacloud.nasa.gov/NISAR/NISAR_L2_GUNW_PROVISIONAL_V1/NISAR_L2_PR_GUNW_012_034_A_021_013_4000_SH_20260204T130935_20260204T131010_20260216T130936_20260216T131011_P05023_N_F_J_001/NISAR_L2_PR_GUNW_012_034_A_021_013_4000_SH_20260204T130935_20260204T131010_20260216T130936_20260216T131011_P05023_N_F_J_001.h5,"Checksum and size are CMR-reported, not locally verified."
2026-09-28T20:26:40Z,NISAR L2 GUNW PROVISIONAL,NASA ASF DAAC / CMR,NISAR L2 Geocoded Unwrapped Interferogram,PROVISIONAL,1.0.11,1,P05023,1.0.11,NISAR_L2_PR_GUNW_012_106_A_021_013_4000_SH_20260209T130116_20260209T130151_20260221T130117_20260221T130151_P05023_N_F_J_001,C2854335566-ASF,G4276186222-ASF,Tuolumne River Basin,T106/F021,ASCENDING,2026-02-09T13:01:16.000000Z,2026-02-21T13:01:17.000000Z,,,,/Users/jtarrico/ch13_nisar_prelim/data/nisar/gunw/tuolumne/provisional/<track_frame>/NISAR_L2_PR_GUNW_012_106_A_021_013_4000_SH_20260209T130116_20260209T130151_20260221T130117_20260221T130151_P05023_N_F_J_001.h5,Not downloaded; URL recorded from current CMR metadata,G4276186222-ASF,inventory_only; no retrieval role assigned,,MD5,44535dae6184a42308a86ce59cb8c04d,2378170368,https://nisar.asf.earthdatacloud.nasa.gov/NISAR/NISAR_L2_GUNW_PROVISIONAL_V1/NISAR_L2_PR_GUNW_012_106_A_021_013_4000_SH_20260209T130116_20260209T130151_20260221T130117_20260221T130151_P05023_N_F_J_001/NISAR_L2_PR_GUNW_012_106_A_021_013_4000_SH_20260209T130116_20260209T130151_20260221T130117_20260221T130151_P05023_N_F_J_001.h5,"Checksum and size are CMR-reported, not locally verified."
2026-09-28T20:26:40Z,NISAR L2 GUNW PROVISIONAL,NASA ASF DAAC / CMR,NISAR L2 Geocoded Unwrapped Interferogram,PROVISIONAL,1.0.11,1,P05023,1.0.11,NISAR_L2_PR_GUNW_012_114_D_069_013_4000_SH_20260210T024751_20260210T024825_20260222T024751_20260222T024826_P05023_N_F_J_001,C2854335566-ASF,G4276053194-ASF,Tuolumne River Basin,T114/F069,DESCENDING,2026-02-10T02:47:51.000000Z,2026-02-22T02:47:51.000000Z,,,,/Users/jtarrico/ch13_nisar_prelim/data/nisar/gunw/tuolumne/provisional/<track_frame>/NISAR_L2_PR_GUNW_012_114_D_069_013_4000_SH_20260210T024751_20260210T024825_20260222T024751_20260222T024826_P05023_N_F_J_001.h5,Not downloaded; URL recorded from current CMR metadata,G4276053194-ASF,inventory_only; no retrieval role assigned,,MD5,2c0a85ac6d2206dae15d15d86b4c10e8,2378170368,https://nisar.asf.earthdatacloud.nasa.gov/NISAR/NISAR_L2_GUNW_PROVISIONAL_V1/NISAR_L2_PR_GUNW_012_114_D_069_013_4000_SH_20260210T024751_20260210T024825_20260222T024751_20260222T024826_P05023_N_F_J_001/NISAR_L2_PR_GUNW_012_114_D_069_013_4000_SH_20260210T024751_20260210T024825_20260222T024751_20260222T024826_P05023_N_F_J_001.h5,"Checksum and size are CMR-reported, not locally verified."
2026-09-28T20:26:40Z,NISAR L2 GUNW PROVISIONAL,NASA ASF DAAC / CMR,NISAR L2 Geocoded Unwrapped Interferogram,PROVISIONAL,1.0.11,1,P05023,1.0.11,NISAR_L2_PR_GUNW_012_114_D_070_013_4000_SH_20260210T024824_20260210T024859_20260222T024825_20260222T024900_P05023_N_F_J_001,C2854335566-ASF,G4276127893-ASF,Tuolumne River Basin,T114/F070,DESCENDING,2026-02-10T02:48:24.000000Z,2026-02-22T02:48:25.000000Z,,,,/Users/jtarrico/ch13_nisar_prelim/data/nisar/gunw/tuolumne/provisional/<track_frame>/NISAR_L2_PR_GUNW_012_114_D_070_013_4000_SH_20260210T024824_20260210T024859_20260222T024825_20260222T024900_P05023_N_F_J_001.h5,Not downloaded; URL recorded from current CMR metadata,G4276127893-ASF,inventory_only; no retrieval role assigned,,MD5,8998147e673e6cbca8fc2037c39d3b12,2386558976,https://nisar.asf.earthdatacloud.nasa.gov/NISAR/NISAR_L2_GUNW_PROVISIONAL_V1/NISAR_L2_PR_GUNW_012_114_D_070_013_4000_SH_20260210T024824_20260210T024859_20260222T024825_20260222T024900_P05023_N_F_J_001/NISAR_L2_PR_GUNW_012_114_D_070_013_4000_SH_20260210T024824_20260210T024859_20260222T024825_20260222T024900_P05023_N_F_J_001.h5,"Checksum and size are CMR-reported, not locally verified."
2026-09-28T20:26:40Z,NISAR L2 GUNW PROVISIONAL,NASA ASF DAAC / CMR,NISAR L2 Geocoded Unwrapped Interferogram,PROVISIONAL,1.0.11,1,P05023,1.0.11,NISAR_L2_PR_GUNW_013_034_A_020_014_4000_SH_20260216T130902_20260216T130937_20260228T130902_20260228T130937_P05023_N_F_J_001,C2854335566-ASF,G4276037193-ASF,Tuolumne River Basin,T034/F020,ASCENDING,2026-02-16T13:09:02.000000Z,2026-02-28T13:09:02.000000Z,,,,/Users/jtarrico/ch13_nisar_prelim/data/nisar/gunw/tuolumne/provisional/<track_frame>/NISAR_L2_PR_GUNW_013_034_A_020_014_4000_SH_20260216T130902_20260216T130937_20260228T130902_20260228T130937_P05023_N_F_J_001.h5,Not downloaded; URL recorded from current CMR metadata,G4276037193-ASF,inventory_only; no retrieval role assigned,,MD5,0e59caeab8fcae4f77119609b5eeb1be,2373976064,https://nisar.asf.earthdatacloud.nasa.gov/NISAR/NISAR_L2_GUNW_PROVISIONAL_V1/NISAR_L2_PR_GUNW_013_034_A_020_014_4000_SH_20260216T130902_20260216T130937_20260228T130902_20260228T130937_P05023_N_F_J_001/NISAR_L2_PR_GUNW_013_034_A_020_014_4000_SH_20260216T130902_20260216T130937_20260228T130902_20260228T130937_P05023_N_F_J_001.h5,"Checksum and size are CMR-reported, not locally verified."
2026-09-28T20:26:40Z,NISAR L2 GUNW PROVISIONAL,NASA ASF DAAC / CMR,NISAR L2 Geocoded Unwrapped Interferogram,PROVISIONAL,1.0.11,1,P05023,1.0.11,NISAR_L2_PR_GUNW_013_034_A_021_014_4000_SH_20260216T130936_20260216T131011_20260228T130936_20260228T131011_P05023_N_F_J_001,C2854335566-ASF,G4276041826-ASF,Tuolumne River Basin,T034/F021,ASCENDING,2026-02-16T13:09:36.000000Z,2026-02-28T13:09:36.000000Z,,,,/Users/jtarrico/ch13_nisar_prelim/data/nisar/gunw/tuolumne/provisional/<track_frame>/NISAR_L2_PR_GUNW_013_034_A_021_014_4000_SH_20260216T130936_20260216T131011_20260228T130936_20260228T131011_P05023_N_F_J_001.h5,Not downloaded; URL recorded from current CMR metadata,G4276041826-ASF,inventory_only; no retrieval role assigned,,MD5,ac538f2c8afe0260ff888873feea3c8c,2407530496,https://nisar.asf.earthdatacloud.nasa.gov/NISAR/NISAR_L2_GUNW_PROVISIONAL_V1/NISAR_L2_PR_GUNW_013_034_A_021_014_4000_SH_20260216T130936_20260216T131011_20260228T130936_20260228T131011_P05023_N_F_J_001/NISAR_L2_PR_GUNW_013_034_A_021_014_4000_SH_20260216T130936_20260216T131011_20260228T130936_20260228T131011_P05023_N_F_J_001.h5,"Checksum and size are CMR-reported, not locally verified."
2026-09-28T20:26:40Z,NISAR L2 GUNW PROVISIONAL,NASA ASF DAAC / CMR,NISAR L2 Geocoded Unwrapped Interferogram,PROVISIONAL,1.0.11,1,P05023,1.0.11,NISAR_L2_PR_GUNW_013_042_D_069_014_4000_SH_20260217T025610_20260217T025645_20260301T025611_20260301T025646_P05023_N_F_J_001,C2854335566-ASF,G4276008615-ASF,Tuolumne River Basin,T042/F069,DESCENDING,2026-02-17T02:56:10.000000Z,2026-03-01T02:56:11.000000Z,,,,/Users/jtarrico/ch13_nisar_prelim/data/nisar/gunw/tuolumne/provisional/<track_frame>/NISAR_L2_PR_GUNW_013_042_D_069_014_4000_SH_20260217T025610_20260217T025645_20260301T025611_20260301T025646_P05023_N_F_J_001.h5,Not downloaded; URL recorded from current CMR metadata,G4276008615-ASF,inventory_only; no retrieval role assigned,,MD5,4d9c822217cbc8d3ea3b0221645bd17b,2365587456,https://nisar.asf.earthdatacloud.nasa.gov/NISAR/NISAR_L2_GUNW_PROVISIONAL_V1/NISAR_L2_PR_GUNW_013_042_D_069_014_4000_SH_20260217T025610_20260217T025645_20260301T025611_20260301T025646_P05023_N_F_J_001/NISAR_L2_PR_GUNW_013_042_D_069_014_4000_SH_20260217T025610_20260217T025645_20260301T025611_20260301T025646_P05023_N_F_J_001.h5,"Checksum and size are CMR-reported, not locally verified."
2026-09-28T20:26:40Z,NISAR L2 GUNW PROVISIONAL,NASA ASF DAAC / CMR,NISAR L2 Geocoded Unwrapped Interferogram,PROVISIONAL,1.0.11,1,P05023,1.0.11,NISAR_L2_PR_GUNW_013_106_A_021_014_4000_SH_20260221T130117_20260221T130151_20260305T130117_20260305T130152_P05023_F_F_J_001,C2854335566-ASF,G4276033348-ASF,Tuolumne River Basin,T106/F021,ASCENDING,2026-02-21T13:01:17.000000Z,2026-03-05T13:01:17.000000Z,,,,/Users/jtarrico/ch13_nisar_prelim/data/nisar/gunw/tuolumne/provisional/<track_frame>/NISAR_L2_PR_GUNW_013_106_A_021_014_4000_SH_20260221T130117_20260221T130151_20260305T130117_20260305T130152_P05023_F_F_J_001.h5,Not downloaded; URL recorded from current CMR metadata,G4276033348-ASF,inventory_only; no retrieval role assigned,,MD5,b66d8769eab38b2da132e10ccbf4b38a,2373976064,https://nisar.asf.earthdatacloud.nasa.gov/NISAR/NISAR_L2_GUNW_PROVISIONAL_V1/NISAR_L2_PR_GUNW_013_106_A_021_014_4000_SH_20260221T130117_20260221T130151_20260305T130117_20260305T130152_P05023_F_F_J_001/NISAR_L2_PR_GUNW_013_106_A_021_014_4000_SH_20260221T130117_20260221T130151_20260305T130117_20260305T130152_P05023_F_F_J_001.h5,"Checksum and size are CMR-reported, not locally verified."
2026-09-28T20:26:40Z,NISAR L2 GUNW PROVISIONAL,NASA ASF DAAC / CMR,NISAR L2 Geocoded Unwrapped Interferogram,PROVISIONAL,1.0.11,1,P05023,1.0.11,NISAR_L2_PR_GUNW_013_114_D_069_014_4000_SH_20260222T024751_20260222T024826_20260306T024751_20260306T024826_P05023_N_F_J_001,C2854335566-ASF,G4276294390-ASF,Tuolumne River Basin,T114/F069,DESCENDING,2026-02-22T02:47:51.000000Z,2026-03-06T02:47:51.000000Z,,,,/Users/jtarrico/ch13_nisar_prelim/data/nisar/gunw/tuolumne/provisional/<track_frame>/NISAR_L2_PR_GUNW_013_114_D_069_014_4000_SH_20260222T024751_20260222T024826_20260306T024751_20260306T024826_P05023_N_F_J_001.h5,Not downloaded; URL recorded from current CMR metadata,G4276294390-ASF,inventory_only; no retrieval role assigned,,MD5,f94d38f7734436d29e08c0fdf248527c,2399141888,https://nisar.asf.earthdatacloud.nasa.gov/NISAR/NISAR_L2_GUNW_PROVISIONAL_V1/NISAR_L2_PR_GUNW_013_114_D_069_014_4000_SH_20260222T024751_20260222T024826_20260306T024751_20260306T024826_P05023_N_F_J_001/NISAR_L2_PR_GUNW_013_114_D_069_014_4000_SH_20260222T024751_20260222T024826_20260306T024751_20260306T024826_P05023_N_F_J_001.h5,"Checksum and size are CMR-reported, not locally verified."
2026-09-28T20:26:40Z,NISAR L2 GUNW PROVISIONAL,NASA ASF DAAC / CMR,NISAR L2 Geocoded Unwrapped Interferogram,PROVISIONAL,1.0.11,1,P05023,1.0.11,NISAR_L2_PR_GUNW_013_114_D_070_014_4000_SH_20260222T024825_20260222T024900_20260306T024825_20260306T024900_P05023_N_F_J_001,C2854335566-ASF,G4275989973-ASF,Tuolumne River Basin,T114/F070,DESCENDING,2026-02-22T02:48:25.000000Z,2026-03-06T02:48:25.000000Z,,,,/Users/jtarrico/ch13_nisar_prelim/data/nisar/gunw/tuolumne/provisional/<track_frame>/NISAR_L2_PR_GUNW_013_114_D_070_014_4000_SH_20260222T024825_20260222T024900_20260306T024825_20260306T024900_P05023_N_F_J_001.h5,Not downloaded; URL recorded from current CMR metadata,G4275989973-ASF,inventory_only; no retrieval role assigned,,MD5,14ecf6a77e89c6f584d45a1417346cc4,2415919104,https://nisar.asf.earthdatacloud.nasa.gov/NISAR/NISAR_L2_GUNW_PROVISIONAL_V1/NISAR_L2_PR_GUNW_013_114_D_070_014_4000_SH_20260222T024825_20260222T024900_20260306T024825_20260306T024900_P05023_N_F_J_001/NISAR_L2_PR_GUNW_013_114_D_070_014_4000_SH_20260222T024825_20260222T024900_20260306T024825_20260306T024900_P05023_N_F_J_001.h5,"Checksum and size are CMR-reported, not locally verified."
2026-09-28T20:26:40Z,NISAR L2 GUNW PROVISIONAL,NASA ASF DAAC / CMR,NISAR L2 Geocoded Unwrapped Interferogram,PROVISIONAL,1.0.11,1,P05023,1.0.11,NISAR_L2_PR_GUNW_014_034_A_020_015_4000_SH_20260228T130902_20260228T130937_20260312T130903_20260312T130938_P05023_N_F_J_001,C2854335566-ASF,G4276022748-ASF,Tuolumne River Basin,T034/F020,ASCENDING,2026-02-28T13:09:02.000000Z,2026-03-12T13:09:03.000000Z,,,,/Users/jtarrico/ch13_nisar_prelim/data/nisar/gunw/tuolumne/provisional/<track_frame>/NISAR_L2_PR_GUNW_014_034_A_020_015_4000_SH_20260228T130902_20260228T130937_20260312T130903_20260312T130938_P05023_N_F_J_001.h5,Not downloaded; URL recorded from current CMR metadata,G4276022748-ASF,inventory_only; no retrieval role assigned,,MD5,ecebf8cc9e32402fba8bcd10fc7c94a8,2357198848,https://nisar.asf.earthdatacloud.nasa.gov/NISAR/NISAR_L2_GUNW_PROVISIONAL_V1/NISAR_L2_PR_GUNW_014_034_A_020_015_4000_SH_20260228T130902_20260228T130937_20260312T130903_20260312T130938_P05023_N_F_J_001/NISAR_L2_PR_GUNW_014_034_A_020_015_4000_SH_20260228T130902_20260228T130937_20260312T130903_20260312T130938_P05023_N_F_J_001.h5,"Checksum and size are CMR-reported, not locally verified."
2026-09-28T20:26:40Z,NISAR L2 GUNW PROVISIONAL,NASA ASF DAAC / CMR,NISAR L2 Geocoded Unwrapped Interferogram,PROVISIONAL,1.0.11,1,P05023,1.0.11,NISAR_L2_PR_GUNW_014_034_A_021_015_4000_SH_20260228T130936_20260228T131011_20260312T130937_20260312T131011_P05023_N_F_J_001,C2854335566-ASF,G4275981602-ASF,Tuolumne River Basin,T034/F021,ASCENDING,2026-02-28T13:09:36.000000Z,2026-03-12T13:09:37.000000Z,,,,/Users/jtarrico/ch13_nisar_prelim/data/nisar/gunw/tuolumne/provisional/<track_frame>/NISAR_L2_PR_GUNW_014_034_A_021_015_4000_SH_20260228T130936_20260228T131011_20260312T130937_20260312T131011_P05023_N_F_J_001.h5,Not downloaded; URL recorded from current CMR metadata,G4275981602-ASF,inventory_only; no retrieval role assigned,,MD5,af4b637973bb8be19737b654ce7028ee,2369781760,https://nisar.asf.earthdatacloud.nasa.gov/NISAR/NISAR_L2_GUNW_PROVISIONAL_V1/NISAR_L2_PR_GUNW_014_034_A_021_015_4000_SH_20260228T130936_20260228T131011_20260312T130937_20260312T131011_P05023_N_F_J_001/NISAR_L2_PR_GUNW_014_034_A_021_015_4000_SH_20260228T130936_20260228T131011_20260312T130937_20260312T131011_P05023_N_F_J_001.h5,"Checksum and size are CMR-reported, not locally verified."
2026-09-28T20:26:40Z,NISAR L2 GUNW PROVISIONAL,NASA ASF DAAC / CMR,NISAR L2 Geocoded Unwrapped Interferogram,PROVISIONAL,1.0.11,1,P05023,1.0.11,NISAR_L2_PR_GUNW_014_042_D_069_015_4000_SH_20260301T025611_20260301T025646_20260313T025611_20260313T025646_P05023_N_F_J_001,C2854335566-ASF,G4276184412-ASF,Tuolumne River Basin,T042/F069,DESCENDING,2026-03-01T02:56:11.000000Z,2026-03-13T02:56:11.000000Z,,,,/Users/jtarrico/ch13_nisar_prelim/data/nisar/gunw/tuolumne/provisional/<track_frame>/NISAR_L2_PR_GUNW_014_042_D_069_015_4000_SH_20260301T025611_20260301T025646_20260313T025611_20260313T025646_P05023_N_F_J_001.h5,Not downloaded; URL recorded from current CMR metadata,G4276184412-ASF,inventory_only; no retrieval role assigned,,MD5,81bb70879ce2661a7f2339c41b2edf53,2373976064,https://nisar.asf.earthdatacloud.nasa.gov/NISAR/NISAR_L2_GUNW_PROVISIONAL_V1/NISAR_L2_PR_GUNW_014_042_D_069_015_4000_SH_20260301T025611_20260301T025646_20260313T025611_20260313T025646_P05023_N_F_J_001/NISAR_L2_PR_GUNW_014_042_D_069_015_4000_SH_20260301T025611_20260301T025646_20260313T025611_20260313T025646_P05023_N_F_J_001.h5,"Checksum and size are CMR-reported, not locally verified."
2026-09-28T20:26:40Z,NISAR L2 GUNW PROVISIONAL,NASA ASF DAAC / CMR,NISAR L2 Geocoded Unwrapped Interferogram,PROVISIONAL,1.0.11,1,P05023,1.0.11,NISAR_L2_PR_GUNW_014_106_A_021_015_4000_SH_20260305T130117_20260305T130152_20260317T130117_20260317T130152_P05023_N_F_J_001,C2854335566-ASF,G4276021527-ASF,Tuolumne River Basin,T106/F021,ASCENDING,2026-03-05T13:01:17.000000Z,2026-03-17T13:01:17.000000Z,,,,/Users/jtarrico/ch13_nisar_prelim/data/nisar/gunw/tuolumne/provisional/<track_frame>/NISAR_L2_PR_GUNW_014_106_A_021_015_4000_SH_20260305T130117_20260305T130152_20260317T130117_20260317T130152_P05023_N_F_J_001.h5,Not downloaded; URL recorded from current CMR metadata,G4276021527-ASF,inventory_only; no retrieval role assigned,,MD5,b7de9602d73e964a4603b54e4117a8c2,2390753280,https://nisar.asf.earthdatacloud.nasa.gov/NISAR/NISAR_L2_GUNW_PROVISIONAL_V1/NISAR_L2_PR_GUNW_014_106_A_021_015_4000_SH_20260305T130117_20260305T130152_20260317T130117_20260317T130152_P05023_N_F_J_001/NISAR_L2_PR_GUNW_014_106_A_021_015_4000_SH_20260305T130117_20260305T130152_20260317T130117_20260317T130152_P05023_N_F_J_001.h5,"Checksum and size are CMR-reported, not locally verified."
2026-09-28T20:26:40Z,NISAR L2 GUNW PROVISIONAL,NASA ASF DAAC / CMR,NISAR L2 Geocoded Unwrapped Interferogram,PROVISIONAL,1.0.11,1,P05023,1.0.11,NISAR_L2_PR_GUNW_014_114_D_069_015_4000_SH_20260306T024751_20260306T024826_20260318T024752_20260318T024827_P05023_N_F_J_001,C2854335566-ASF,G4275963451-ASF,Tuolumne River Basin,T114/F069,DESCENDING,2026-03-06T02:47:51.000000Z,2026-03-18T02:47:52.000000Z,,,,/Users/jtarrico/ch13_nisar_prelim/data/nisar/gunw/tuolumne/provisional/<track_frame>/NISAR_L2_PR_GUNW_014_114_D_069_015_4000_SH_20260306T024751_20260306T024826_20260318T024752_20260318T024827_P05023_N_F_J_001.h5,Not downloaded; URL recorded from current CMR metadata,G4275963451-ASF,inventory_only; no retrieval role assigned,,MD5,e65e72b73395ca13122796f69a1899a8,2353004544,https://nisar.asf.earthdatacloud.nasa.gov/NISAR/NISAR_L2_GUNW_PROVISIONAL_V1/NISAR_L2_PR_GUNW_014_114_D_069_015_4000_SH_20260306T024751_20260306T024826_20260318T024752_20260318T024827_P05023_N_F_J_001/NISAR_L2_PR_GUNW_014_114_D_069_015_4000_SH_20260306T024751_20260306T024826_20260318T024752_20260318T024827_P05023_N_F_J_001.h5,"Checksum and size are CMR-reported, not locally verified."
2026-09-28T20:26:40Z,NISAR L2 GUNW PROVISIONAL,NASA ASF DAAC / CMR,NISAR L2 Geocoded Unwrapped Interferogram,PROVISIONAL,1.0.11,1,P05023,1.0.11,NISAR_L2_PR_GUNW_014_114_D_070_015_4000_SH_20260306T024825_20260306T024900_20260318T024826_20260318T024900_P05023_N_F_J_001,C2854335566-ASF,G4275985527-ASF,Tuolumne River Basin,T114/F070,DESCENDING,2026-03-06T02:48:25.000000Z,2026-03-18T02:48:26.000000Z,,,,/Users/jtarrico/ch13_nisar_prelim/data/nisar/gunw/tuolumne/provisional/<track_frame>/NISAR_L2_PR_GUNW_014_114_D_070_015_4000_SH_20260306T024825_20260306T024900_20260318T024826_20260318T024900_P05023_N_F_J_001.h5,Not downloaded; URL recorded from current CMR metadata,G4275985527-ASF,inventory_only; no retrieval role assigned,,MD5,1ca2811b18c9e09284da729c0522c4af,2369781760,https://nisar.asf.earthdatacloud.nasa.gov/NISAR/NISAR_L2_GUNW_PROVISIONAL_V1/NISAR_L2_PR_GUNW_014_114_D_070_015_4000_SH_20260306T024825_20260306T024900_20260318T024826_20260318T024900_P05023_N_F_J_001/NISAR_L2_PR_GUNW_014_114_D_070_015_4000_SH_20260306T024825_20260306T024900_20260318T024826_20260318T024900_P05023_N_F_J_001.h5,"Checksum and size are CMR-reported, not locally verified."
2026-09-28T20:26:40Z,NISAR L2 GUNW PROVISIONAL,NASA ASF DAAC / CMR,NISAR L2 Geocoded Unwrapped Interferogram,PROVISIONAL,1.0.11,1,P05023,1.0.11,NISAR_L2_PR_GUNW_015_034_A_020_016_4000_SH_20260312T130903_20260312T130938_20260324T130903_20260324T130938_P05023_N_F_J_001,C2854335566-ASF,G4275982499-ASF,Tuolumne River Basin,T034/F020,ASCENDING,2026-03-12T13:09:03.000000Z,2026-03-24T13:09:03.000000Z,,,,/Users/jtarrico/ch13_nisar_prelim/data/nisar/gunw/tuolumne/provisional/<track_frame>/NISAR_L2_PR_GUNW_015_034_A_020_016_4000_SH_20260312T130903_20260312T130938_20260324T130903_20260324T130938_P05023_N_F_J_001.h5,Not downloaded; URL recorded from current CMR metadata,G4275982499-ASF,inventory_only; no retrieval role assigned,,MD5,a0af24c4268f1d5bb9e2549c405437df,2386558976,https://nisar.asf.earthdatacloud.nasa.gov/NISAR/NISAR_L2_GUNW_PROVISIONAL_V1/NISAR_L2_PR_GUNW_015_034_A_020_016_4000_SH_20260312T130903_20260312T130938_20260324T130903_20260324T130938_P05023_N_F_J_001/NISAR_L2_PR_GUNW_015_034_A_020_016_4000_SH_20260312T130903_20260312T130938_20260324T130903_20260324T130938_P05023_N_F_J_001.h5,"Checksum and size are CMR-reported, not locally verified."
2026-09-28T20:26:40Z,NISAR L2 GUNW PROVISIONAL,NASA ASF DAAC / CMR,NISAR L2 Geocoded Unwrapped Interferogram,PROVISIONAL,1.0.11,1,P05023,1.0.11,NISAR_L2_PR_GUNW_015_034_A_021_016_4000_SH_20260312T130937_20260312T131011_20260324T130937_20260324T131012_P05023_N_F_J_001,C2854335566-ASF,G4275980727-ASF,Tuolumne River Basin,T034/F021,ASCENDING,2026-03-12T13:09:37.000000Z,2026-03-24T13:09:37.000000Z,,,,/Users/jtarrico/ch13_nisar_prelim/data/nisar/gunw/tuolumne/provisional/<track_frame>/NISAR_L2_PR_GUNW_015_034_A_021_016_4000_SH_20260312T130937_20260312T131011_20260324T130937_20260324T131012_P05023_N_F_J_001.h5,Not downloaded; URL recorded from current CMR metadata,G4275980727-ASF,inventory_only; no retrieval role assigned,,MD5,e08ea53dea432718b059adde59581b35,2361393152,https://nisar.asf.earthdatacloud.nasa.gov/NISAR/NISAR_L2_GUNW_PROVISIONAL_V1/NISAR_L2_PR_GUNW_015_034_A_021_016_4000_SH_20260312T130937_20260312T131011_20260324T130937_20260324T131012_P05023_N_F_J_001/NISAR_L2_PR_GUNW_015_034_A_021_016_4000_SH_20260312T130937_20260312T131011_20260324T130937_20260324T131012_P05023_N_F_J_001.h5,"Checksum and size are CMR-reported, not locally verified."
2026-09-28T20:26:40Z,NISAR L2 GUNW PROVISIONAL,NASA ASF DAAC / CMR,NISAR L2 Geocoded Unwrapped Interferogram,PROVISIONAL,1.0.11,1,P05023,1.0.11,NISAR_L2_PR_GUNW_015_042_D_069_016_4000_SH_20260313T025611_20260313T025646_20260325T025611_20260325T025646_P05023_N_F_J_001,C2854335566-ASF,G4275981655-ASF,Tuolumne River Basin,T042/F069,DESCENDING,2026-03-13T02:56:11.000000Z,2026-03-25T02:56:11.000000Z,,,,/Users/jtarrico/ch13_nisar_prelim/data/nisar/gunw/tuolumne/provisional/<track_frame>/NISAR_L2_PR_GUNW_015_042_D_069_016_4000_SH_20260313T025611_20260313T025646_20260325T025611_20260325T025646_P05023_N_F_J_001.h5,Not downloaded; URL recorded from current CMR metadata,G4275981655-ASF,inventory_only; no retrieval role assigned,,MD5,487c314531ec7bd6fec4e5ae37fedb99,2378170368,https://nisar.asf.earthdatacloud.nasa.gov/NISAR/NISAR_L2_GUNW_PROVISIONAL_V1/NISAR_L2_PR_GUNW_015_042_D_069_016_4000_SH_20260313T025611_20260313T025646_20260325T025611_20260325T025646_P05023_N_F_J_001/NISAR_L2_PR_GUNW_015_042_D_069_016_4000_SH_20260313T025611_20260313T025646_20260325T025611_20260325T025646_P05023_N_F_J_001.h5,"Checksum and size are CMR-reported, not locally verified."
2026-09-28T20:26:40Z,NISAR L2 GUNW PROVISIONAL,NASA ASF DAAC / CMR,NISAR L2 Geocoded Unwrapped Interferogram,PROVISIONAL,1.0.11,1,P05023,1.0.11,NISAR_L2_PR_GUNW_015_106_A_021_017_4000_SH_20260317T130117_20260317T130152_20260410T130118_20260410T130152_P05023_N_F_J_001,C2854335566-ASF,G4275914999-ASF,Tuolumne River Basin,T106/F021,ASCENDING,2026-03-17T13:01:17.000000Z,2026-04-10T13:01:18.000000Z,,,,/Users/jtarrico/ch13_nisar_prelim/data/nisar/gunw/tuolumne/provisional/<track_frame>/NISAR_L2_PR_GUNW_015_106_A_021_017_4000_SH_20260317T130117_20260317T130152_20260410T130118_20260410T130152_P05023_N_F_J_001.h5,Not downloaded; URL recorded from current CMR metadata,G4275914999-ASF,inventory_only; no retrieval role assigned,,MD5,c2ecc3f4eb31eefb32c4a23a4c05db08,2340421632,https://nisar.asf.earthdatacloud.nasa.gov/NISAR/NISAR_L2_GUNW_PROVISIONAL_V1/NISAR_L2_PR_GUNW_015_106_A_021_017_4000_SH_20260317T130117_20260317T130152_20260410T130118_20260410T130152_P05023_N_F_J_001/NISAR_L2_PR_GUNW_015_106_A_021_017_4000_SH_20260317T130117_20260317T130152_20260410T130118_20260410T130152_P05023_N_F_J_001.h5,"Checksum and size are CMR-reported, not locally verified."
2026-09-28T20:26:40Z,NISAR L2 GUNW PROVISIONAL,NASA ASF DAAC / CMR,NISAR L2 Geocoded Unwrapped Interferogram,PROVISIONAL,1.0.11,1,P05023,1.0.11,NISAR_L2_PR_GUNW_015_114_D_069_017_4000_SH_20260318T024752_20260318T024827_20260411T024752_20260411T024827_P05023_N_F_J_001,C2854335566-ASF,G4275869180-ASF,Tuolumne River Basin,T114/F069,DESCENDING,2026-03-18T02:47:52.000000Z,2026-04-11T02:47:52.000000Z,,,,/Users/jtarrico/ch13_nisar_prelim/data/nisar/gunw/tuolumne/provisional/<track_frame>/NISAR_L2_PR_GUNW_015_114_D_069_017_4000_SH_20260318T024752_20260318T024827_20260411T024752_20260411T024827_P05023_N_F_J_001.h5,Not downloaded; URL recorded from current CMR metadata,G4275869180-ASF,inventory_only; no retrieval role assigned,,MD5,f2b04e7cb1f492a54b5a71c742fd4be2,2399141888,https://nisar.asf.earthdatacloud.nasa.gov/NISAR/NISAR_L2_GUNW_PROVISIONAL_V1/NISAR_L2_PR_GUNW_015_114_D_069_017_4000_SH_20260318T024752_20260318T024827_20260411T024752_20260411T024827_P05023_N_F_J_001/NISAR_L2_PR_GUNW_015_114_D_069_017_4000_SH_20260318T024752_20260318T024827_20260411T024752_20260411T024827_P05023_N_F_J_001.h5,"Checksum and size are CMR-reported, not locally verified."
2026-09-28T20:26:40Z,NISAR L2 GUNW PROVISIONAL,NASA ASF DAAC / CMR,NISAR L2 Geocoded Unwrapped Interferogram,PROVISIONAL,1.0.11,1,P05023,1.0.11,NISAR_L2_PR_GUNW_015_114_D_070_017_4000_SH_20260318T024826_20260318T024900_20260411T024826_20260411T024901_P05023_N_F_J_001,C2854335566-ASF,G4275907846-ASF,Tuolumne River Basin,T114/F070,DESCENDING,2026-03-18T02:48:26.000000Z,2026-04-11T02:48:26.000000Z,,,,/Users/jtarrico/ch13_nisar_prelim/data/nisar/gunw/tuolumne/provisional/<track_frame>/NISAR_L2_PR_GUNW_015_114_D_070_017_4000_SH_20260318T024826_20260318T024900_20260411T024826_20260411T024901_P05023_N_F_J_001.h5,Not downloaded; URL recorded from current CMR metadata,G4275907846-ASF,inventory_only; no retrieval role assigned,,MD5,1df7f483d956e622dc5adee6f0558aff,2382364672,https://nisar.asf.earthdatacloud.nasa.gov/NISAR/NISAR_L2_GUNW_PROVISIONAL_V1/NISAR_L2_PR_GUNW_015_114_D_070_017_4000_SH_20260318T024826_20260318T024900_20260411T024826_20260411T024901_P05023_N_F_J_001/NISAR_L2_PR_GUNW_015_114_D_070_017_4000_SH_20260318T024826_20260318T024900_20260411T024826_20260411T024901_P05023_N_F_J_001.h5,"Checksum and size are CMR-reported, not locally verified."
2026-09-28T20:26:40Z,NISAR L2 GUNW PROVISIONAL,NASA ASF DAAC / CMR,NISAR L2 Geocoded Unwrapped Interferogram,PROVISIONAL,1.0.11,1,P05023,1.0.11,NISAR_L2_PR_GUNW_016_034_A_020_017_4000_SH_20260324T130903_20260324T130938_20260405T130903_20260405T130938_P05023_N_F_J_001,C2854335566-ASF,G4275929354-ASF,Tuolumne River Basin,T034/F020,ASCENDING,2026-03-24T13:09:03.000000Z,2026-04-05T13:09:03.000000Z,,,,/Users/jtarrico/ch13_nisar_prelim/data/nisar/gunw/tuolumne/provisional/<track_frame>/NISAR_L2_PR_GUNW_016_034_A_020_017_4000_SH_20260324T130903_20260324T130938_20260405T130903_20260405T130938_P05023_N_F_J_001.h5,Not downloaded; URL recorded from current CMR metadata,G4275929354-ASF,inventory_only; no retrieval role assigned,,MD5,e38cf8df34f5c386e067a3aff9339e56,2361393152,https://nisar.asf.earthdatacloud.nasa.gov/NISAR/NISAR_L2_GUNW_PROVISIONAL_V1/NISAR_L2_PR_GUNW_016_034_A_020_017_4000_SH_20260324T130903_20260324T130938_20260405T130903_20260405T130938_P05023_N_F_J_001/NISAR_L2_PR_GUNW_016_034_A_020_017_4000_SH_20260324T130903_20260324T130938_20260405T130903_20260405T130938_P05023_N_F_J_001.h5,"Checksum and size are CMR-reported, not locally verified."
2026-09-28T20:26:40Z,NISAR L2 GUNW PROVISIONAL,NASA ASF DAAC / CMR,NISAR L2 Geocoded Unwrapped Interferogram,PROVISIONAL,1.0.11,1,P05023,1.0.11,NISAR_L2_PR_GUNW_016_034_A_021_017_4000_SH_20260324T130937_20260324T131012_20260405T130937_20260405T131012_P05023_N_F_J_001,C2854335566-ASF,G4275930871-ASF,Tuolumne River Basin,T034/F021,ASCENDING,2026-03-24T13:09:37.000000Z,2026-04-05T13:09:37.000000Z,,,,/Users/jtarrico/ch13_nisar_prelim/data/nisar/gunw/tuolumne/provisional/<track_frame>/NISAR_L2_PR_GUNW_016_034_A_021_017_4000_SH_20260324T130937_20260324T131012_20260405T130937_20260405T131012_P05023_N_F_J_001.h5,Not downloaded; URL recorded from current CMR metadata,G4275930871-ASF,inventory_only; no retrieval role assigned,,MD5,8ea9a3bdf6acab588a01d6f863b6a53a,2390753280,https://nisar.asf.earthdatacloud.nasa.gov/NISAR/NISAR_L2_GUNW_PROVISIONAL_V1/NISAR_L2_PR_GUNW_016_034_A_021_017_4000_SH_20260324T130937_20260324T131012_20260405T130937_20260405T131012_P05023_N_F_J_001/NISAR_L2_PR_GUNW_016_034_A_021_017_4000_SH_20260324T130937_20260324T131012_20260405T130937_20260405T131012_P05023_N_F_J_001.h5,"Checksum and size are CMR-reported, not locally verified."
2026-09-28T20:26:40Z,NISAR L2 GUNW PROVISIONAL,NASA ASF DAAC / CMR,NISAR L2 Geocoded Unwrapped Interferogram,PROVISIONAL,1.0.11,1,P05023,1.0.11,NISAR_L2_PR_GUNW_016_042_D_069_017_4000_SH_20260325T025611_20260325T025646_20260406T025611_20260406T025646_P05023_N_F_J_001,C2854335566-ASF,G4275929718-ASF,Tuolumne River Basin,T042/F069,DESCENDING,2026-03-25T02:56:11.000000Z,2026-04-06T02:56:11.000000Z,,,,/Users/jtarrico/ch13_nisar_prelim/data/nisar/gunw/tuolumne/provisional/<track_frame>/NISAR_L2_PR_GUNW_016_042_D_069_017_4000_SH_20260325T025611_20260325T025646_20260406T025611_20260406T025646_P05023_N_F_J_001.h5,Not downloaded; URL recorded from current CMR metadata,G4275929718-ASF,inventory_only; no retrieval role assigned,,MD5,3fd325744ab0386605b66455530289cd,2344615936,https://nisar.asf.earthdatacloud.nasa.gov/NISAR/NISAR_L2_GUNW_PROVISIONAL_V1/NISAR_L2_PR_GUNW_016_042_D_069_017_4000_SH_20260325T025611_20260325T025646_20260406T025611_20260406T025646_P05023_N_F_J_001/NISAR_L2_PR_GUNW_016_042_D_069_017_4000_SH_20260325T025611_20260325T025646_20260406T025611_20260406T025646_P05023_N_F_J_001.h5,"Checksum and size are CMR-reported, not locally verified."
2026-09-28T20:26:40Z,NISAR L2 GUNW PROVISIONAL,NASA ASF DAAC / CMR,NISAR L2 Geocoded Unwrapped Interferogram,PROVISIONAL,1.0.11,1,P05023,1.0.11,NISAR_L2_PR_GUNW_017_034_A_020_018_4000_SH_20260405T130903_20260405T130938_20260417T130903_20260417T130938_P05023_N_F_J_001,C2854335566-ASF,G4275864569-ASF,Tuolumne River Basin,T034/F020,ASCENDING,2026-04-05T13:09:03.000000Z,2026-04-17T13:09:03.000000Z,,,,/Users/jtarrico/ch13_nisar_prelim/data/nisar/gunw/tuolumne/provisional/<track_frame>/NISAR_L2_PR_GUNW_017_034_A_020_018_4000_SH_20260405T130903_20260405T130938_20260417T130903_20260417T130938_P05023_N_F_J_001.h5,Not downloaded; URL recorded from current CMR metadata,G4275864569-ASF,inventory_only; no retrieval role assigned,,MD5,c1fdb1678c315d6af26ffdb119499895,2361393152,https://nisar.asf.earthdatacloud.nasa.gov/NISAR/NISAR_L2_GUNW_PROVISIONAL_V1/NISAR_L2_PR_GUNW_017_034_A_020_018_4000_SH_20260405T130903_20260405T130938_20260417T130903_20260417T130938_P05023_N_F_J_001/NISAR_L2_PR_GUNW_017_034_A_020_018_4000_SH_20260405T130903_20260405T130938_20260417T130903_20260417T130938_P05023_N_F_J_001.h5,"Checksum and size are CMR-reported, not locally verified."
2026-09-28T20:26:40Z,NISAR L2 GUNW PROVISIONAL,NASA ASF DAAC / CMR,NISAR L2 Geocoded Unwrapped Interferogram,PROVISIONAL,1.0.11,1,P05023,1.0.11,NISAR_L2_PR_GUNW_017_034_A_021_018_4000_SH_20260405T130937_20260405T131012_20260417T130937_20260417T131012_P05023_N_F_J_001,C2854335566-ASF,G4275904670-ASF,Tuolumne River Basin,T034/F021,ASCENDING,2026-04-05T13:09:37.000000Z,2026-04-17T13:09:37.000000Z,,,,/Users/jtarrico/ch13_nisar_prelim/data/nisar/gunw/tuolumne/provisional/<track_frame>/NISAR_L2_PR_GUNW_017_034_A_021_018_4000_SH_20260405T130937_20260405T131012_20260417T130937_20260417T131012_P05023_N_F_J_001.h5,Not downloaded; URL recorded from current CMR metadata,G4275904670-ASF,inventory_only; no retrieval role assigned,,MD5,1360ff981076e1a1badb37208b7cc0d0,2394947584,https://nisar.asf.earthdatacloud.nasa.gov/NISAR/NISAR_L2_GUNW_PROVISIONAL_V1/NISAR_L2_PR_GUNW_017_034_A_021_018_4000_SH_20260405T130937_20260405T131012_20260417T130937_20260417T131012_P05023_N_F_J_001/NISAR_L2_PR_GUNW_017_034_A_021_018_4000_SH_20260405T130937_20260405T131012_20260417T130937_20260417T131012_P05023_N_F_J_001.h5,"Checksum and size are CMR-reported, not locally verified."
2026-09-28T20:26:40Z,NISAR L2 GUNW PROVISIONAL,NASA ASF DAAC / CMR,NISAR L2 Geocoded Unwrapped Interferogram,PROVISIONAL,1.0.11,1,P05023,1.0.11,NISAR_L2_PR_GUNW_017_042_D_069_018_4000_SH_20260406T025611_20260406T025646_20260418T025611_20260418T025646_P05023_N_F_J_001,C2854335566-ASF,G4275901773-ASF,Tuolumne River Basin,T042/F069,DESCENDING,2026-04-06T02:56:11.000000Z,2026-04-18T02:56:11.000000Z,,,,/Users/jtarrico/ch13_nisar_prelim/data/nisar/gunw/tuolumne/provisional/<track_frame>/NISAR_L2_PR_GUNW_017_042_D_069_018_4000_SH_20260406T025611_20260406T025646_20260418T025611_20260418T025646_P05023_N_F_J_001.h5,Not downloaded; URL recorded from current CMR metadata,G4275901773-ASF,inventory_only; no retrieval role assigned,,MD5,746ec2a0142c5df050fbfafaaf2aefc7,2348810240,https://nisar.asf.earthdatacloud.nasa.gov/NISAR/NISAR_L2_GUNW_PROVISIONAL_V1/NISAR_L2_PR_GUNW_017_042_D_069_018_4000_SH_20260406T025611_20260406T025646_20260418T025611_20260418T025646_P05023_N_F_J_001/NISAR_L2_PR_GUNW_017_042_D_069_018_4000_SH_20260406T025611_20260406T025646_20260418T025611_20260418T025646_P05023_N_F_J_001.h5,"Checksum and size are CMR-reported, not locally verified."
2026-09-28T20:26:40Z,NISAR L2 GUNW PROVISIONAL,NASA ASF DAAC / CMR,NISAR L2 Geocoded Unwrapped Interferogram,PROVISIONAL,1.0.11,1,P05023,1.0.11,NISAR_L2_PR_GUNW_017_106_A_021_018_4000_SH_20260410T130118_20260410T130152_20260422T130117_20260422T130152_P05023_N_F_J_001,C2854335566-ASF,G4275884391-ASF,Tuolumne River Basin,T106/F021,ASCENDING,2026-04-10T13:01:18.000000Z,2026-04-22T13:01:17.000000Z,,,,/Users/jtarrico/ch13_nisar_prelim/data/nisar/gunw/tuolumne/provisional/<track_frame>/NISAR_L2_PR_GUNW_017_106_A_021_018_4000_SH_20260410T130118_20260410T130152_20260422T130117_20260422T130152_P05023_N_F_J_001.h5,Not downloaded; URL recorded from current CMR metadata,G4275884391-ASF,inventory_only; no retrieval role assigned,,MD5,4cc66084784590f8ba4e2f9f564b2adf,2344615936,https://nisar.asf.earthdatacloud.nasa.gov/NISAR/NISAR_L2_GUNW_PROVISIONAL_V1/NISAR_L2_PR_GUNW_017_106_A_021_018_4000_SH_20260410T130118_20260410T130152_20260422T130117_20260422T130152_P05023_N_F_J_001/NISAR_L2_PR_GUNW_017_106_A_021_018_4000_SH_20260410T130118_20260410T130152_20260422T130117_20260422T130152_P05023_N_F_J_001.h5,"Checksum and size are CMR-reported, not locally verified."
2026-09-28T20:26:40Z,NISAR L2 GUNW PROVISIONAL,NASA ASF DAAC / CMR,NISAR L2 Geocoded Unwrapped Interferogram,PROVISIONAL,1.0.11,1,P05023,1.0.11,NISAR_L2_PR_GUNW_017_114_D_069_018_4000_SH_20260411T024752_20260411T024827_20260423T024752_20260423T024827_P05023_N_F_J_001,C2854335566-ASF,G4275891637-ASF,Tuolumne River Basin,T114/F069,DESCENDING,2026-04-11T02:47:52.000000Z,2026-04-23T02:47:52.000000Z,,,,/Users/jtarrico/ch13_nisar_prelim/data/nisar/gunw/tuolumne/provisional/<track_frame>/NISAR_L2_PR_GUNW_017_114_D_069_018_4000_SH_20260411T024752_20260411T024827_20260423T024752_20260423T024827_P05023_N_F_J_001.h5,Not downloaded; URL recorded from current CMR metadata,G4275891637-ASF,inventory_only; no retrieval role assigned,,MD5,a40506b136f113909f0be5c0414809ca,2390753280,https://nisar.asf.earthdatacloud.nasa.gov/NISAR/NISAR_L2_GUNW_PROVISIONAL_V1/NISAR_L2_PR_GUNW_017_114_D_069_018_4000_SH_20260411T024752_20260411T024827_20260423T024752_20260423T024827_P05023_N_F_J_001/NISAR_L2_PR_GUNW_017_114_D_069_018_4000_SH_20260411T024752_20260411T024827_20260423T024752_20260423T024827_P05023_N_F_J_001.h5,"Checksum and size are CMR-reported, not locally verified."
2026-09-28T20:26:40Z,NISAR L2 GUNW PROVISIONAL,NASA ASF DAAC / CMR,NISAR L2 Geocoded Unwrapped Interferogram,PROVISIONAL,1.0.11,1,P05023,1.0.11,NISAR_L2_PR_GUNW_017_114_D_070_018_4000_SH_20260411T024826_20260411T024901_20260423T024826_20260423T024900_P05023_N_F_J_001,C2854335566-ASF,G4275892412-ASF,Tuolumne River Basin,T114/F070,DESCENDING,2026-04-11T02:48:26.000000Z,2026-04-23T02:48:26.000000Z,,,,/Users/jtarrico/ch13_nisar_prelim/data/nisar/gunw/tuolumne/provisional/<track_frame>/NISAR_L2_PR_GUNW_017_114_D_070_018_4000_SH_20260411T024826_20260411T024901_20260423T024826_20260423T024900_P05023_N_F_J_001.h5,Not downloaded; URL recorded from current CMR metadata,G4275892412-ASF,inventory_only; no retrieval role assigned,,MD5,b6ee10bd5d35b593701aba7bb06aa908,2378170368,https://nisar.asf.earthdatacloud.nasa.gov/NISAR/NISAR_L2_GUNW_PROVISIONAL_V1/NISAR_L2_PR_GUNW_017_114_D_070_018_4000_SH_20260411T024826_20260411T024901_20260423T024826_20260423T024900_P05023_N_F_J_001/NISAR_L2_PR_GUNW_017_114_D_070_018_4000_SH_20260411T024826_20260411T024901_20260423T024826_20260423T024900_P05023_N_F_J_001.h5,"Checksum and size are CMR-reported, not locally verified."
2026-09-28T20:26:40Z,NISAR L2 GUNW PROVISIONAL,NASA ASF DAAC / CMR,NISAR L2 Geocoded Unwrapped Interferogram,PROVISIONAL,1.0.11,1,P05023,1.0.11,NISAR_L2_PR_GUNW_018_034_A_020_019_4000_SH_20260417T130903_20260417T130938_20260429T130903_20260429T130937_P05023_N_F_J_001,C2854335566-ASF,G4275837555-ASF,Tuolumne River Basin,T034/F020,ASCENDING,2026-04-17T13:09:03.000000Z,2026-04-29T13:09:03.000000Z,,,,/Users/jtarrico/ch13_nisar_prelim/data/nisar/gunw/tuolumne/provisional/<track_frame>/NISAR_L2_PR_GUNW_018_034_A_020_019_4000_SH_20260417T130903_20260417T130938_20260429T130903_20260429T130937_P05023_N_F_J_001.h5,Not downloaded; URL recorded from current CMR metadata,G4275837555-ASF,inventory_only; no retrieval role assigned,,MD5,a3c92599994e24bac4aefd5ef963bf62,2315255808,https://nisar.asf.earthdatacloud.nasa.gov/NISAR/NISAR_L2_GUNW_PROVISIONAL_V1/NISAR_L2_PR_GUNW_018_034_A_020_019_4000_SH_20260417T130903_20260417T130938_20260429T130903_20260429T130937_P05023_N_F_J_001/NISAR_L2_PR_GUNW_018_034_A_020_019_4000_SH_20260417T130903_20260417T130938_20260429T130903_20260429T130937_P05023_N_F_J_001.h5,"Checksum and size are CMR-reported, not locally verified."
2026-09-28T20:26:40Z,NISAR L2 GUNW PROVISIONAL,NASA ASF DAAC / CMR,NISAR L2 Geocoded Unwrapped Interferogram,PROVISIONAL,1.0.11,1,P05023,1.0.11,NISAR_L2_PR_GUNW_018_034_A_021_019_4000_SH_20260417T130937_20260417T131012_20260429T130936_20260429T131011_P05023_N_F_J_001,C2854335566-ASF,G4275834084-ASF,Tuolumne River Basin,T034/F021,ASCENDING,2026-04-17T13:09:37.000000Z,2026-04-29T13:09:36.000000Z,,,,/Users/jtarrico/ch13_nisar_prelim/data/nisar/gunw/tuolumne/provisional/<track_frame>/NISAR_L2_PR_GUNW_018_034_A_021_019_4000_SH_20260417T130937_20260417T131012_20260429T130936_20260429T131011_P05023_N_F_J_001.h5,Not downloaded; URL recorded from current CMR metadata,G4275834084-ASF,inventory_only; no retrieval role assigned,,MD5,56d76dc04f9357336c81f1b1050142f4,2369781760,https://nisar.asf.earthdatacloud.nasa.gov/NISAR/NISAR_L2_GUNW_PROVISIONAL_V1/NISAR_L2_PR_GUNW_018_034_A_021_019_4000_SH_20260417T130937_20260417T131012_20260429T130936_20260429T131011_P05023_N_F_J_001/NISAR_L2_PR_GUNW_018_034_A_021_019_4000_SH_20260417T130937_20260417T131012_20260429T130936_20260429T131011_P05023_N_F_J_001.h5,"Checksum and size are CMR-reported, not locally verified."
2026-09-28T20:26:40Z,NISAR L2 GUNW PROVISIONAL,NASA ASF DAAC / CMR,NISAR L2 Geocoded Unwrapped Interferogram,PROVISIONAL,1.0.11,1,P05023,1.0.11,NISAR_L2_PR_GUNW_018_042_D_069_019_4000_SH_20260418T025611_20260418T025646_20260430T025611_20260430T025646_P05023_N_F_J_001,C2854335566-ASF,G4275833242-ASF,Tuolumne River Basin,T042/F069,DESCENDING,2026-04-18T02:56:11.000000Z,2026-04-30T02:56:11.000000Z,,,,/Users/jtarrico/ch13_nisar_prelim/data/nisar/gunw/tuolumne/provisional/<track_frame>/NISAR_L2_PR_GUNW_018_042_D_069_019_4000_SH_20260418T025611_20260418T025646_20260430T025611_20260430T025646_P05023_N_F_J_001.h5,Not downloaded; URL recorded from current CMR metadata,G4275833242-ASF,inventory_only; no retrieval role assigned,,MD5,44e413fb7e1ff85726ca24ee6f5821bc,2344615936,https://nisar.asf.earthdatacloud.nasa.gov/NISAR/NISAR_L2_GUNW_PROVISIONAL_V1/NISAR_L2_PR_GUNW_018_042_D_069_019_4000_SH_20260418T025611_20260418T025646_20260430T025611_20260430T025646_P05023_N_F_J_001/NISAR_L2_PR_GUNW_018_042_D_069_019_4000_SH_20260418T025611_20260418T025646_20260430T025611_20260430T025646_P05023_N_F_J_001.h5,"Checksum and size are CMR-reported, not locally verified."
2026-09-28T20:26:40Z,NISAR L2 GUNW PROVISIONAL,NASA ASF DAAC / CMR,NISAR L2 Geocoded Unwrapped Interferogram,PROVISIONAL,1.0.11,1,P05023,1.0.11,NISAR_L2_PR_GUNW_018_106_A_021_019_4000_SH_20260422T130117_20260422T130152_20260504T130117_20260504T130152_P05023_N_F_J_001,C2854335566-ASF,G4275804302-ASF,Tuolumne River Basin,T106/F021,ASCENDING,2026-04-22T13:01:17.000000Z,2026-05-04T13:01:17.000000Z,,,,/Users/jtarrico/ch13_nisar_prelim/data/nisar/gunw/tuolumne/provisional/<track_frame>/NISAR_L2_PR_GUNW_018_106_A_021_019_4000_SH_20260422T130117_20260422T130152_20260504T130117_20260504T130152_P05023_N_F_J_001.h5,Not downloaded; URL recorded from current CMR metadata,G4275804302-ASF,inventory_only; no retrieval role assigned,,MD5,285ebde666e7701e8be85c402efedc1b,2394947584,https://nisar.asf.earthdatacloud.nasa.gov/NISAR/NISAR_L2_GUNW_PROVISIONAL_V1/NISAR_L2_PR_GUNW_018_106_A_021_019_4000_SH_20260422T130117_20260422T130152_20260504T130117_20260504T130152_P05023_N_F_J_001/NISAR_L2_PR_GUNW_018_106_A_021_019_4000_SH_20260422T130117_20260422T130152_20260504T130117_20260504T130152_P05023_N_F_J_001.h5,"Checksum and size are CMR-reported, not locally verified."
2026-09-28T20:26:40Z,NISAR L2 GUNW PROVISIONAL,NASA ASF DAAC / CMR,NISAR L2 Geocoded Unwrapped Interferogram,PROVISIONAL,1.0.11,1,P05023,1.0.11,NISAR_L2_PR_GUNW_018_114_D_069_019_4000_SH_20260423T024752_20260423T024827_20260505T024751_20260505T024826_P05023_N_F_J_001,C2854335566-ASF,G4275827557-ASF,Tuolumne River Basin,T114/F069,DESCENDING,2026-04-23T02:47:52.000000Z,2026-05-05T02:47:51.000000Z,,,,/Users/jtarrico/ch13_nisar_prelim/data/nisar/gunw/tuolumne/provisional/<track_frame>/NISAR_L2_PR_GUNW_018_114_D_069_019_4000_SH_20260423T024752_20260423T024827_20260505T024751_20260505T024826_P05023_N_F_J_001.h5,Not downloaded; URL recorded from current CMR metadata,G4275827557-ASF,inventory_only; no retrieval role assigned,,MD5,0fb52615703d435db3274cc962d94c32,2378170368,https://nisar.asf.earthdatacloud.nasa.gov/NISAR/NISAR_L2_GUNW_PROVISIONAL_V1/NISAR_L2_PR_GUNW_018_114_D_069_019_4000_SH_20260423T024752_20260423T024827_20260505T024751_20260505T024826_P05023_N_F_J_001/NISAR_L2_PR_GUNW_018_114_D_069_019_4000_SH_20260423T024752_20260423T024827_20260505T024751_20260505T024826_P05023_N_F_J_001.h5,"Checksum and size are CMR-reported, not locally verified."
2026-09-28T20:26:40Z,NISAR L2 GUNW PROVISIONAL,NASA ASF DAAC / CMR,NISAR L2 Geocoded Unwrapped Interferogram,PROVISIONAL,1.0.11,1,P05023,1.0.11,NISAR_L2_PR_GUNW_018_114_D_070_019_4000_SH_20260423T024826_20260423T024900_20260505T024825_20260505T024900_P05023_N_F_J_001,C2854335566-ASF,G4275808311-ASF,Tuolumne River Basin,T114/F070,DESCENDING,2026-04-23T02:48:26.000000Z,2026-05-05T02:48:25.000000Z,,,,/Users/jtarrico/ch13_nisar_prelim/data/nisar/gunw/tuolumne/provisional/<track_frame>/NISAR_L2_PR_GUNW_018_114_D_070_019_4000_SH_20260423T024826_20260423T024900_20260505T024825_20260505T024900_P05023_N_F_J_001.h5,Not downloaded; URL recorded from current CMR metadata,G4275808311-ASF,inventory_only; no retrieval role assigned,,MD5,a4ceb537fbf754d61c4039b587e3f003,2378170368,https://nisar.asf.earthdatacloud.nasa.gov/NISAR/NISAR_L2_GUNW_PROVISIONAL_V1/NISAR_L2_PR_GUNW_018_114_D_070_019_4000_SH_20260423T024826_20260423T024900_20260505T024825_20260505T024900_P05023_N_F_J_001/NISAR_L2_PR_GUNW_018_114_D_070_019_4000_SH_20260423T024826_20260423T024900_20260505T024825_20260505T024900_P05023_N_F_J_001.h5,"Checksum and size are CMR-reported, not locally verified."
2026-09-28T20:26:40Z,NISAR L2 GUNW PROVISIONAL,NASA ASF DAAC / CMR,NISAR L2 Geocoded Unwrapped Interferogram,PROVISIONAL,1.0.11,1,P05023,1.0.11,NISAR_L2_PR_GUNW_019_034_A_020_020_4000_SH_20260429T130903_20260429T130937_20260511T130902_20260511T130937_P05023_N_F_J_001,C2854335566-ASF,G4275752441-ASF,Tuolumne River Basin,T034/F020,ASCENDING,2026-04-29T13:09:03.000000Z,2026-05-11T13:09:02.000000Z,,,,/Users/jtarrico/ch13_nisar_prelim/data/nisar/gunw/tuolumne/provisional/<track_frame>/NISAR_L2_PR_GUNW_019_034_A_020_020_4000_SH_20260429T130903_20260429T130937_20260511T130902_20260511T130937_P05023_N_F_J_001.h5,Not downloaded; URL recorded from current CMR metadata,G4275752441-ASF,inventory_only; no retrieval role assigned,,MD5,ba897df014253feb03c4086a3fc7df66,2327838720,https://nisar.asf.earthdatacloud.nasa.gov/NISAR/NISAR_L2_GUNW_PROVISIONAL_V1/NISAR_L2_PR_GUNW_019_034_A_020_020_4000_SH_20260429T130903_20260429T130937_20260511T130902_20260511T130937_P05023_N_F_J_001/NISAR_L2_PR_GUNW_019_034_A_020_020_4000_SH_20260429T130903_20260429T130937_20260511T130902_20260511T130937_P05023_N_F_J_001.h5,"Checksum and size are CMR-reported, not locally verified."
2026-09-28T20:26:40Z,NISAR L2 GUNW PROVISIONAL,NASA ASF DAAC / CMR,NISAR L2 Geocoded Unwrapped Interferogram,PROVISIONAL,1.0.11,1,P05023,1.0.11,NISAR_L2_PR_GUNW_019_034_A_021_020_4000_SH_20260429T130936_20260429T131011_20260511T130936_20260511T131011_P05023_N_F_J_001,C2854335566-ASF,G4275758958-ASF,Tuolumne River Basin,T034/F021,ASCENDING,2026-04-29T13:09:36.000000Z,2026-05-11T13:09:36.000000Z,,,,/Users/jtarrico/ch13_nisar_prelim/data/nisar/gunw/tuolumne/provisional/<track_frame>/NISAR_L2_PR_GUNW_019_034_A_021_020_4000_SH_20260429T130936_20260429T131011_20260511T130936_20260511T131011_P05023_N_F_J_001.h5,Not downloaded; URL recorded from current CMR metadata,G4275758958-ASF,inventory_only; no retrieval role assigned,,MD5,c05b4075c50a0e14d537e3f77304ca57,2373976064,https://nisar.asf.earthdatacloud.nasa.gov/NISAR/NISAR_L2_GUNW_PROVISIONAL_V1/NISAR_L2_PR_GUNW_019_034_A_021_020_4000_SH_20260429T130936_20260429T131011_20260511T130936_20260511T131011_P05023_N_F_J_001/NISAR_L2_PR_GUNW_019_034_A_021_020_4000_SH_20260429T130936_20260429T131011_20260511T130936_20260511T131011_P05023_N_F_J_001.h5,"Checksum and size are CMR-reported, not locally verified."
2026-09-28T20:26:40Z,NISAR L2 GUNW PROVISIONAL,NASA ASF DAAC / CMR,NISAR L2 Geocoded Unwrapped Interferogram,PROVISIONAL,1.0.11,1,P05023,1.0.11,NISAR_L2_PR_GUNW_019_042_D_069_020_4000_SH_20260430T025611_20260430T025646_20260512T025610_20260512T025645_P05023_N_F_J_001,C2854335566-ASF,G4275747788-ASF,Tuolumne River Basin,T042/F069,DESCENDING,2026-04-30T02:56:11.000000Z,2026-05-12T02:56:10.000000Z,,,,/Users/jtarrico/ch13_nisar_prelim/data/nisar/gunw/tuolumne/provisional/<track_frame>/NISAR_L2_PR_GUNW_019_042_D_069_020_4000_SH_20260430T025611_20260430T025646_20260512T025610_20260512T025645_P05023_N_F_J_001.h5,Not downloaded; URL recorded from current CMR metadata,G4275747788-ASF,inventory_only; no retrieval role assigned,,MD5,5e9a984602de0988f467f09552ca919a,2340421632,https://nisar.asf.earthdatacloud.nasa.gov/NISAR/NISAR_L2_GUNW_PROVISIONAL_V1/NISAR_L2_PR_GUNW_019_042_D_069_020_4000_SH_20260430T025611_20260430T025646_20260512T025610_20260512T025645_P05023_N_F_J_001/NISAR_L2_PR_GUNW_019_042_D_069_020_4000_SH_20260430T025611_20260430T025646_20260512T025610_20260512T025645_P05023_N_F_J_001.h5,"Checksum and size are CMR-reported, not locally verified."
2026-09-28T20:26:40Z,NISAR L2 GUNW PROVISIONAL,NASA ASF DAAC / CMR,NISAR L2 Geocoded Unwrapped Interferogram,PROVISIONAL,1.0.11,1,P05023,1.0.11,NISAR_L2_PR_GUNW_019_106_A_021_020_4000_SH_20260504T130117_20260504T130152_20260516T130116_20260516T130151_P05023_N_F_J_001,C2854335566-ASF,G4275755438-ASF,Tuolumne River Basin,T106/F021,ASCENDING,2026-05-04T13:01:17.000000Z,2026-05-16T13:01:16.000000Z,,,,/Users/jtarrico/ch13_nisar_prelim/data/nisar/gunw/tuolumne/provisional/<track_frame>/NISAR_L2_PR_GUNW_019_106_A_021_020_4000_SH_20260504T130117_20260504T130152_20260516T130116_20260516T130151_P05023_N_F_J_001.h5,Not downloaded; URL recorded from current CMR metadata,G4275755438-ASF,inventory_only; no retrieval role assigned,,MD5,bcf66d4188291ee570bbf319b04201a0,2353004544,https://nisar.asf.earthdatacloud.nasa.gov/NISAR/NISAR_L2_GUNW_PROVISIONAL_V1/NISAR_L2_PR_GUNW_019_106_A_021_020_4000_SH_20260504T130117_20260504T130152_20260516T130116_20260516T130151_P05023_N_F_J_001/NISAR_L2_PR_GUNW_019_106_A_021_020_4000_SH_20260504T130117_20260504T130152_20260516T130116_20260516T130151_P05023_N_F_J_001.h5,"Checksum and size are CMR-reported, not locally verified."
2026-09-28T20:26:40Z,NISAR L2 GUNW PROVISIONAL,NASA ASF DAAC / CMR,NISAR L2 Geocoded Unwrapped Interferogram,PROVISIONAL,1.0.11,1,P05023,1.0.11,NISAR_L2_PR_GUNW_019_114_D_069_020_4000_SH_20260505T024751_20260505T024826_20260517T024751_20260517T024826_P05023_N_F_J_001,C2854335566-ASF,G4275799641-ASF,Tuolumne River Basin,T114/F069,DESCENDING,2026-05-05T02:47:51.000000Z,2026-05-17T02:47:51.000000Z,,,,/Users/jtarrico/ch13_nisar_prelim/data/nisar/gunw/tuolumne/provisional/<track_frame>/NISAR_L2_PR_GUNW_019_114_D_069_020_4000_SH_20260505T024751_20260505T024826_20260517T024751_20260517T024826_P05023_N_F_J_001.h5,Not downloaded; URL recorded from current CMR metadata,G4275799641-ASF,inventory_only; no retrieval role assigned,,MD5,e6fd17421a0e41f0046e752e4f98c79a,2478833664,https://nisar.asf.earthdatacloud.nasa.gov/NISAR/NISAR_L2_GUNW_PROVISIONAL_V1/NISAR_L2_PR_GUNW_019_114_D_069_020_4000_SH_20260505T024751_20260505T024826_20260517T024751_20260517T024826_P05023_N_F_J_001/NISAR_L2_PR_GUNW_019_114_D_069_020_4000_SH_20260505T024751_20260505T024826_20260517T024751_20260517T024826_P05023_N_F_J_001.h5,"Checksum and size are CMR-reported, not locally verified."
2026-09-28T20:26:40Z,NISAR L2 GUNW PROVISIONAL,NASA ASF DAAC / CMR,NISAR L2 Geocoded Unwrapped Interferogram,PROVISIONAL,1.0.11,1,P05023,1.0.11,NISAR_L2_PR_GUNW_019_114_D_070_020_4000_SH_20260505T024825_20260505T024900_20260517T024825_20260517T024859_P05023_N_F_J_001,C2854335566-ASF,G4275811506-ASF,Tuolumne River Basin,T114/F070,DESCENDING,2026-05-05T02:48:25.000000Z,2026-05-17T02:48:25.000000Z,,,,/Users/jtarrico/ch13_nisar_prelim/data/nisar/gunw/tuolumne/provisional/<track_frame>/NISAR_L2_PR_GUNW_019_114_D_070_020_4000_SH_20260505T024825_20260505T024900_20260517T024825_20260517T024859_P05023_N_F_J_001.h5,Not downloaded; URL recorded from current CMR metadata,G4275811506-ASF,inventory_only; no retrieval role assigned,,MD5,e58dc918405c2cf6ab57133cce7f50b1,2453667840,https://nisar.asf.earthdatacloud.nasa.gov/NISAR/NISAR_L2_GUNW_PROVISIONAL_V1/NISAR_L2_PR_GUNW_019_114_D_070_020_4000_SH_20260505T024825_20260505T024900_20260517T024825_20260517T024859_P05023_N_F_J_001/NISAR_L2_PR_GUNW_019_114_D_070_020_4000_SH_20260505T024825_20260505T024900_20260517T024825_20260517T024859_P05023_N_F_J_001.h5,"Checksum and size are CMR-reported, not locally verified."
2026-09-28T20:26:40Z,NISAR L2 GUNW PROVISIONAL,NASA ASF DAAC / CMR,NISAR L2 Geocoded Unwrapped Interferogram,PROVISIONAL,1.0.11,1,P05023,1.0.11,NISAR_L2_PR_GUNW_020_034_A_020_021_4000_SH_20260511T130902_20260511T130937_20260523T130901_20260523T130936_P05023_N_F_J_001,C2854335566-ASF,G4275699430-ASF,Tuolumne River Basin,T034/F020,ASCENDING,2026-05-11T13:09:02.000000Z,2026-05-23T13:09:01.000000Z,,,,/Users/jtarrico/ch13_nisar_prelim/data/nisar/gunw/tuolumne/provisional/<track_frame>/NISAR_L2_PR_GUNW_020_034_A_020_021_4000_SH_20260511T130902_20260511T130937_20260523T130901_20260523T130936_P05023_N_F_J_001.h5,Not downloaded; URL recorded from current CMR metadata,G4275699430-ASF,inventory_only; no retrieval role assigned,,MD5,6804e680e6f89099c6844136db0d28fd,2348810240,https://nisar.asf.earthdatacloud.nasa.gov/NISAR/NISAR_L2_GUNW_PROVISIONAL_V1/NISAR_L2_PR_GUNW_020_034_A_020_021_4000_SH_20260511T130902_20260511T130937_20260523T130901_20260523T130936_P05023_N_F_J_001/NISAR_L2_PR_GUNW_020_034_A_020_021_4000_SH_20260511T130902_20260511T130937_20260523T130901_20260523T130936_P05023_N_F_J_001.h5,"Checksum and size are CMR-reported, not locally verified."
2026-09-28T20:26:40Z,NISAR L2 GUNW PROVISIONAL,NASA ASF DAAC / CMR,NISAR L2 Geocoded Unwrapped Interferogram,PROVISIONAL,1.0.11,1,P05023,1.0.11,NISAR_L2_PR_GUNW_020_034_A_021_021_4000_SH_20260511T130936_20260511T131011_20260523T130935_20260523T131010_P05023_N_F_J_001,C2854335566-ASF,G4275716851-ASF,Tuolumne River Basin,T034/F021,ASCENDING,2026-05-11T13:09:36.000000Z,2026-05-23T13:09:35.000000Z,,,,/Users/jtarrico/ch13_nisar_prelim/data/nisar/gunw/tuolumne/provisional/<track_frame>/NISAR_L2_PR_GUNW_020_034_A_021_021_4000_SH_20260511T130936_20260511T131011_20260523T130935_20260523T131010_P05023_N_F_J_001.h5,Not downloaded; URL recorded from current CMR metadata,G4275716851-ASF,inventory_only; no retrieval role assigned,,MD5,b3d9d99d949ee8be4f7559f2d7a7d3f2,2386558976,https://nisar.asf.earthdatacloud.nasa.gov/NISAR/NISAR_L2_GUNW_PROVISIONAL_V1/NISAR_L2_PR_GUNW_020_034_A_021_021_4000_SH_20260511T130936_20260511T131011_20260523T130935_20260523T131010_P05023_N_F_J_001/NISAR_L2_PR_GUNW_020_034_A_021_021_4000_SH_20260511T130936_20260511T131011_20260523T130935_20260523T131010_P05023_N_F_J_001.h5,"Checksum and size are CMR-reported, not locally verified."
2026-09-28T20:26:40Z,NISAR L2 GUNW PROVISIONAL,NASA ASF DAAC / CMR,NISAR L2 Geocoded Unwrapped Interferogram,PROVISIONAL,1.0.11,1,P05023,1.0.11,NISAR_L2_PR_GUNW_020_042_D_069_021_4000_SH_20260512T025610_20260512T025645_20260524T025610_20260524T025644_P05023_N_F_J_001,C2854335566-ASF,G4275713649-ASF,Tuolumne River Basin,T042/F069,DESCENDING,2026-05-12T02:56:10.000000Z,2026-05-24T02:56:10.000000Z,,,,/Users/jtarrico/ch13_nisar_prelim/data/nisar/gunw/tuolumne/provisional/<track_frame>/NISAR_L2_PR_GUNW_020_042_D_069_021_4000_SH_20260512T025610_20260512T025645_20260524T025610_20260524T025644_P05023_N_F_J_001.h5,Not downloaded; URL recorded from current CMR metadata,G4275713649-ASF,inventory_only; no retrieval role assigned,,MD5,18f1284d41934abb740a00d7ad3023c4,2319450112,https://nisar.asf.earthdatacloud.nasa.gov/NISAR/NISAR_L2_GUNW_PROVISIONAL_V1/NISAR_L2_PR_GUNW_020_042_D_069_021_4000_SH_20260512T025610_20260512T025645_20260524T025610_20260524T025644_P05023_N_F_J_001/NISAR_L2_PR_GUNW_020_042_D_069_021_4000_SH_20260512T025610_20260512T025645_20260524T025610_20260524T025644_P05023_N_F_J_001.h5,"Checksum and size are CMR-reported, not locally verified."
2026-09-28T20:26:40Z,NISAR L2 GUNW PROVISIONAL,NASA ASF DAAC / CMR,NISAR L2 Geocoded Unwrapped Interferogram,PROVISIONAL,1.0.11,1,P05023,1.0.11,NISAR_L2_PR_GUNW_020_106_A_021_021_4000_SH_20260516T130116_20260516T130151_20260528T130116_20260528T130150_P05023_N_F_J_001,C2854335566-ASF,G4275778032-ASF,Tuolumne River Basin,T106/F021,ASCENDING,2026-05-16T13:01:16.000000Z,2026-05-28T13:01:16.000000Z,,,,/Users/jtarrico/ch13_nisar_prelim/data/nisar/gunw/tuolumne/provisional/<track_frame>/NISAR_L2_PR_GUNW_020_106_A_021_021_4000_SH_20260516T130116_20260516T130151_20260528T130116_20260528T130150_P05023_N_F_J_001.h5,Not downloaded; URL recorded from current CMR metadata,G4275778032-ASF,inventory_only; no retrieval role assigned,,MD5,358d32e7b10464820da8726849294c7b,2353004544,https://nisar.asf.earthdatacloud.nasa.gov/NISAR/NISAR_L2_GUNW_PROVISIONAL_V1/NISAR_L2_PR_GUNW_020_106_A_021_021_4000_SH_20260516T130116_20260516T130151_20260528T130116_20260528T130150_P05023_N_F_J_001/NISAR_L2_PR_GUNW_020_106_A_021_021_4000_SH_20260516T130116_20260516T130151_20260528T130116_20260528T130150_P05023_N_F_J_001.h5,"Checksum and size are CMR-reported, not locally verified."
2026-09-28T20:26:40Z,NISAR L2 GUNW PROVISIONAL,NASA ASF DAAC / CMR,NISAR L2 Geocoded Unwrapped Interferogram,PROVISIONAL,1.0.11,1,P05023,1.0.11,NISAR_L2_PR_GUNW_020_114_D_069_021_4000_SH_20260517T024751_20260517T024826_20260529T024750_20260529T024825_P05023_N_F_J_001,C2854335566-ASF,G4275790018-ASF,Tuolumne River Basin,T114/F069,DESCENDING,2026-05-17T02:47:51.000000Z,2026-05-29T02:47:50.000000Z,,,,/Users/jtarrico/ch13_nisar_prelim/data/nisar/gunw/tuolumne/provisional/<track_frame>/NISAR_L2_PR_GUNW_020_114_D_069_021_4000_SH_20260517T024751_20260517T024826_20260529T024750_20260529T024825_P05023_N_F_J_001.h5,Not downloaded; URL recorded from current CMR metadata,G4275790018-ASF,inventory_only; no retrieval role assigned,,MD5,2e07e31f9118e81e8c3bf1dbc2e8f818,2487222272,https://nisar.asf.earthdatacloud.nasa.gov/NISAR/NISAR_L2_GUNW_PROVISIONAL_V1/NISAR_L2_PR_GUNW_020_114_D_069_021_4000_SH_20260517T024751_20260517T024826_20260529T024750_20260529T024825_P05023_N_F_J_001/NISAR_L2_PR_GUNW_020_114_D_069_021_4000_SH_20260517T024751_20260517T024826_20260529T024750_20260529T024825_P05023_N_F_J_001.h5,"Checksum and size are CMR-reported, not locally verified."
2026-09-28T20:26:40Z,NISAR L2 GUNW PROVISIONAL,NASA ASF DAAC / CMR,NISAR L2 Geocoded Unwrapped Interferogram,PROVISIONAL,1.0.11,1,P05023,1.0.11,NISAR_L2_PR_GUNW_020_114_D_070_021_4000_SH_20260517T024825_20260517T024859_20260529T024824_20260529T024859_P05023_N_F_J_001,C2854335566-ASF,G4275754812-ASF,Tuolumne River Basin,T114/F070,DESCENDING,2026-05-17T02:48:25.000000Z,2026-05-29T02:48:24.000000Z,,,,/Users/jtarrico/ch13_nisar_prelim/data/nisar/gunw/tuolumne/provisional/<track_frame>/NISAR_L2_PR_GUNW_020_114_D_070_021_4000_SH_20260517T024825_20260517T024859_20260529T024824_20260529T024859_P05023_N_F_J_001.h5,Not downloaded; URL recorded from current CMR metadata,G4275754812-ASF,inventory_only; no retrieval role assigned,,MD5,119c5fa4456272f17f5472e1bae724bc,2457862144,https://nisar.asf.earthdatacloud.nasa.gov/NISAR/NISAR_L2_GUNW_PROVISIONAL_V1/NISAR_L2_PR_GUNW_020_114_D_070_021_4000_SH_20260517T024825_20260517T024859_20260529T024824_20260529T024859_P05023_N_F_J_001/NISAR_L2_PR_GUNW_020_114_D_070_021_4000_SH_20260517T024825_20260517T024859_20260529T024824_20260529T024859_P05023_N_F_J_001.h5,"Checksum and size are CMR-reported, not locally verified."
2026-09-28T20:26:40Z,NISAR L2 GUNW PROVISIONAL,NASA ASF DAAC / CMR,NISAR L2 Geocoded Unwrapped Interferogram,PROVISIONAL,1.0.11,1,P05023,1.0.11,NISAR_L2_PR_GUNW_021_034_A_020_022_4000_SH_20260523T130901_20260523T130936_20260604T130901_20260604T130935_P05023_N_F_J_001,C2854335566-ASF,G4275713664-ASF,Tuolumne River Basin,T034/F020,ASCENDING,2026-05-23T13:09:01.000000Z,2026-06-04T13:09:01.000000Z,,,,/Users/jtarrico/ch13_nisar_prelim/data/nisar/gunw/tuolumne/provisional/<track_frame>/NISAR_L2_PR_GUNW_021_034_A_020_022_4000_SH_20260523T130901_20260523T130936_20260604T130901_20260604T130935_P05023_N_F_J_001.h5,Not downloaded; URL recorded from current CMR metadata,G4275713664-ASF,inventory_only; no retrieval role assigned,,MD5,a3e204d669d99b6c76518c5f23228bb3,2323644416,https://nisar.asf.earthdatacloud.nasa.gov/NISAR/NISAR_L2_GUNW_PROVISIONAL_V1/NISAR_L2_PR_GUNW_021_034_A_020_022_4000_SH_20260523T130901_20260523T130936_20260604T130901_20260604T130935_P05023_N_F_J_001/NISAR_L2_PR_GUNW_021_034_A_020_022_4000_SH_20260523T130901_20260523T130936_20260604T130901_20260604T130935_P05023_N_F_J_001.h5,"Checksum and size are CMR-reported, not locally verified."
2026-09-28T20:26:40Z,NISAR L2 GUNW PROVISIONAL,NASA ASF DAAC / CMR,NISAR L2 Geocoded Unwrapped Interferogram,PROVISIONAL,1.0.11,1,P05023,1.0.11,NISAR_L2_PR_GUNW_021_034_A_021_022_4000_SH_20260523T130935_20260523T131010_20260604T130934_20260604T131009_P05023_N_F_J_001,C2854335566-ASF,G4275718414-ASF,Tuolumne River Basin,T034/F021,ASCENDING,2026-05-23T13:09:35.000000Z,2026-06-04T13:09:34.000000Z,,,,/Users/jtarrico/ch13_nisar_prelim/data/nisar/gunw/tuolumne/provisional/<track_frame>/NISAR_L2_PR_GUNW_021_034_A_021_022_4000_SH_20260523T130935_20260523T131010_20260604T130934_20260604T131009_P05023_N_F_J_001.h5,Not downloaded; URL recorded from current CMR metadata,G4275718414-ASF,inventory_only; no retrieval role assigned,,MD5,0a599d43618f510f01d991ab01bbc476,2378170368,https://nisar.asf.earthdatacloud.nasa.gov/NISAR/NISAR_L2_GUNW_PROVISIONAL_V1/NISAR_L2_PR_GUNW_021_034_A_021_022_4000_SH_20260523T130935_20260523T131010_20260604T130934_20260604T131009_P05023_N_F_J_001/NISAR_L2_PR_GUNW_021_034_A_021_022_4000_SH_20260523T130935_20260523T131010_20260604T130934_20260604T131009_P05023_N_F_J_001.h5,"Checksum and size are CMR-reported, not locally verified."
2026-09-28T20:26:40Z,NISAR L2 GUNW PROVISIONAL,NASA ASF DAAC / CMR,NISAR L2 Geocoded Unwrapped Interferogram,PROVISIONAL,1.0.11,1,P05023,1.0.11,NISAR_L2_PR_GUNW_021_042_D_069_022_4000_SH_20260524T025610_20260524T025644_20260605T025609_20260605T025644_P05023_N_F_J_001,C2854335566-ASF,G4275710422-ASF,Tuolumne River Basin,T042/F069,DESCENDING,2026-05-24T02:56:10.000000Z,2026-06-05T02:56:09.000000Z,,,,/Users/jtarrico/ch13_nisar_prelim/data/nisar/gunw/tuolumne/provisional/<track_frame>/NISAR_L2_PR_GUNW_021_042_D_069_022_4000_SH_20260524T025610_20260524T025644_20260605T025609_20260605T025644_P05023_N_F_J_001.h5,Not downloaded; URL recorded from current CMR metadata,G4275710422-ASF,inventory_only; no retrieval role assigned,,MD5,a9db141bd028b9c5fcf3271eeb43c831,2315255808,https://nisar.asf.earthdatacloud.nasa.gov/NISAR/NISAR_L2_GUNW_PROVISIONAL_V1/NISAR_L2_PR_GUNW_021_042_D_069_022_4000_SH_20260524T025610_20260524T025644_20260605T025609_20260605T025644_P05023_N_F_J_001/NISAR_L2_PR_GUNW_021_042_D_069_022_4000_SH_20260524T025610_20260524T025644_20260605T025609_20260605T025644_P05023_N_F_J_001.h5,"Checksum and size are CMR-reported, not locally verified."
2026-09-28T20:26:40Z,NISAR L2 GUNW PROVISIONAL,NASA ASF DAAC / CMR,NISAR L2 Geocoded Unwrapped Interferogram,PROVISIONAL,1.0.11,1,P05023,1.0.11,NISAR_L2_PR_GUNW_021_106_A_021_022_4000_SH_20260528T130116_20260528T130150_20260609T130115_20260609T130150_P05023_N_F_J_001,C2854335566-ASF,G4275711914-ASF,Tuolumne River Basin,T106/F021,ASCENDING,2026-05-28T13:01:16.000000Z,2026-06-09T13:01:15.000000Z,,,,/Users/jtarrico/ch13_nisar_prelim/data/nisar/gunw/tuolumne/provisional/<track_frame>/NISAR_L2_PR_GUNW_021_106_A_021_022_4000_SH_20260528T130116_20260528T130150_20260609T130115_20260609T130150_P05023_N_F_J_001.h5,Not downloaded; URL recorded from current CMR metadata,G4275711914-ASF,inventory_only; no retrieval role assigned,,MD5,048a2d65209bee042875de54f4ca3406,2357198848,https://nisar.asf.earthdatacloud.nasa.gov/NISAR/NISAR_L2_GUNW_PROVISIONAL_V1/NISAR_L2_PR_GUNW_021_106_A_021_022_4000_SH_20260528T130116_20260528T130150_20260609T130115_20260609T130150_P05023_N_F_J_001/NISAR_L2_PR_GUNW_021_106_A_021_022_4000_SH_20260528T130116_20260528T130150_20260609T130115_20260609T130150_P05023_N_F_J_001.h5,"Checksum and size are CMR-reported, not locally verified."
2026-09-28T20:26:40Z,NISAR L2 GUNW PROVISIONAL,NASA ASF DAAC / CMR,NISAR L2 Geocoded Unwrapped Interferogram,PROVISIONAL,1.0.11,1,P05023,1.0.11,NISAR_L2_PR_GUNW_021_114_D_069_022_4000_SH_20260529T024750_20260529T024825_20260610T024749_20260610T024824_P05023_N_F_J_001,C2854335566-ASF,G4275776484-ASF,Tuolumne River Basin,T114/F069,DESCENDING,2026-05-29T02:47:50.000000Z,2026-06-10T02:47:49.000000Z,,,,/Users/jtarrico/ch13_nisar_prelim/data/nisar/gunw/tuolumne/provisional/<track_frame>/NISAR_L2_PR_GUNW_021_114_D_069_022_4000_SH_20260529T024750_20260529T024825_20260610T024749_20260610T024824_P05023_N_F_J_001.h5,Not downloaded; URL recorded from current CMR metadata,G4275776484-ASF,inventory_only; no retrieval role assigned,,MD5,d90898cb0e3fa86d34951084295c5010,2407530496,https://nisar.asf.earthdatacloud.nasa.gov/NISAR/NISAR_L2_GUNW_PROVISIONAL_V1/NISAR_L2_PR_GUNW_021_114_D_069_022_4000_SH_20260529T024750_20260529T024825_20260610T024749_20260610T024824_P05023_N_F_J_001/NISAR_L2_PR_GUNW_021_114_D_069_022_4000_SH_20260529T024750_20260529T024825_20260610T024749_20260610T024824_P05023_N_F_J_001.h5,"Checksum and size are CMR-reported, not locally verified."
2026-09-28T20:26:40Z,NISAR L2 GUNW PROVISIONAL,NASA ASF DAAC / CMR,NISAR L2 Geocoded Unwrapped Interferogram,PROVISIONAL,1.0.11,1,P05023,1.0.11,NISAR_L2_PR_GUNW_021_114_D_070_022_4000_SH_20260529T024824_20260529T024859_20260610T024823_20260610T024858_P05023_N_F_J_001,C2854335566-ASF,G4275716936-ASF,Tuolumne River Basin,T114/F070,DESCENDING,2026-05-29T02:48:24.000000Z,2026-06-10T02:48:23.000000Z,,,,/Users/jtarrico/ch13_nisar_prelim/data/nisar/gunw/tuolumne/provisional/<track_frame>/NISAR_L2_PR_GUNW_021_114_D_070_022_4000_SH_20260529T024824_20260529T024859_20260610T024823_20260610T024858_P05023_N_F_J_001.h5,Not downloaded; URL recorded from current CMR metadata,G4275716936-ASF,inventory_only; no retrieval role assigned,,MD5,e18e80abcc87649f31f45f303f5666f8,2424307712,https://nisar.asf.earthdatacloud.nasa.gov/NISAR/NISAR_L2_GUNW_PROVISIONAL_V1/NISAR_L2_PR_GUNW_021_114_D_070_022_4000_SH_20260529T024824_20260529T024859_20260610T024823_20260610T024858_P05023_N_F_J_001/NISAR_L2_PR_GUNW_021_114_D_070_022_4000_SH_20260529T024824_20260529T024859_20260610T024823_20260610T024858_P05023_N_F_J_001.h5,"Checksum and size are CMR-reported, not locally verified."
2026-09-28T20:26:40Z,NISAR L2 GUNW PROVISIONAL,NASA ASF DAAC / CMR,NISAR L2 Geocoded Unwrapped Interferogram,PROVISIONAL,1.0.11,1,P05023,1.0.11,NISAR_L2_PR_GUNW_022_034_A_020_023_4000_SH_20260604T130901_20260604T130935_20260616T130900_20260616T130935_P05023_N_F_J_001,C2854335566-ASF,G4276275045-ASF,Tuolumne River Basin,T034/F020,ASCENDING,2026-06-04T13:09:01.000000Z,2026-06-16T13:09:00.000000Z,,,,/Users/jtarrico/ch13_nisar_prelim/data/nisar/gunw/tuolumne/provisional/<track_frame>/NISAR_L2_PR_GUNW_022_034_A_020_023_4000_SH_20260604T130901_20260604T130935_20260616T130900_20260616T130935_P05023_N_F_J_001.h5,Not downloaded; URL recorded from current CMR metadata,G4276275045-ASF,inventory_only; no retrieval role assigned,,MD5,73e4cd9add476e855b9fc7b5f7812e75,2306867200,https://nisar.asf.earthdatacloud.nasa.gov/NISAR/NISAR_L2_GUNW_PROVISIONAL_V1/NISAR_L2_PR_GUNW_022_034_A_020_023_4000_SH_20260604T130901_20260604T130935_20260616T130900_20260616T130935_P05023_N_F_J_001/NISAR_L2_PR_GUNW_022_034_A_020_023_4000_SH_20260604T130901_20260604T130935_20260616T130900_20260616T130935_P05023_N_F_J_001.h5,"Checksum and size are CMR-reported, not locally verified."
2026-09-28T20:26:40Z,NISAR L2 GUNW PROVISIONAL,NASA ASF DAAC / CMR,NISAR L2 Geocoded Unwrapped Interferogram,PROVISIONAL,1.0.11,1,P05023,1.0.11,NISAR_L2_PR_GUNW_022_034_A_021_023_4000_SH_20260604T130934_20260604T131009_20260616T130934_20260616T131008_P05023_N_F_J_001,C2854335566-ASF,G4276282689-ASF,Tuolumne River Basin,T034/F021,ASCENDING,2026-06-04T13:09:34.000000Z,2026-06-16T13:09:34.000000Z,,,,/Users/jtarrico/ch13_nisar_prelim/data/nisar/gunw/tuolumne/provisional/<track_frame>/NISAR_L2_PR_GUNW_022_034_A_021_023_4000_SH_20260604T130934_20260604T131009_20260616T130934_20260616T131008_P05023_N_F_J_001.h5,Not downloaded; URL recorded from current CMR metadata,G4276282689-ASF,inventory_only; no retrieval role assigned,,MD5,e4b900a508fda28bc41ee0fb3171fe19,2344615936,https://nisar.asf.earthdatacloud.nasa.gov/NISAR/NISAR_L2_GUNW_PROVISIONAL_V1/NISAR_L2_PR_GUNW_022_034_A_021_023_4000_SH_20260604T130934_20260604T131009_20260616T130934_20260616T131008_P05023_N_F_J_001/NISAR_L2_PR_GUNW_022_034_A_021_023_4000_SH_20260604T130934_20260604T131009_20260616T130934_20260616T131008_P05023_N_F_J_001.h5,"Checksum and size are CMR-reported, not locally verified."
2026-09-28T20:26:40Z,NISAR L2 GUNW PROVISIONAL,NASA ASF DAAC / CMR,NISAR L2 Geocoded Unwrapped Interferogram,PROVISIONAL,1.0.11,1,P05023,1.0.11,NISAR_L2_PR_GUNW_022_042_D_069_023_4000_SH_20260605T025609_20260605T025644_20260617T025608_20260617T025643_P05023_F_F_J_001,C2854335566-ASF,G4276282666-ASF,Tuolumne River Basin,T042/F069,DESCENDING,2026-06-05T02:56:09.000000Z,2026-06-17T02:56:08.000000Z,,,,/Users/jtarrico/ch13_nisar_prelim/data/nisar/gunw/tuolumne/provisional/<track_frame>/NISAR_L2_PR_GUNW_022_042_D_069_023_4000_SH_20260605T025609_20260605T025644_20260617T025608_20260617T025643_P05023_F_F_J_001.h5,Not downloaded; URL recorded from current CMR metadata,G4276282666-ASF,inventory_only; no retrieval role assigned,,MD5,70442b9a669bbd8dbd7477c7a18d7294,2348810240,https://nisar.asf.earthdatacloud.nasa.gov/NISAR/NISAR_L2_GUNW_PROVISIONAL_V1/NISAR_L2_PR_GUNW_022_042_D_069_023_4000_SH_20260605T025609_20260605T025644_20260617T025608_20260617T025643_P05023_F_F_J_001/NISAR_L2_PR_GUNW_022_042_D_069_023_4000_SH_20260605T025609_20260605T025644_20260617T025608_20260617T025643_P05023_F_F_J_001.h5,"Checksum and size are CMR-reported, not locally verified."
2026-09-28T20:26:40Z,NISAR L2 GUNW PROVISIONAL,NASA ASF DAAC / CMR,NISAR L2 Geocoded Unwrapped Interferogram,PROVISIONAL,1.0.11,1,P05023,1.0.11,NISAR_L2_PR_GUNW_022_106_A_021_023_4000_SH_20260609T130115_20260609T130150_20260621T130114_20260621T130149_P05023_N_F_J_001,C2854335566-ASF,G4276274462-ASF,Tuolumne River Basin,T106/F021,ASCENDING,2026-06-09T13:01:15.000000Z,2026-06-21T13:01:14.000000Z,,,,/Users/jtarrico/ch13_nisar_prelim/data/nisar/gunw/tuolumne/provisional/<track_frame>/NISAR_L2_PR_GUNW_022_106_A_021_023_4000_SH_20260609T130115_20260609T130150_20260621T130114_20260621T130149_P05023_N_F_J_001.h5,Not downloaded; URL recorded from current CMR metadata,G4276274462-ASF,inventory_only; no retrieval role assigned,,MD5,11fc0a06237c05ddb3060fcbb7da6f8c,2369781760,https://nisar.asf.earthdatacloud.nasa.gov/NISAR/NISAR_L2_GUNW_PROVISIONAL_V1/NISAR_L2_PR_GUNW_022_106_A_021_023_4000_SH_20260609T130115_20260609T130150_20260621T130114_20260621T130149_P05023_N_F_J_001/NISAR_L2_PR_GUNW_022_106_A_021_023_4000_SH_20260609T130115_20260609T130150_20260621T130114_20260621T130149_P05023_N_F_J_001.h5,"Checksum and size are CMR-reported, not locally verified."
2026-09-28T20:26:40Z,NISAR L2 GUNW PROVISIONAL,NASA ASF DAAC / CMR,NISAR L2 Geocoded Unwrapped Interferogram,PROVISIONAL,1.0.11,1,P05023,1.0.11,NISAR_L2_PR_GUNW_022_114_D_069_023_4000_SH_20260610T024749_20260610T024824_20260622T024749_20260622T024824_P05023_N_F_J_001,C2854335566-ASF,G4276297331-ASF,Tuolumne River Basin,T114/F069,DESCENDING,2026-06-10T02:47:49.000000Z,2026-06-22T02:47:49.000000Z,,,,/Users/jtarrico/ch13_nisar_prelim/data/nisar/gunw/tuolumne/provisional/<track_frame>/NISAR_L2_PR_GUNW_022_114_D_069_023_4000_SH_20260610T024749_20260610T024824_20260622T024749_20260622T024824_P05023_N_F_J_001.h5,Not downloaded; URL recorded from current CMR metadata,G4276297331-ASF,inventory_only; no retrieval role assigned,,MD5,638c681c80f0484c471d46ea4276a89c,2344615936,https://nisar.asf.earthdatacloud.nasa.gov/NISAR/NISAR_L2_GUNW_PROVISIONAL_V1/NISAR_L2_PR_GUNW_022_114_D_069_023_4000_SH_20260610T024749_20260610T024824_20260622T024749_20260622T024824_P05023_N_F_J_001/NISAR_L2_PR_GUNW_022_114_D_069_023_4000_SH_20260610T024749_20260610T024824_20260622T024749_20260622T024824_P05023_N_F_J_001.h5,"Checksum and size are CMR-reported, not locally verified."
2026-09-28T20:26:40Z,NISAR L2 GUNW PROVISIONAL,NASA ASF DAAC / CMR,NISAR L2 Geocoded Unwrapped Interferogram,PROVISIONAL,1.0.11,1,P05023,1.0.11,NISAR_L2_PR_GUNW_022_114_D_070_023_4000_SH_20260610T024823_20260610T024858_20260622T024823_20260622T024857_P05023_N_F_J_001,C2854335566-ASF,G4276299251-ASF,Tuolumne River Basin,T114/F070,DESCENDING,2026-06-10T02:48:23.000000Z,2026-06-22T02:48:23.000000Z,,,,/Users/jtarrico/ch13_nisar_prelim/data/nisar/gunw/tuolumne/provisional/<track_frame>/NISAR_L2_PR_GUNW_022_114_D_070_023_4000_SH_20260610T024823_20260610T024858_20260622T024823_20260622T024857_P05023_N_F_J_001.h5,Not downloaded; URL recorded from current CMR metadata,G4276299251-ASF,inventory_only; no retrieval role assigned,,MD5,f2d0c008768b960009afa669bfc665b4,2361393152,https://nisar.asf.earthdatacloud.nasa.gov/NISAR/NISAR_L2_GUNW_PROVISIONAL_V1/NISAR_L2_PR_GUNW_022_114_D_070_023_4000_SH_20260610T024823_20260610T024858_20260622T024823_20260622T024857_P05023_N_F_J_001/NISAR_L2_PR_GUNW_022_114_D_070_023_4000_SH_20260610T024823_20260610T024858_20260622T024823_20260622T024857_P05023_N_F_J_001.h5,"Checksum and size are CMR-reported, not locally verified."
2026-09-28T20:26:40Z,NISAR L2 GUNW PROVISIONAL,NASA ASF DAAC / CMR,NISAR L2 Geocoded Unwrapped Interferogram,PROVISIONAL,1.0.11,1,P05023,1.0.11,NISAR_L2_PR_GUNW_023_034_A_020_024_4000_SH_20260616T130900_20260616T130935_20260628T130859_20260628T130934_P05023_N_F_J_001,C2854335566-ASF,G4276343912-ASF,Tuolumne River Basin,T034/F020,ASCENDING,2026-06-16T13:09:00.000000Z,2026-06-28T13:08:59.000000Z,,,,/Users/jtarrico/ch13_nisar_prelim/data/nisar/gunw/tuolumne/provisional/<track_frame>/NISAR_L2_PR_GUNW_023_034_A_020_024_4000_SH_20260616T130900_20260616T130935_20260628T130859_20260628T130934_P05023_N_F_J_001.h5,Not downloaded; URL recorded from current CMR metadata,G4276343912-ASF,inventory_only; no retrieval role assigned,,MD5,d3e13c6226aa3a3c7fea07c85a5dfed7,2336227328,https://nisar.asf.earthdatacloud.nasa.gov/NISAR/NISAR_L2_GUNW_PROVISIONAL_V1/NISAR_L2_PR_GUNW_023_034_A_020_024_4000_SH_20260616T130900_20260616T130935_20260628T130859_20260628T130934_P05023_N_F_J_001/NISAR_L2_PR_GUNW_023_034_A_020_024_4000_SH_20260616T130900_20260616T130935_20260628T130859_20260628T130934_P05023_N_F_J_001.h5,"Checksum and size are CMR-reported, not locally verified."
2026-09-28T20:26:40Z,NISAR L2 GUNW PROVISIONAL,NASA ASF DAAC / CMR,NISAR L2 Geocoded Unwrapped Interferogram,PROVISIONAL,1.0.11,1,P05023,1.0.11,NISAR_L2_PR_GUNW_023_034_A_021_024_4000_SH_20260616T130934_20260616T131008_20260628T130933_20260628T131008_P05023_N_F_J_001,C2854335566-ASF,G4276337125-ASF,Tuolumne River Basin,T034/F021,ASCENDING,2026-06-16T13:09:34.000000Z,2026-06-28T13:09:33.000000Z,,,,/Users/jtarrico/ch13_nisar_prelim/data/nisar/gunw/tuolumne/provisional/<track_frame>/NISAR_L2_PR_GUNW_023_034_A_021_024_4000_SH_20260616T130934_20260616T131008_20260628T130933_20260628T131008_P05023_N_F_J_001.h5,Not downloaded; URL recorded from current CMR metadata,G4276337125-ASF,inventory_only; no retrieval role assigned,,MD5,10a217004a8db58f4ae3ce4abfe0f215,2336227328,https://nisar.asf.earthdatacloud.nasa.gov/NISAR/NISAR_L2_GUNW_PROVISIONAL_V1/NISAR_L2_PR_GUNW_023_034_A_021_024_4000_SH_20260616T130934_20260616T131008_20260628T130933_20260628T131008_P05023_N_F_J_001/NISAR_L2_PR_GUNW_023_034_A_021_024_4000_SH_20260616T130934_20260616T131008_20260628T130933_20260628T131008_P05023_N_F_J_001.h5,"Checksum and size are CMR-reported, not locally verified."
2026-09-28T20:26:40Z,NISAR L2 GUNW PROVISIONAL,NASA ASF DAAC / CMR,NISAR L2 Geocoded Unwrapped Interferogram,PROVISIONAL,1.0.11,1,P05023,1.0.11,NISAR_L2_PR_GUNW_023_114_D_070_024_4000_SH_20260622T024823_20260622T024857_20260704T024822_20260704T024857_P05023_N_F_J_001,C2854335566-ASF,G4251317025-ASF,Tuolumne River Basin,T114/F070,DESCENDING,2026-06-22T02:48:23.000000Z,2026-07-04T02:48:22.000000Z,,,,/Users/jtarrico/ch13_nisar_prelim/data/nisar/gunw/tuolumne/provisional/<track_frame>/NISAR_L2_PR_GUNW_023_114_D_070_024_4000_SH_20260622T024823_20260622T024857_20260704T024822_20260704T024857_P05023_N_F_J_001.h5,Not downloaded; URL recorded from current CMR metadata,G4251317025-ASF,inventory_only; no retrieval role assigned,,MD5,01a0034104826c0c5a7cf2437761a620,2353004544,https://nisar.asf.earthdatacloud.nasa.gov/NISAR/NISAR_L2_GUNW_PROVISIONAL_V1/NISAR_L2_PR_GUNW_023_114_D_070_024_4000_SH_20260622T024823_20260622T024857_20260704T024822_20260704T024857_P05023_N_F_J_001/NISAR_L2_PR_GUNW_023_114_D_070_024_4000_SH_20260622T024823_20260622T024857_20260704T024822_20260704T024857_P05023_N_F_J_001.h5,"Checksum and size are CMR-reported, not locally verified."
2026-09-28T20:26:40Z,NISAR L2 GUNW PROVISIONAL,NASA ASF DAAC / CMR,NISAR L2 Geocoded Unwrapped Interferogram,PROVISIONAL,1.0.11,1,P05023,1.0.11,NISAR_L2_PR_GUNW_024_034_A_020_025_4000_SH_20260628T130859_20260628T130934_20260710T130859_20260710T130933_P05023_N_F_J_001,C2854335566-ASF,G4249334944-ASF,Tuolumne River Basin,T034/F020,ASCENDING,2026-06-28T13:08:59.000000Z,2026-07-10T13:08:59.000000Z,,,,/Users/jtarrico/ch13_nisar_prelim/data/nisar/gunw/tuolumne/provisional/<track_frame>/NISAR_L2_PR_GUNW_024_034_A_020_025_4000_SH_20260628T130859_20260628T130934_20260710T130859_20260710T130933_P05023_N_F_J_001.h5,Not downloaded; URL recorded from current CMR metadata,G4249334944-ASF,inventory_only; no retrieval role assigned,,MD5,9143e3793d8ce199d10d7a2753f2c8e2,2298478592,https://nisar.asf.earthdatacloud.nasa.gov/NISAR/NISAR_L2_GUNW_PROVISIONAL_V1/NISAR_L2_PR_GUNW_024_034_A_020_025_4000_SH_20260628T130859_20260628T130934_20260710T130859_20260710T130933_P05023_N_F_J_001/NISAR_L2_PR_GUNW_024_034_A_020_025_4000_SH_20260628T130859_20260628T130934_20260710T130859_20260710T130933_P05023_N_F_J_001.h5,"Checksum and size are CMR-reported, not locally verified."
2026-09-28T20:26:40Z,NISAR L2 GUNW PROVISIONAL,NASA ASF DAAC / CMR,NISAR L2 Geocoded Unwrapped Interferogram,PROVISIONAL,1.0.11,1,P05023,1.0.11,NISAR_L2_PR_GUNW_024_034_A_021_025_4000_SH_20260628T130933_20260628T131008_20260710T130932_20260710T131007_P05023_N_F_J_001,C2854335566-ASF,G4248907450-ASF,Tuolumne River Basin,T034/F021,ASCENDING,2026-06-28T13:09:33.000000Z,2026-07-10T13:09:32.000000Z,,,,/Users/jtarrico/ch13_nisar_prelim/data/nisar/gunw/tuolumne/provisional/<track_frame>/NISAR_L2_PR_GUNW_024_034_A_021_025_4000_SH_20260628T130933_20260628T131008_20260710T130932_20260710T131007_P05023_N_F_J_001.h5,Not downloaded; URL recorded from current CMR metadata,G4248907450-ASF,inventory_only; no retrieval role assigned,,MD5,f1c57820f3b99053880d1a113dbe3195,2353004544,https://nisar.asf.earthdatacloud.nasa.gov/NISAR/NISAR_L2_GUNW_PROVISIONAL_V1/NISAR_L2_PR_GUNW_024_034_A_021_025_4000_SH_20260628T130933_20260628T131008_20260710T130932_20260710T131007_P05023_N_F_J_001/NISAR_L2_PR_GUNW_024_034_A_021_025_4000_SH_20260628T130933_20260628T131008_20260710T130932_20260710T131007_P05023_N_F_J_001.h5,"Checksum and size are CMR-reported, not locally verified."
2026-09-28T20:26:40Z,NISAR L2 GUNW PROVISIONAL,NASA ASF DAAC / CMR,NISAR L2 Geocoded Unwrapped Interferogram,PROVISIONAL,1.0.11,1,P05023,1.0.11,NISAR_L2_PR_GUNW_024_042_D_069_025_4000_SH_20260629T025607_20260629T025642_20260711T025607_20260711T025642_P05023_N_F_J_001,C2854335566-ASF,G4248913258-ASF,Tuolumne River Basin,T042/F069,DESCENDING,2026-06-29T02:56:07.000000Z,2026-07-11T02:56:07.000000Z,,,,/Users/jtarrico/ch13_nisar_prelim/data/nisar/gunw/tuolumne/provisional/<track_frame>/NISAR_L2_PR_GUNW_024_042_D_069_025_4000_SH_20260629T025607_20260629T025642_20260711T025607_20260711T025642_P05023_N_F_J_001.h5,Not downloaded; URL recorded from current CMR metadata,G4248913258-ASF,inventory_only; no retrieval role assigned,,MD5,50ddcfd95a11702d40305bd2f9cfc457,2327838720,https://nisar.asf.earthdatacloud.nasa.gov/NISAR/NISAR_L2_GUNW_PROVISIONAL_V1/NISAR_L2_PR_GUNW_024_042_D_069_025_4000_SH_20260629T025607_20260629T025642_20260711T025607_20260711T025642_P05023_N_F_J_001/NISAR_L2_PR_GUNW_024_042_D_069_025_4000_SH_20260629T025607_20260629T025642_20260711T025607_20260711T025642_P05023_N_F_J_001.h5,"Checksum and size are CMR-reported, not locally verified."
2026-09-28T20:26:40Z,NISAR L2 GUNW PROVISIONAL,NASA ASF DAAC / CMR,NISAR L2 Geocoded Unwrapped Interferogram,PROVISIONAL,1.0.11,1,P05023,1.0.11,NISAR_L2_PR_GUNW_024_106_A_021_025_4000_SH_20260703T130114_20260703T130148_20260715T130113_20260715T130148_P05023_N_F_J_001,C2854335566-ASF,G4257584284-ASF,Tuolumne River Basin,T106/F021,ASCENDING,2026-07-03T13:01:14.000000Z,2026-07-15T13:01:13.000000Z,,,,/Users/jtarrico/ch13_nisar_prelim/data/nisar/gunw/tuolumne/provisional/<track_frame>/NISAR_L2_PR_GUNW_024_106_A_021_025_4000_SH_20260703T130114_20260703T130148_20260715T130113_20260715T130148_P05023_N_F_J_001.h5,Not downloaded; URL recorded from current CMR metadata,G4257584284-ASF,inventory_only; no retrieval role assigned,,MD5,1a32102049cfd953354b761f42f7f0be,2332033024,https://nisar.asf.earthdatacloud.nasa.gov/NISAR/NISAR_L2_GUNW_PROVISIONAL_V1/NISAR_L2_PR_GUNW_024_106_A_021_025_4000_SH_20260703T130114_20260703T130148_20260715T130113_20260715T130148_P05023_N_F_J_001/NISAR_L2_PR_GUNW_024_106_A_021_025_4000_SH_20260703T130114_20260703T130148_20260715T130113_20260715T130148_P05023_N_F_J_001.h5,"Checksum and size are CMR-reported, not locally verified."
2026-09-28T20:26:40Z,NISAR L2 GUNW PROVISIONAL,NASA ASF DAAC / CMR,NISAR L2 Geocoded Unwrapped Interferogram,PROVISIONAL,1.0.11,1,P05023,1.0.11,NISAR_L2_PR_GUNW_024_114_D_069_025_4000_SH_20260704T024748_20260704T024823_20260716T024747_20260716T024822_P05023_N_F_J_001,C2854335566-ASF,G4257585215-ASF,Tuolumne River Basin,T114/F069,DESCENDING,2026-07-04T02:47:48.000000Z,2026-07-16T02:47:47.000000Z,,,,/Users/jtarrico/ch13_nisar_prelim/data/nisar/gunw/tuolumne/provisional/<track_frame>/NISAR_L2_PR_GUNW_024_114_D_069_025_4000_SH_20260704T024748_20260704T024823_20260716T024747_20260716T024822_P05023_N_F_J_001.h5,Not downloaded; URL recorded from current CMR metadata,G4257585215-ASF,inventory_only; no retrieval role assigned,,MD5,50464760d6146c06e6a8dd705f2e40c5,2365587456,https://nisar.asf.earthdatacloud.nasa.gov/NISAR/NISAR_L2_GUNW_PROVISIONAL_V1/NISAR_L2_PR_GUNW_024_114_D_069_025_4000_SH_20260704T024748_20260704T024823_20260716T024747_20260716T024822_P05023_N_F_J_001/NISAR_L2_PR_GUNW_024_114_D_069_025_4000_SH_20260704T024748_20260704T024823_20260716T024747_20260716T024822_P05023_N_F_J_001.h5,"Checksum and size are CMR-reported, not locally verified."
2026-09-28T20:26:40Z,NISAR L2 GUNW PROVISIONAL,NASA ASF DAAC / CMR,NISAR L2 Geocoded Unwrapped Interferogram,PROVISIONAL,1.0.11,1,P05023,1.0.11,NISAR_L2_PR_GUNW_024_114_D_070_025_4000_SH_20260704T024822_20260704T024857_20260716T024821_20260716T024856_P05023_N_F_J_001,C2854335566-ASF,G4257839776-ASF,Tuolumne River Basin,T114/F070,DESCENDING,2026-07-04T02:48:22.000000Z,2026-07-16T02:48:21.000000Z,,,,/Users/jtarrico/ch13_nisar_prelim/data/nisar/gunw/tuolumne/provisional/<track_frame>/NISAR_L2_PR_GUNW_024_114_D_070_025_4000_SH_20260704T024822_20260704T024857_20260716T024821_20260716T024856_P05023_N_F_J_001.h5,Not downloaded; URL recorded from current CMR metadata,G4257839776-ASF,inventory_only; no retrieval role assigned,,MD5,071c599772fcb7670e0db7e558fc54d9,2373976064,https://nisar.asf.earthdatacloud.nasa.gov/NISAR/NISAR_L2_GUNW_PROVISIONAL_V1/NISAR_L2_PR_GUNW_024_114_D_070_025_4000_SH_20260704T024822_20260704T024857_20260716T024821_20260716T024856_P05023_N_F_J_001/NISAR_L2_PR_GUNW_024_114_D_070_025_4000_SH_20260704T024822_20260704T024857_20260716T024821_20260716T024856_P05023_N_F_J_001.h5,"Checksum and size are CMR-reported, not locally verified."
2026-09-28T20:26:40Z,NISAR L2 GUNW PROVISIONAL,NASA ASF DAAC / CMR,NISAR L2 Geocoded Unwrapped Interferogram,PROVISIONAL,1.0.11,1,P05023,1.0.11,NISAR_L2_PR_GUNW_025_034_A_020_026_4000_SH_20260710T130859_20260710T130933_20260722T130858_20260722T130933_P05023_N_F_J_001,C2854335566-ASF,G4258017629-ASF,Tuolumne River Basin,T034/F020,ASCENDING,2026-07-10T13:08:59.000000Z,2026-07-22T13:08:58.000000Z,,,,/Users/jtarrico/ch13_nisar_prelim/data/nisar/gunw/tuolumne/provisional/<track_frame>/NISAR_L2_PR_GUNW_025_034_A_020_026_4000_SH_20260710T130859_20260710T130933_20260722T130858_20260722T130933_P05023_N_F_J_001.h5,Not downloaded; URL recorded from current CMR metadata,G4258017629-ASF,inventory_only; no retrieval role assigned,,MD5,40fea9048463e835895b166a51d97048,2306867200,https://nisar.asf.earthdatacloud.nasa.gov/NISAR/NISAR_L2_GUNW_PROVISIONAL_V1/NISAR_L2_PR_GUNW_025_034_A_020_026_4000_SH_20260710T130859_20260710T130933_20260722T130858_20260722T130933_P05023_N_F_J_001/NISAR_L2_PR_GUNW_025_034_A_020_026_4000_SH_20260710T130859_20260710T130933_20260722T130858_20260722T130933_P05023_N_F_J_001.h5,"Checksum and size are CMR-reported, not locally verified."
2026-09-28T20:26:40Z,NISAR L2 GUNW PROVISIONAL,NASA ASF DAAC / CMR,NISAR L2 Geocoded Unwrapped Interferogram,PROVISIONAL,1.0.11,1,P05023,1.0.11,NISAR_L2_PR_GUNW_025_034_A_021_026_4000_SH_20260710T130932_20260710T131007_20260722T130932_20260722T131006_P05023_N_F_J_001,C2854335566-ASF,G4254707020-ASF,Tuolumne River Basin,T034/F021,ASCENDING,2026-07-10T13:09:32.000000Z,2026-07-22T13:09:32.000000Z,,,,/Users/jtarrico/ch13_nisar_prelim/data/nisar/gunw/tuolumne/provisional/<track_frame>/NISAR_L2_PR_GUNW_025_034_A_021_026_4000_SH_20260710T130932_20260710T131007_20260722T130932_20260722T131006_P05023_N_F_J_001.h5,Not downloaded; URL recorded from current CMR metadata,G4254707020-ASF,inventory_only; no retrieval role assigned,,MD5,ebd23a13f969f52ee38795da27e9f2f9,2348810240,https://nisar.asf.earthdatacloud.nasa.gov/NISAR/NISAR_L2_GUNW_PROVISIONAL_V1/NISAR_L2_PR_GUNW_025_034_A_021_026_4000_SH_20260710T130932_20260710T131007_20260722T130932_20260722T131006_P05023_N_F_J_001/NISAR_L2_PR_GUNW_025_034_A_021_026_4000_SH_20260710T130932_20260710T131007_20260722T130932_20260722T131006_P05023_N_F_J_001.h5,"Checksum and size are CMR-reported, not locally verified."
2026-09-28T20:26:40Z,NISAR L2 GUNW PROVISIONAL,NASA ASF DAAC / CMR,NISAR L2 Geocoded Unwrapped Interferogram,PROVISIONAL,1.0.11,1,P05023,1.0.11,NISAR_L2_PR_GUNW_025_042_D_069_026_4000_SH_20260711T025607_20260711T025642_20260723T025606_20260723T025641_P05023_N_F_J_001,C2854335566-ASF,G4255224064-ASF,Tuolumne River Basin,T042/F069,DESCENDING,2026-07-11T02:56:07.000000Z,2026-07-23T02:56:06.000000Z,,,,/Users/jtarrico/ch13_nisar_prelim/data/nisar/gunw/tuolumne/provisional/<track_frame>/NISAR_L2_PR_GUNW_025_042_D_069_026_4000_SH_20260711T025607_20260711T025642_20260723T025606_20260723T025641_P05023_N_F_J_001.h5,Not downloaded; URL recorded from current CMR metadata,G4255224064-ASF,inventory_only; no retrieval role assigned,,MD5,60c491cd2cd615b567dc2ec4438cffe2,2340421632,https://nisar.asf.earthdatacloud.nasa.gov/NISAR/NISAR_L2_GUNW_PROVISIONAL_V1/NISAR_L2_PR_GUNW_025_042_D_069_026_4000_SH_20260711T025607_20260711T025642_20260723T025606_20260723T025641_P05023_N_F_J_001/NISAR_L2_PR_GUNW_025_042_D_069_026_4000_SH_20260711T025607_20260711T025642_20260723T025606_20260723T025641_P05023_N_F_J_001.h5,"Checksum and size are CMR-reported, not locally verified."
2026-09-28T20:26:40Z,NISAR L2 GUNW PROVISIONAL,NASA ASF DAAC / CMR,NISAR L2 Geocoded Unwrapped Interferogram,PROVISIONAL,1.0.11,1,P05023,1.0.11,NISAR_L2_PR_GUNW_025_106_A_021_026_4000_SH_20260715T130113_20260715T130148_20260727T130112_20260727T130147_P05023_N_F_J_001,C2854335566-ASF,G4261337631-ASF,Tuolumne River Basin,T106/F021,ASCENDING,2026-07-15T13:01:13.000000Z,2026-07-27T13:01:12.000000Z,,,,/Users/jtarrico/ch13_nisar_prelim/data/nisar/gunw/tuolumne/provisional/<track_frame>/NISAR_L2_PR_GUNW_025_106_A_021_026_4000_SH_20260715T130113_20260715T130148_20260727T130112_20260727T130147_P05023_N_F_J_001.h5,Not downloaded; URL recorded from current CMR metadata,G4261337631-ASF,inventory_only; no retrieval role assigned,,MD5,479365b5c48b2b32d265c35c47f90b38,2353004544,https://nisar.asf.earthdatacloud.nasa.gov/NISAR/NISAR_L2_GUNW_PROVISIONAL_V1/NISAR_L2_PR_GUNW_025_106_A_021_026_4000_SH_20260715T130113_20260715T130148_20260727T130112_20260727T130147_P05023_N_F_J_001/NISAR_L2_PR_GUNW_025_106_A_021_026_4000_SH_20260715T130113_20260715T130148_20260727T130112_20260727T130147_P05023_N_F_J_001.h5,"Checksum and size are CMR-reported, not locally verified."
2026-09-28T20:26:40Z,NISAR L2 GUNW PROVISIONAL,NASA ASF DAAC / CMR,NISAR L2 Geocoded Unwrapped Interferogram,PROVISIONAL,1.0.11,1,P05023,1.0.11,NISAR_L2_PR_GUNW_025_114_D_069_028_4000_SH_20260716T024747_20260716T024822_20260821T024745_20260821T024820_P05023_N_F_J_001,C2854335566-ASF,G4261331747-ASF,Tuolumne River Basin,T114/F069,DESCENDING,2026-07-16T02:47:47.000000Z,2026-08-21T02:47:45.000000Z,,,,/Users/jtarrico/ch13_nisar_prelim/data/nisar/gunw/tuolumne/provisional/<track_frame>/NISAR_L2_PR_GUNW_025_114_D_069_028_4000_SH_20260716T024747_20260716T024822_20260821T024745_20260821T024820_P05023_N_F_J_001.h5,Not downloaded; URL recorded from current CMR metadata,G4261331747-ASF,inventory_only; no retrieval role assigned,,MD5,85e7a60a78e37ef1e93deac291b07a2c,2386558976,https://nisar.asf.earthdatacloud.nasa.gov/NISAR/NISAR_L2_GUNW_PROVISIONAL_V1/NISAR_L2_PR_GUNW_025_114_D_069_028_4000_SH_20260716T024747_20260716T024822_20260821T024745_20260821T024820_P05023_N_F_J_001/NISAR_L2_PR_GUNW_025_114_D_069_028_4000_SH_20260716T024747_20260716T024822_20260821T024745_20260821T024820_P05023_N_F_J_001.h5,"Checksum and size are CMR-reported, not locally verified."
2026-09-28T20:26:40Z,NISAR L2 GUNW PROVISIONAL,NASA ASF DAAC / CMR,NISAR L2 Geocoded Unwrapped Interferogram,PROVISIONAL,1.0.11,1,P05023,1.0.11,NISAR_L2_PR_GUNW_025_114_D_070_028_4000_SH_20260716T024821_20260716T024856_20260821T024819_20260821T024854_P05023_N_F_J_001,C2854335566-ASF,G4266290904-ASF,Tuolumne River Basin,T114/F070,DESCENDING,2026-07-16T02:48:21.000000Z,2026-08-21T02:48:19.000000Z,,,,/Users/jtarrico/ch13_nisar_prelim/data/nisar/gunw/tuolumne/provisional/<track_frame>/NISAR_L2_PR_GUNW_025_114_D_070_028_4000_SH_20260716T024821_20260716T024856_20260821T024819_20260821T024854_P05023_N_F_J_001.h5,Not downloaded; URL recorded from current CMR metadata,G4266290904-ASF,inventory_only; no retrieval role assigned,,MD5,6b2b02968fadf6f15303dddd26e223a7,2407530496,https://nisar.asf.earthdatacloud.nasa.gov/NISAR/NISAR_L2_GUNW_PROVISIONAL_V1/NISAR_L2_PR_GUNW_025_114_D_070_028_4000_SH_20260716T024821_20260716T024856_20260821T024819_20260821T024854_P05023_N_F_J_001/NISAR_L2_PR_GUNW_025_114_D_070_028_4000_SH_20260716T024821_20260716T024856_20260821T024819_20260821T024854_P05023_N_F_J_001.h5,"Checksum and size are CMR-reported, not locally verified."
2026-09-28T20:26:40Z,NISAR L2 GUNW PROVISIONAL,NASA ASF DAAC / CMR,NISAR L2 Geocoded Unwrapped Interferogram,PROVISIONAL,1.0.11,1,P05023,1.0.11,NISAR_L2_PR_GUNW_026_034_A_020_028_4000_SH_20260722T130858_20260722T130933_20260815T130857_20260815T130931_P05023_N_F_J_001,C2854335566-ASF,G4264913513-ASF,Tuolumne River Basin,T034/F020,ASCENDING,2026-07-22T13:08:58.000000Z,2026-08-15T13:08:57.000000Z,,,,/Users/jtarrico/ch13_nisar_prelim/data/nisar/gunw/tuolumne/provisional/<track_frame>/NISAR_L2_PR_GUNW_026_034_A_020_028_4000_SH_20260722T130858_20260722T130933_20260815T130857_20260815T130931_P05023_N_F_J_001.h5,Not downloaded; URL recorded from current CMR metadata,G4264913513-ASF,inventory_only; no retrieval role assigned,,MD5,2dd5081c8a656f477de8e74db924073c,2319450112,https://nisar.asf.earthdatacloud.nasa.gov/NISAR/NISAR_L2_GUNW_PROVISIONAL_V1/NISAR_L2_PR_GUNW_026_034_A_020_028_4000_SH_20260722T130858_20260722T130933_20260815T130857_20260815T130931_P05023_N_F_J_001/NISAR_L2_PR_GUNW_026_034_A_020_028_4000_SH_20260722T130858_20260722T130933_20260815T130857_20260815T130931_P05023_N_F_J_001.h5,"Checksum and size are CMR-reported, not locally verified."
2026-09-28T20:26:40Z,NISAR L2 GUNW PROVISIONAL,NASA ASF DAAC / CMR,NISAR L2 Geocoded Unwrapped Interferogram,PROVISIONAL,1.0.11,1,P05023,1.0.11,NISAR_L2_PR_GUNW_026_034_A_021_028_4000_SH_20260722T130932_20260722T131006_20260815T130930_20260815T131005_P05023_N_F_J_001,C2854335566-ASF,G4287972060-ASF,Tuolumne River Basin,T034/F021,ASCENDING,2026-07-22T13:09:32.000000Z,2026-08-15T13:09:30.000000Z,,,,/Users/jtarrico/ch13_nisar_prelim/data/nisar/gunw/tuolumne/provisional/<track_frame>/NISAR_L2_PR_GUNW_026_034_A_021_028_4000_SH_20260722T130932_20260722T131006_20260815T130930_20260815T131005_P05023_N_F_J_001.h5,Not downloaded; URL recorded from current CMR metadata,G4287972060-ASF,inventory_only; no retrieval role assigned,,MD5,514c6817d7829fbeaa9eef7e01667309,2353004544,https://nisar.asf.earthdatacloud.nasa.gov/NISAR/NISAR_L2_GUNW_PROVISIONAL_V1/NISAR_L2_PR_GUNW_026_034_A_021_028_4000_SH_20260722T130932_20260722T131006_20260815T130930_20260815T131005_P05023_N_F_J_001/NISAR_L2_PR_GUNW_026_034_A_021_028_4000_SH_20260722T130932_20260722T131006_20260815T130930_20260815T131005_P05023_N_F_J_001.h5,"Checksum and size are CMR-reported, not locally verified."
2026-09-28T20:26:40Z,NISAR L2 GUNW PROVISIONAL,NASA ASF DAAC / CMR,NISAR L2 Geocoded Unwrapped Interferogram,PROVISIONAL,1.0.11,1,P05023,1.0.11,NISAR_L2_PR_GUNW_026_042_D_069_028_4000_SH_20260723T025606_20260723T025641_20260816T025605_20260816T025640_P05023_N_F_J_001,C2854335566-ASF,G4287926778-ASF,Tuolumne River Basin,T042/F069,DESCENDING,2026-07-23T02:56:06.000000Z,2026-08-16T02:56:05.000000Z,,,,/Users/jtarrico/ch13_nisar_prelim/data/nisar/gunw/tuolumne/provisional/<track_frame>/NISAR_L2_PR_GUNW_026_042_D_069_028_4000_SH_20260723T025606_20260723T025641_20260816T025605_20260816T025640_P05023_N_F_J_001.h5,Not downloaded; URL recorded from current CMR metadata,G4287926778-ASF,inventory_only; no retrieval role assigned,,MD5,2b47871ba1e060c1b38bdfbadb486d2d,2365587456,https://nisar.asf.earthdatacloud.nasa.gov/NISAR/NISAR_L2_GUNW_PROVISIONAL_V1/NISAR_L2_PR_GUNW_026_042_D_069_028_4000_SH_20260723T025606_20260723T025641_20260816T025605_20260816T025640_P05023_N_F_J_001/NISAR_L2_PR_GUNW_026_042_D_069_028_4000_SH_20260723T025606_20260723T025641_20260816T025605_20260816T025640_P05023_N_F_J_001.h5,"Checksum and size are CMR-reported, not locally verified."
2026-09-28T20:26:40Z,NISAR L2 GUNW PROVISIONAL,NASA ASF DAAC / CMR,NISAR L2 Geocoded Unwrapped Interferogram,PROVISIONAL,1.0.11,1,P05023,1.0.11,NISAR_L2_PR_GUNW_026_106_A_021_028_4000_SH_20260727T130112_20260727T130147_20260820T130111_20260820T130146_P05023_N_F_J_001,C2854335566-ASF,G4284200336-ASF,Tuolumne River Basin,T106/F021,ASCENDING,2026-07-27T13:01:12.000000Z,2026-08-20T13:01:11.000000Z,,,,/Users/jtarrico/ch13_nisar_prelim/data/nisar/gunw/tuolumne/provisional/<track_frame>/NISAR_L2_PR_GUNW_026_106_A_021_028_4000_SH_20260727T130112_20260727T130147_20260820T130111_20260820T130146_P05023_N_F_J_001.h5,Not downloaded; URL recorded from current CMR metadata,G4284200336-ASF,inventory_only; no retrieval role assigned,,MD5,088b9283af92de15f46bbc5f734654eb,2361393152,https://nisar.asf.earthdatacloud.nasa.gov/NISAR/NISAR_L2_GUNW_PROVISIONAL_V1/NISAR_L2_PR_GUNW_026_106_A_021_028_4000_SH_20260727T130112_20260727T130147_20260820T130111_20260820T130146_P05023_N_F_J_001/NISAR_L2_PR_GUNW_026_106_A_021_028_4000_SH_20260727T130112_20260727T130147_20260820T130111_20260820T130146_P05023_N_F_J_001.h5,"Checksum and size are CMR-reported, not locally verified."
2026-09-28T20:26:40Z,NISAR L2 GUNW PROVISIONAL,NASA ASF DAAC / CMR,NISAR L2 Geocoded Unwrapped Interferogram,PROVISIONAL,1.0.11,1,P05023,1.0.11,NISAR_L2_PR_GUNW_028_034_A_020_029_4000_SH_20260815T130857_20260815T130931_20260827T130856_20260827T130931_P05023_N_F_J_001,C2854335566-ASF,G4284200441-ASF,Tuolumne River Basin,T034/F020,ASCENDING,2026-08-15T13:08:57.000000Z,2026-08-27T13:08:56.000000Z,,,,/Users/jtarrico/ch13_nisar_prelim/data/nisar/gunw/tuolumne/provisional/<track_frame>/NISAR_L2_PR_GUNW_028_034_A_020_029_4000_SH_20260815T130857_20260815T130931_20260827T130856_20260827T130931_P05023_N_F_J_001.h5,Not downloaded; URL recorded from current CMR metadata,G4284200441-ASF,inventory_only; no retrieval role assigned,,MD5,ea5846cb2bd48015adb12d202b887415,2298478592,https://nisar.asf.earthdatacloud.nasa.gov/NISAR/NISAR_L2_GUNW_PROVISIONAL_V1/NISAR_L2_PR_GUNW_028_034_A_020_029_4000_SH_20260815T130857_20260815T130931_20260827T130856_20260827T130931_P05023_N_F_J_001/NISAR_L2_PR_GUNW_028_034_A_020_029_4000_SH_20260815T130857_20260815T130931_20260827T130856_20260827T130931_P05023_N_F_J_001.h5,"Checksum and size are CMR-reported, not locally verified."
2026-09-28T20:26:40Z,NISAR L2 GUNW PROVISIONAL,NASA ASF DAAC / CMR,NISAR L2 Geocoded Unwrapped Interferogram,PROVISIONAL,1.0.11,1,P05023,1.0.11,NISAR_L2_PR_GUNW_028_034_A_021_029_4000_SH_20260815T130930_20260815T131005_20260827T130930_20260827T131005_P05023_N_F_J_001,C2854335566-ASF,G4284698240-ASF,Tuolumne River Basin,T034/F021,ASCENDING,2026-08-15T13:09:30.000000Z,2026-08-27T13:09:30.000000Z,,,,/Users/jtarrico/ch13_nisar_prelim/data/nisar/gunw/tuolumne/provisional/<track_frame>/NISAR_L2_PR_GUNW_028_034_A_021_029_4000_SH_20260815T130930_20260815T131005_20260827T130930_20260827T131005_P05023_N_F_J_001.h5,Not downloaded; URL recorded from current CMR metadata,G4284698240-ASF,inventory_only; no retrieval role assigned,,MD5,c0baa8ef185ee5d5563559c4bc8e5ae0,2382364672,https://nisar.asf.earthdatacloud.nasa.gov/NISAR/NISAR_L2_GUNW_PROVISIONAL_V1/NISAR_L2_PR_GUNW_028_034_A_021_029_4000_SH_20260815T130930_20260815T131005_20260827T130930_20260827T131005_P05023_N_F_J_001/NISAR_L2_PR_GUNW_028_034_A_021_029_4000_SH_20260815T130930_20260815T131005_20260827T130930_20260827T131005_P05023_N_F_J_001.h5,"Checksum and size are CMR-reported, not locally verified."
2026-09-28T20:26:40Z,NISAR L2 GUNW PROVISIONAL,NASA ASF DAAC / CMR,NISAR L2 Geocoded Unwrapped Interferogram,PROVISIONAL,1.0.11,1,P05023,1.0.11,NISAR_L2_PR_GUNW_028_042_D_069_029_4000_SH_20260816T025605_20260816T025640_20260828T025605_20260828T025639_P05023_N_F_J_001,C2854335566-ASF,G4287293960-ASF,Tuolumne River Basin,T042/F069,DESCENDING,2026-08-16T02:56:05.000000Z,2026-08-28T02:56:05.000000Z,,,,/Users/jtarrico/ch13_nisar_prelim/data/nisar/gunw/tuolumne/provisional/<track_frame>/NISAR_L2_PR_GUNW_028_042_D_069_029_4000_SH_20260816T025605_20260816T025640_20260828T025605_20260828T025639_P05023_N_F_J_001.h5,Not downloaded; URL recorded from current CMR metadata,G4287293960-ASF,inventory_only; no retrieval role assigned,,MD5,d71e8d6fcace1b995769418da2439d92,2306867200,https://nisar.asf.earthdatacloud.nasa.gov/NISAR/NISAR_L2_GUNW_PROVISIONAL_V1/NISAR_L2_PR_GUNW_028_042_D_069_029_4000_SH_20260816T025605_20260816T025640_20260828T025605_20260828T025639_P05023_N_F_J_001/NISAR_L2_PR_GUNW_028_042_D_069_029_4000_SH_20260816T025605_20260816T025640_20260828T025605_20260828T025639_P05023_N_F_J_001.h5,"Checksum and size are CMR-reported, not locally verified."
2026-09-28T20:26:40Z,NISAR L2 GUNW PROVISIONAL,NASA ASF DAAC / CMR,NISAR L2 Geocoded Unwrapped Interferogram,PROVISIONAL,1.0.11,1,P05023,1.0.11,NISAR_L2_PR_GUNW_028_106_A_021_029_4000_SH_20260820T130111_20260820T130146_20260901T130111_20260901T130146_P05023_N_F_J_001,C2854335566-ASF,G4291751733-ASF,Tuolumne River Basin,T106/F021,ASCENDING,2026-08-20T13:01:11.000000Z,2026-09-01T13:01:11.000000Z,,,,/Users/jtarrico/ch13_nisar_prelim/data/nisar/gunw/tuolumne/provisional/<track_frame>/NISAR_L2_PR_GUNW_028_106_A_021_029_4000_SH_20260820T130111_20260820T130146_20260901T130111_20260901T130146_P05023_N_F_J_001.h5,Not downloaded; URL recorded from current CMR metadata,G4291751733-ASF,inventory_only; no retrieval role assigned,,MD5,7261c0e63add0cca5b6bb762c467aad2,2353004544,https://nisar.asf.earthdatacloud.nasa.gov/NISAR/NISAR_L2_GUNW_PROVISIONAL_V1/NISAR_L2_PR_GUNW_028_106_A_021_029_4000_SH_20260820T130111_20260820T130146_20260901T130111_20260901T130146_P05023_N_F_J_001/NISAR_L2_PR_GUNW_028_106_A_021_029_4000_SH_20260820T130111_20260820T130146_20260901T130111_20260901T130146_P05023_N_F_J_001.h5,"Checksum and size are CMR-reported, not locally verified."
2026-09-28T20:26:40Z,NISAR L2 GUNW PROVISIONAL,NASA ASF DAAC / CMR,NISAR L2 Geocoded Unwrapped Interferogram,PROVISIONAL,1.0.11,1,P05023,1.0.11,NISAR_L2_PR_GUNW_028_114_D_069_029_4000_SH_20260821T024745_20260821T024820_20260902T024745_20260902T024820_P05023_N_F_J_001,C2854335566-ASF,G4291725942-ASF,Tuolumne River Basin,T114/F069,DESCENDING,2026-08-21T02:47:45.000000Z,2026-09-02T02:47:45.000000Z,,,,/Users/jtarrico/ch13_nisar_prelim/data/nisar/gunw/tuolumne/provisional/<track_frame>/NISAR_L2_PR_GUNW_028_114_D_069_029_4000_SH_20260821T024745_20260821T024820_20260902T024745_20260902T024820_P05023_N_F_J_001.h5,Not downloaded; URL recorded from current CMR metadata,G4291725942-ASF,inventory_only; no retrieval role assigned,,MD5,9ffbe738aa344f1dc3051f0dc5a57dd1,2382364672,https://nisar.asf.earthdatacloud.nasa.gov/NISAR/NISAR_L2_GUNW_PROVISIONAL_V1/NISAR_L2_PR_GUNW_028_114_D_069_029_4000_SH_20260821T024745_20260821T024820_20260902T024745_20260902T024820_P05023_N_F_J_001/NISAR_L2_PR_GUNW_028_114_D_069_029_4000_SH_20260821T024745_20260821T024820_20260902T024745_20260902T024820_P05023_N_F_J_001.h5,"Checksum and size are CMR-reported, not locally verified."
2026-09-28T20:26:40Z,NISAR L2 GUNW PROVISIONAL,NASA ASF DAAC / CMR,NISAR L2 Geocoded Unwrapped Interferogram,PROVISIONAL,1.0.11,1,P05023,1.0.11,NISAR_L2_PR_GUNW_028_114_D_070_029_4000_SH_20260821T024819_20260821T024854_20260902T024819_20260902T024854_P05023_N_F_J_001,C2854335566-ASF,G4292304009-ASF,Tuolumne River Basin,T114/F070,DESCENDING,2026-08-21T02:48:19.000000Z,2026-09-02T02:48:19.000000Z,,,,/Users/jtarrico/ch13_nisar_prelim/data/nisar/gunw/tuolumne/provisional/<track_frame>/NISAR_L2_PR_GUNW_028_114_D_070_029_4000_SH_20260821T024819_20260821T024854_20260902T024819_20260902T024854_P05023_N_F_J_001.h5,Not downloaded; URL recorded from current CMR metadata,G4292304009-ASF,inventory_only; no retrieval role assigned,,MD5,64fb129eac5e5d5a2b39e34f5595ecea,2386558976,https://nisar.asf.earthdatacloud.nasa.gov/NISAR/NISAR_L2_GUNW_PROVISIONAL_V1/NISAR_L2_PR_GUNW_028_114_D_070_029_4000_SH_20260821T024819_20260821T024854_20260902T024819_20260902T024854_P05023_N_F_J_001/NISAR_L2_PR_GUNW_028_114_D_070_029_4000_SH_20260821T024819_20260821T024854_20260902T024819_20260902T024854_P05023_N_F_J_001.h5,"Checksum and size are CMR-reported, not locally verified."
2026-09-28T20:26:40Z,NISAR L2 GUNW PROVISIONAL,NASA ASF DAAC / CMR,NISAR L2 Geocoded Unwrapped Interferogram,PROVISIONAL,1.0.11,1,P05023,1.0.11,NISAR_L2_PR_GUNW_029_034_A_020_030_4000_SH_20260827T130856_20260827T130931_20260908T130856_20260908T130931_P05023_N_F_J_001,C2854335566-ASF,G4297536138-ASF,Tuolumne River Basin,T034/F020,ASCENDING,2026-08-27T13:08:56.000000Z,2026-09-08T13:08:56.000000Z,,,,/Users/jtarrico/ch13_nisar_prelim/data/nisar/gunw/tuolumne/provisional/<track_frame>/NISAR_L2_PR_GUNW_029_034_A_020_030_4000_SH_20260827T130856_20260827T130931_20260908T130856_20260908T130931_P05023_N_F_J_001.h5,Not downloaded; URL recorded from current CMR metadata,G4297536138-ASF,inventory_only; no retrieval role assigned,,MD5,89ba96e906dc9c5a22452ba29c61ddd4,2344615936,https://nisar.asf.earthdatacloud.nasa.gov/NISAR/NISAR_L2_GUNW_PROVISIONAL_V1/NISAR_L2_PR_GUNW_029_034_A_020_030_4000_SH_20260827T130856_20260827T130931_20260908T130856_20260908T130931_P05023_N_F_J_001/NISAR_L2_PR_GUNW_029_034_A_020_030_4000_SH_20260827T130856_20260827T130931_20260908T130856_20260908T130931_P05023_N_F_J_001.h5,"Checksum and size are CMR-reported, not locally verified."
2026-09-28T20:26:40Z,NISAR L2 GUNW PROVISIONAL,NASA ASF DAAC / CMR,NISAR L2 Geocoded Unwrapped Interferogram,PROVISIONAL,1.0.11,1,P05023,1.0.11,NISAR_L2_PR_GUNW_029_034_A_021_030_4000_SH_20260827T130930_20260827T131005_20260908T130930_20260908T131005_P05023_N_F_J_001,C2854335566-ASF,G4297930172-ASF,Tuolumne River Basin,T034/F021,ASCENDING,2026-08-27T13:09:30.000000Z,2026-09-08T13:09:30.000000Z,,,,/Users/jtarrico/ch13_nisar_prelim/data/nisar/gunw/tuolumne/provisional/<track_frame>/NISAR_L2_PR_GUNW_029_034_A_021_030_4000_SH_20260827T130930_20260827T131005_20260908T130930_20260908T131005_P05023_N_F_J_001.h5,Not downloaded; URL recorded from current CMR metadata,G4297930172-ASF,inventory_only; no retrieval role assigned,,MD5,cdf1a95efef27734be6abff4f344d35b,2357198848,https://nisar.asf.earthdatacloud.nasa.gov/NISAR/NISAR_L2_GUNW_PROVISIONAL_V1/NISAR_L2_PR_GUNW_029_034_A_021_030_4000_SH_20260827T130930_20260827T131005_20260908T130930_20260908T131005_P05023_N_F_J_001/NISAR_L2_PR_GUNW_029_034_A_021_030_4000_SH_20260827T130930_20260827T131005_20260908T130930_20260908T131005_P05023_N_F_J_001.h5,"Checksum and size are CMR-reported, not locally verified."
2026-09-28T20:26:40Z,NISAR L2 GUNW PROVISIONAL,NASA ASF DAAC / CMR,NISAR L2 Geocoded Unwrapped Interferogram,PROVISIONAL,1.0.11,1,P05023,1.0.11,NISAR_L2_PR_GUNW_029_042_D_069_030_4000_SH_20260828T025605_20260828T025639_20260909T025604_20260909T025639_P05023_N_F_J_001,C2854335566-ASF,G4297921802-ASF,Tuolumne River Basin,T042/F069,DESCENDING,2026-08-28T02:56:05.000000Z,2026-09-09T02:56:04.000000Z,,,,/Users/jtarrico/ch13_nisar_prelim/data/nisar/gunw/tuolumne/provisional/<track_frame>/NISAR_L2_PR_GUNW_029_042_D_069_030_4000_SH_20260828T025605_20260828T025639_20260909T025604_20260909T025639_P05023_N_F_J_001.h5,Not downloaded; URL recorded from current CMR metadata,G4297921802-ASF,inventory_only; no retrieval role assigned,,MD5,f5754cc4c17cffee9535faf2fc9b4ada,2311061504,https://nisar.asf.earthdatacloud.nasa.gov/NISAR/NISAR_L2_GUNW_PROVISIONAL_V1/NISAR_L2_PR_GUNW_029_042_D_069_030_4000_SH_20260828T025605_20260828T025639_20260909T025604_20260909T025639_P05023_N_F_J_001/NISAR_L2_PR_GUNW_029_042_D_069_030_4000_SH_20260828T025605_20260828T025639_20260909T025604_20260909T025639_P05023_N_F_J_001.h5,"Checksum and size are CMR-reported, not locally verified."
2026-09-28T20:26:40Z,NISAR L2 GUNW PROVISIONAL,NASA ASF DAAC / CMR,NISAR L2 Geocoded Unwrapped Interferogram,PROVISIONAL,1.0.11,1,P05023,1.0.11,NISAR_L2_PR_GUNW_029_106_A_021_030_4000_SH_20260901T130111_20260901T130146_20260913T130111_20260913T130145_P05023_N_F_J_001,C2854335566-ASF,G4306679161-ASF,Tuolumne River Basin,T106/F021,ASCENDING,2026-09-01T13:01:11.000000Z,2026-09-13T13:01:11.000000Z,,,,/Users/jtarrico/ch13_nisar_prelim/data/nisar/gunw/tuolumne/provisional/<track_frame>/NISAR_L2_PR_GUNW_029_106_A_021_030_4000_SH_20260901T130111_20260901T130146_20260913T130111_20260913T130145_P05023_N_F_J_001.h5,Not downloaded; URL recorded from current CMR metadata,G4306679161-ASF,inventory_only; no retrieval role assigned,,MD5,671cc7abbe9c5e17ccfa625e51fa62f3,2332033024,https://nisar.asf.earthdatacloud.nasa.gov/NISAR/NISAR_L2_GUNW_PROVISIONAL_V1/NISAR_L2_PR_GUNW_029_106_A_021_030_4000_SH_20260901T130111_20260901T130146_20260913T130111_20260913T130145_P05023_N_F_J_001/NISAR_L2_PR_GUNW_029_106_A_021_030_4000_SH_20260901T130111_20260901T130146_20260913T130111_20260913T130145_P05023_N_F_J_001.h5,"Checksum and size are CMR-reported, not locally verified."
2026-09-28T20:26:40Z,NISAR L2 GUNW PROVISIONAL,NASA ASF DAAC / CMR,NISAR L2 Geocoded Unwrapped Interferogram,PROVISIONAL,1.0.11,1,P05023,1.0.11,NISAR_L2_PR_GUNW_029_114_D_069_030_4000_SH_20260902T024745_20260902T024820_20260914T024745_20260914T024820_P05023_N_F_J_001,C2854335566-ASF,G4306721913-ASF,Tuolumne River Basin,T114/F069,DESCENDING,2026-09-02T02:47:45.000000Z,2026-09-14T02:47:45.000000Z,,,,/Users/jtarrico/ch13_nisar_prelim/data/nisar/gunw/tuolumne/provisional/<track_frame>/NISAR_L2_PR_GUNW_029_114_D_069_030_4000_SH_20260902T024745_20260902T024820_20260914T024745_20260914T024820_P05023_N_F_J_001.h5,Not downloaded; URL recorded from current CMR metadata,G4306721913-ASF,inventory_only; no retrieval role assigned,,MD5,cf86de9dad6a0bb1bedf1fdd412624c8,2378170368,https://nisar.asf.earthdatacloud.nasa.gov/NISAR/NISAR_L2_GUNW_PROVISIONAL_V1/NISAR_L2_PR_GUNW_029_114_D_069_030_4000_SH_20260902T024745_20260902T024820_20260914T024745_20260914T024820_P05023_N_F_J_001/NISAR_L2_PR_GUNW_029_114_D_069_030_4000_SH_20260902T024745_20260902T024820_20260914T024745_20260914T024820_P05023_N_F_J_001.h5,"Checksum and size are CMR-reported, not locally verified."
2026-09-28T20:26:40Z,NISAR L2 GUNW PROVISIONAL,NASA ASF DAAC / CMR,NISAR L2 Geocoded Unwrapped Interferogram,PROVISIONAL,1.0.11,1,P05023,1.0.11,NISAR_L2_PR_GUNW_029_114_D_070_030_4000_SH_20260902T024819_20260902T024854_20260914T024819_20260914T024854_P05023_N_F_J_001,C2854335566-ASF,G4306627350-ASF,Tuolumne River Basin,T114/F070,DESCENDING,2026-09-02T02:48:19.000000Z,2026-09-14T02:48:19.000000Z,,,,/Users/jtarrico/ch13_nisar_prelim/data/nisar/gunw/tuolumne/provisional/<track_frame>/NISAR_L2_PR_GUNW_029_114_D_070_030_4000_SH_20260902T024819_20260902T024854_20260914T024819_20260914T024854_P05023_N_F_J_001.h5,Not downloaded; URL recorded from current CMR metadata,G4306627350-ASF,inventory_only; no retrieval role assigned,,MD5,b56d345a37af9631fa885885215645cc,2386558976,https://nisar.asf.earthdatacloud.nasa.gov/NISAR/NISAR_L2_GUNW_PROVISIONAL_V1/NISAR_L2_PR_GUNW_029_114_D_070_030_4000_SH_20260902T024819_20260902T024854_20260914T024819_20260914T024854_P05023_N_F_J_001/NISAR_L2_PR_GUNW_029_114_D_070_030_4000_SH_20260902T024819_20260902T024854_20260914T024819_20260914T024854_P05023_N_F_J_001.h5,"Checksum and size are CMR-reported, not locally verified."
2026-09-28T20:26:40Z,NISAR L2 GUNW PROVISIONAL,NASA ASF DAAC / CMR,NISAR L2 Geocoded Unwrapped Interferogram,PROVISIONAL,1.0.11,1,P05023,1.0.11,NISAR_L2_PR_GUNW_030_034_A_020_031_4000_SH_20260908T130856_20260908T130931_20260920T130856_20260920T130931_P05023_N_F_J_001,C2854335566-ASF,G4312158713-ASF,Tuolumne River Basin,T034/F020,ASCENDING,2026-09-08T13:08:56.000000Z,2026-09-20T13:08:56.000000Z,,,,/Users/jtarrico/ch13_nisar_prelim/data/nisar/gunw/tuolumne/provisional/<track_frame>/NISAR_L2_PR_GUNW_030_034_A_020_031_4000_SH_20260908T130856_20260908T130931_20260920T130856_20260920T130931_P05023_N_F_J_001.h5,Not downloaded; URL recorded from current CMR metadata,G4312158713-ASF,inventory_only; no retrieval role assigned,,MD5,49a6796f660ccbb96c88bd08e47d004a,2344615936,https://nisar.asf.earthdatacloud.nasa.gov/NISAR/NISAR_L2_GUNW_PROVISIONAL_V1/NISAR_L2_PR_GUNW_030_034_A_020_031_4000_SH_20260908T130856_20260908T130931_20260920T130856_20260920T130931_P05023_N_F_J_001/NISAR_L2_PR_GUNW_030_034_A_020_031_4000_SH_20260908T130856_20260908T130931_20260920T130856_20260920T130931_P05023_N_F_J_001.h5,"Checksum and size are CMR-reported, not locally verified."
2026-09-28T20:26:40Z,NISAR L2 GUNW PROVISIONAL,NASA ASF DAAC / CMR,NISAR L2 Geocoded Unwrapped Interferogram,PROVISIONAL,1.0.11,1,P05023,1.0.11,NISAR_L2_PR_GUNW_030_034_A_021_031_4000_SH_20260908T130930_20260908T131005_20260920T130930_20260920T131005_P05023_N_F_J_001,C2854335566-ASF,G4312945229-ASF,Tuolumne River Basin,T034/F021,ASCENDING,2026-09-08T13:09:30.000000Z,2026-09-20T13:09:30.000000Z,,,,/Users/jtarrico/ch13_nisar_prelim/data/nisar/gunw/tuolumne/provisional/<track_frame>/NISAR_L2_PR_GUNW_030_034_A_021_031_4000_SH_20260908T130930_20260908T131005_20260920T130930_20260920T131005_P05023_N_F_J_001.h5,Not downloaded; URL recorded from current CMR metadata,G4312945229-ASF,inventory_only; no retrieval role assigned,,MD5,5735bfe38172b5623dff8f1e50f7b2c9,2369781760,https://nisar.asf.earthdatacloud.nasa.gov/NISAR/NISAR_L2_GUNW_PROVISIONAL_V1/NISAR_L2_PR_GUNW_030_034_A_021_031_4000_SH_20260908T130930_20260908T131005_20260920T130930_20260920T131005_P05023_N_F_J_001/NISAR_L2_PR_GUNW_030_034_A_021_031_4000_SH_20260908T130930_20260908T131005_20260920T130930_20260920T131005_P05023_N_F_J_001.h5,"Checksum and size are CMR-reported, not locally verified."
2026-09-28T20:26:40Z,NISAR L2 GUNW PROVISIONAL,NASA ASF DAAC / CMR,NISAR L2 Geocoded Unwrapped Interferogram,PROVISIONAL,1.0.11,1,P05023,1.0.11,NISAR_L2_PR_GUNW_030_042_D_069_031_4000_SH_20260909T025604_20260909T025639_20260921T025605_20260921T025639_P05023_N_F_J_001,C2854335566-ASF,G4312845243-ASF,Tuolumne River Basin,T042/F069,DESCENDING,2026-09-09T02:56:04.000000Z,2026-09-21T02:56:05.000000Z,,,,/Users/jtarrico/ch13_nisar_prelim/data/nisar/gunw/tuolumne/provisional/<track_frame>/NISAR_L2_PR_GUNW_030_042_D_069_031_4000_SH_20260909T025604_20260909T025639_20260921T025605_20260921T025639_P05023_N_F_J_001.h5,Not downloaded; URL recorded from current CMR metadata,G4312845243-ASF,inventory_only; no retrieval role assigned,,MD5,dee88b9c4afa0cd497c639b13941d59f,2294284288,https://nisar.asf.earthdatacloud.nasa.gov/NISAR/NISAR_L2_GUNW_PROVISIONAL_V1/NISAR_L2_PR_GUNW_030_042_D_069_031_4000_SH_20260909T025604_20260909T025639_20260921T025605_20260921T025639_P05023_N_F_J_001/NISAR_L2_PR_GUNW_030_042_D_069_031_4000_SH_20260909T025604_20260909T025639_20260921T025605_20260921T025639_P05023_N_F_J_001.h5,"Checksum and size are CMR-reported, not locally verified."
2026-09-28T20:26:40Z,NISAR L2 GUNW PROVISIONAL,NASA ASF DAAC / CMR,NISAR L2 Geocoded Unwrapped Interferogram,PROVISIONAL,1.0.11,1,P05023,1.0.11,NISAR_L2_PR_GUNW_030_106_A_021_031_4000_SH_20260913T130111_20260913T130145_20260925T130111_20260925T130145_P05023_N_F_J_001,C2854335566-ASF,G4320149137-ASF,Tuolumne River Basin,T106/F021,ASCENDING,2026-09-13T13:01:11.000000Z,2026-09-25T13:01:11.000000Z,,,,/Users/jtarrico/ch13_nisar_prelim/data/nisar/gunw/tuolumne/provisional/<track_frame>/NISAR_L2_PR_GUNW_030_106_A_021_031_4000_SH_20260913T130111_20260913T130145_20260925T130111_20260925T130145_P05023_N_F_J_001.h5,Not downloaded; URL recorded from current CMR metadata,G4320149137-ASF,inventory_only; no retrieval role assigned,,MD5,1583b1e1a826c32114feeb18304d982b,2319450112,https://nisar.asf.earthdatacloud.nasa.gov/NISAR/NISAR_L2_GUNW_PROVISIONAL_V1/NISAR_L2_PR_GUNW_030_106_A_021_031_4000_SH_20260913T130111_20260913T130145_20260925T130111_20260925T130145_P05023_N_F_J_001/NISAR_L2_PR_GUNW_030_106_A_021_031_4000_SH_20260913T130111_20260913T130145_20260925T130111_20260925T130145_P05023_N_F_J_001.h5,"Checksum and size are CMR-reported, not locally verified."
2026-09-28T20:26:40Z,NISAR L2 GUNW PROVISIONAL,NASA ASF DAAC / CMR,NISAR L2 Geocoded Unwrapped Interferogram,PROVISIONAL,1.0.11,1,P05023,1.0.11,NISAR_L2_PR_GUNW_030_114_D_070_031_4000_SH_20260914T024819_20260914T024854_20260926T024819_20260926T024854_P05023_N_F_J_001,C2854335566-ASF,G4320135281-ASF,Tuolumne River Basin,T114/F070,DESCENDING,2026-09-14T02:48:19.000000Z,2026-09-26T02:48:19.000000Z,,,,/Users/jtarrico/ch13_nisar_prelim/data/nisar/gunw/tuolumne/provisional/<track_frame>/NISAR_L2_PR_GUNW_030_114_D_070_031_4000_SH_20260914T024819_20260914T024854_20260926T024819_20260926T024854_P05023_N_F_J_001.h5,Not downloaded; URL recorded from current CMR metadata,G4320135281-ASF,inventory_only; no retrieval role assigned,,MD5,d5ce417b503f68643a4751ba8f9b944f,2394947584,https://nisar.asf.earthdatacloud.nasa.gov/NISAR/NISAR_L2_GUNW_PROVISIONAL_V1/NISAR_L2_PR_GUNW_030_114_D_070_031_4000_SH_20260914T024819_20260914T024854_20260926T024819_20260926T024854_P05023_N_F_J_001/NISAR_L2_PR_GUNW_030_114_D_070_031_4000_SH_20260914T024819_20260914T024854_20260926T024819_20260926T024854_P05023_N_F_J_001.h5,"Checksum and size are CMR-reported, not locally verified."
2026-09-29T02:20:32+00:00,CDEC Tuolumne daily SWE,"California Department of Water Resources, CDEC","Daily snow water content, raw CDEC response",,sensor 3 / daily,,,,sensor 3/2025-10-01_to_2026-09-28/raw,,,Tuolumne River Basin,,,2025-10-01,2026-09-28,inches as reported by CDEC,,daily station observations,data/external/cdec/tuolumne/2025-10-01_to_2026-09-28/cdec_swe_daily_raw.csv,CDEC CSV endpoint; raw response retained,,station phase-reference input; not independent validation,calibration/reference input,SHA-256,7f0e5a611d4c3a0e63f185083321c8034eb60b484d2126b4d57261426ddb378f,150589,https://cdec.water.ca.gov/dynamicapp/req/CSVDataServlet?Stations=DAN%2CSLI%2CTUM%2CHRS%2CWHW%2CPDS%2CKIB%2CTES&SensorNums=3&dur_code=D&Start=2025-10-01&End=2026-09-28,Source values and flags retained.
2026-09-29T02:20:32+00:00,CDEC Tuolumne daily SWE,"California Department of Water Resources, CDEC","Daily snow water content, normalized project series",,sensor 3 / daily,,,,sensor 3/2025-10-01_to_2026-09-28/normalized,,,Tuolumne River Basin,,,2025-10-01,2026-09-28,cm SWE,,daily station observations,data/external/cdec/tuolumne/2025-10-01_to_2026-09-28/cdec_tuolumne_swe_daily_cm.csv,CDEC CSV endpoint; raw response retained,,station phase-reference input; not independent validation,calibration/reference input,SHA-256,36c05d0b16ccd99394cb4b8a7d55d13cb48830b6d9a45485436220eec54decc1,313769,https://cdec.water.ca.gov/dynamicapp/req/CSVDataServlet?Stations=DAN%2CSLI%2CTUM%2CHRS%2CWHW%2CPDS%2CKIB%2CTES&SensorNums=3&dur_code=D&Start=2025-10-01&End=2026-09-28,Inches converted to centimetres; non-numeric values remain missing; no filling or flag filtering.
2026-09-29T02:46:58+00:00,VIIRS VJ110A1F,NASA NSIDC DAAC via CMR and earthaccess,VIIRS/JPSS1 CGF Snow Cover Daily L3 Global 375m SIN Grid V002,,002,002,,002,VJ110A1F.A2025305.h08v05.002.2025308183625.h5,C3173454072-NSIDC_CPRD,G3845362853-NSIDC_CPRD,Tuolumne River Basin,,,2025-11-01,2025-11-01,NDSI; source scale 0.01,,375 m (product title),data/external/viirs/tuolumne/vj110a1f_v002/raw/VJ110A1F.A2025305.h08v05.002.2025308183625.h5,earthaccess authenticated download,G3845362853-NSIDC_CPRD,downstream snow-cover diagnostic; not a retrieval filter,ancillary diagnostic; not a SWE validation target,SHA-256,a7293a23b8fba7efdb5182f43bf2e647e2b6da5fdd054b9d7a1a2d49039296c9,985504,https://cmr.earthdata.nasa.gov/search/concepts/G3845362853-NSIDC_CPRD.umm_json,Local-file SHA-256 and size recorded in the inventory; selected CMR revision 2025-11-04T18:51:05.170Z.
2026-09-29T02:46:58+00:00,VIIRS VJ110A1F,NASA NSIDC DAAC via CMR and earthaccess,VIIRS/JPSS1 CGF Snow Cover Daily L3 Global 375m SIN Grid V002,,002,002,,002,VJ110A1F.A2025317.h08v05.002.2025318195011.h5,C3173454072-NSIDC_CPRD,G3862416572-NSIDC_CPRD,Tuolumne River Basin,,,2025-11-13,2025-11-13,NDSI; source scale 0.01,,375 m (product title),data/external/viirs/tuolumne/vj110a1f_v002/raw/VJ110A1F.A2025317.h08v05.002.2025318195011.h5,earthaccess authenticated download,G3862416572-NSIDC_CPRD,downstream snow-cover diagnostic; not a retrieval filter,ancillary diagnostic; not a SWE validation target,SHA-256,19c90bf603f56957fb0ea06dfaecef92ddf983e40b97b4f5b91f8170c7900140,1924307,https://cmr.earthdata.nasa.gov/search/concepts/G3862416572-NSIDC_CPRD.umm_json,Local-file SHA-256 and size recorded in the inventory; selected CMR revision 2025-11-15T01:02:04.745Z.
2026-09-29T02:46:58+00:00,VIIRS VJ110A1F,NASA NSIDC DAAC via CMR and earthaccess,VIIRS/JPSS1 CGF Snow Cover Daily L3 Global 375m SIN Grid V002,,002,002,,002,VJ110A1F.A2025328.h08v05.002.2025329081413.h5,C3173454072-NSIDC_CPRD,G3879424092-NSIDC_CPRD,Tuolumne River Basin,,,2025-11-24,2025-11-24,NDSI; source scale 0.01,,375 m (product title),data/external/viirs/tuolumne/vj110a1f_v002/raw/VJ110A1F.A2025328.h08v05.002.2025329081413.h5,earthaccess authenticated download,G3879424092-NSIDC_CPRD,downstream snow-cover diagnostic; not a retrieval filter,ancillary diagnostic; not a SWE validation target,SHA-256,1c2c528462f53b47c9cc322a61376f12c58748d44de15dcce802479f3e189fa3,1598700,https://cmr.earthdata.nasa.gov/search/concepts/G3879424092-NSIDC_CPRD.umm_json,Local-file SHA-256 and size recorded in the inventory; selected CMR revision 2025-11-25T08:26:12.190Z.
2026-09-29T02:46:58+00:00,VIIRS VJ110A1F,NASA NSIDC DAAC via CMR and earthaccess,VIIRS/JPSS1 CGF Snow Cover Daily L3 Global 375m SIN Grid V002,,002,002,,002,VJ110A1F.A2025329.h08v05.002.2025330074033.h5,C3173454072-NSIDC_CPRD,G3881601635-NSIDC_CPRD,Tuolumne River Basin,,,2025-11-25,2025-11-25,NDSI; source scale 0.01,,375 m (product title),data/external/viirs/tuolumne/vj110a1f_v002/raw/VJ110A1F.A2025329.h08v05.002.2025330074033.h5,earthaccess authenticated download,G3881601635-NSIDC_CPRD,downstream snow-cover diagnostic; not a retrieval filter,ancillary diagnostic; not a SWE validation target,SHA-256,7c277814a802473299604e5e52152890de0f71449de2b03fc996e32736e4fff0,1439805,https://cmr.earthdata.nasa.gov/search/concepts/G3881601635-NSIDC_CPRD.umm_json,Local-file SHA-256 and size recorded in the inventory; selected CMR revision 2025-11-26T07:50:03.771Z.
2026-09-29T02:46:58+00:00,VIIRS VJ110A1F,NASA NSIDC DAAC via CMR and earthaccess,VIIRS/JPSS1 CGF Snow Cover Daily L3 Global 375m SIN Grid V002,,002,002,,002,VJ110A1F.A2025340.h08v05.002.2025341070746.h5,C3173454072-NSIDC_CPRD,G3901043047-NSIDC_CPRD,Tuolumne River Basin,,,2025-12-06,2025-12-06,NDSI; source scale 0.01,,375 m (product title),data/external/viirs/tuolumne/vj110a1f_v002/raw/VJ110A1F.A2025340.h08v05.002.2025341070746.h5,earthaccess authenticated download,G3901043047-NSIDC_CPRD,downstream snow-cover diagnostic; not a retrieval filter,ancillary diagnostic; not a SWE validation target,SHA-256,c4b7b854a7833c700eb76b7d6b0077cf44b2436d67f8ba98a112492a41b3c5ec,1323162,https://cmr.earthdata.nasa.gov/search/concepts/G3901043047-NSIDC_CPRD.umm_json,Local-file SHA-256 and size recorded in the inventory; selected CMR revision 2025-12-07T07:11:03.775Z.
2026-09-29T02:46:58+00:00,VIIRS VJ110A1F,NASA NSIDC DAAC via CMR and earthaccess,VIIRS/JPSS1 CGF Snow Cover Daily L3 Global 375m SIN Grid V002,,002,002,,002,VJ110A1F.A2025341.h08v05.002.2025342080228.h5,C3173454072-NSIDC_CPRD,G3902775638-NSIDC_CPRD,Tuolumne River Basin,,,2025-12-07,2025-12-07,NDSI; source scale 0.01,,375 m (product title),data/external/viirs/tuolumne/vj110a1f_v002/raw/VJ110A1F.A2025341.h08v05.002.2025342080228.h5,earthaccess authenticated download,G3902775638-NSIDC_CPRD,downstream snow-cover diagnostic; not a retrieval filter,ancillary diagnostic; not a SWE validation target,SHA-256,2901dad32f6abf0d3ae0f2747067e3818bd25b39b1d291368bff09958a4d818b,1400417,https://cmr.earthdata.nasa.gov/search/concepts/G3902775638-NSIDC_CPRD.umm_json,Local-file SHA-256 and size recorded in the inventory; selected CMR revision 2025-12-08T08:15:06.870Z.
2026-09-29T02:46:58+00:00,VIIRS VJ110A1F,NASA NSIDC DAAC via CMR and earthaccess,VIIRS/JPSS1 CGF Snow Cover Daily L3 Global 375m SIN Grid V002,,002,002,,002,VJ110A1F.A2025352.h08v05.002.2025353073402.h5,C3173454072-NSIDC_CPRD,G3920445370-NSIDC_CPRD,Tuolumne River Basin,,,2025-12-18,2025-12-18,NDSI; source scale 0.01,,375 m (product title),data/external/viirs/tuolumne/vj110a1f_v002/raw/VJ110A1F.A2025352.h08v05.002.2025353073402.h5,earthaccess authenticated download,G3920445370-NSIDC_CPRD,downstream snow-cover diagnostic; not a retrieval filter,ancillary diagnostic; not a SWE validation target,SHA-256,c46709b31b8f52e157be46ce0c21d76075c6b5bbce35d15dfcf6f677015445bb,1784321,https://cmr.earthdata.nasa.gov/search/concepts/G3920445370-NSIDC_CPRD.umm_json,Local-file SHA-256 and size recorded in the inventory; selected CMR revision 2025-12-19T07:59:06.870Z.
2026-09-29T02:46:58+00:00,VIIRS VJ110A1F,NASA NSIDC DAAC via CMR and earthaccess,VIIRS/JPSS1 CGF Snow Cover Daily L3 Global 375m SIN Grid V002,,002,002,,002,VJ110A1F.A2025353.h08v05.002.2025354071237.h5,C3173454072-NSIDC_CPRD,G3922785159-NSIDC_CPRD,Tuolumne River Basin,,,2025-12-19,2025-12-19,NDSI; source scale 0.01,,375 m (product title),data/external/viirs/tuolumne/vj110a1f_v002/raw/VJ110A1F.A2025353.h08v05.002.2025354071237.h5,earthaccess authenticated download,G3922785159-NSIDC_CPRD,downstream snow-cover diagnostic; not a retrieval filter,ancillary diagnostic; not a SWE validation target,SHA-256,d5e04a6787463c02562b7346ec81682b4fc4e64e6e47edf808a5d0025ce31280,1691123,https://cmr.earthdata.nasa.gov/search/concepts/G3922785159-NSIDC_CPRD.umm_json,Local-file SHA-256 and size recorded in the inventory; selected CMR revision 2025-12-20T07:38:06.223Z.
2026-09-29T02:46:58+00:00,VIIRS VJ110A1F,NASA NSIDC DAAC via CMR and earthaccess,VIIRS/JPSS1 CGF Snow Cover Daily L3 Global 375m SIN Grid V002,,002,002,,002,VJ110A1F.A2025364.h08v05.002.2026002135505.h5,C3173454072-NSIDC_CPRD,G3944262573-NSIDC_CPRD,Tuolumne River Basin,,,2025-12-30,2025-12-30,NDSI; source scale 0.01,,375 m (product title),data/external/viirs/tuolumne/vj110a1f_v002/raw/VJ110A1F.A2025364.h08v05.002.2026002135505.h5,earthaccess authenticated download,G3944262573-NSIDC_CPRD,downstream snow-cover diagnostic; not a retrieval filter,ancillary diagnostic; not a SWE validation target,SHA-256,b09ffe6fbf25ccc6708131db4dbed595012462b4a79228c4db38a95c391c56d5,1759015,https://cmr.earthdata.nasa.gov/search/concepts/G3944262573-NSIDC_CPRD.umm_json,Local-file SHA-256 and size recorded in the inventory; selected CMR revision 2026-01-02T15:03:05.916Z.
2026-09-29T02:46:58+00:00,VIIRS VJ110A1F,NASA NSIDC DAAC via CMR and earthaccess,VIIRS/JPSS1 CGF Snow Cover Daily L3 Global 375m SIN Grid V002,,002,002,,002,VJ110A1F.A2025365.h08v05.002.2026002162452.h5,C3173454072-NSIDC_CPRD,G3944486417-NSIDC_CPRD,Tuolumne River Basin,,,2025-12-31,2025-12-31,NDSI; source scale 0.01,,375 m (product title),data/external/viirs/tuolumne/vj110a1f_v002/raw/VJ110A1F.A2025365.h08v05.002.2026002162452.h5,earthaccess authenticated download,G3944486417-NSIDC_CPRD,downstream snow-cover diagnostic; not a retrieval filter,ancillary diagnostic; not a SWE validation target,SHA-256,b1438bd3c43b60324f45ca93e167cf632868efac241decfdebd34fa14140843a,1557318,https://cmr.earthdata.nasa.gov/search/concepts/G3944486417-NSIDC_CPRD.umm_json,Local-file SHA-256 and size recorded in the inventory; selected CMR revision 2026-01-02T18:55:08.391Z.
2026-09-29T02:46:58+00:00,VIIRS VJ110A1F,NASA NSIDC DAAC via CMR and earthaccess,VIIRS/JPSS1 CGF Snow Cover Daily L3 Global 375m SIN Grid V002,,002,002,,002,VJ110A1F.A2026011.h08v05.002.2026012084922.h5_7mNIrwxJ,C3173454072-NSIDC_CPRD,G3958092960-NSIDC_CPRD,Tuolumne River Basin,,,2026-01-11,2026-01-11,NDSI; source scale 0.01,,375 m (product title),data/external/viirs/tuolumne/vj110a1f_v002/raw/VJ110A1F.A2026011.h08v05.002.2026012084922.h5,earthaccess authenticated download,G3958092960-NSIDC_CPRD,downstream snow-cover diagnostic; not a retrieval filter,ancillary diagnostic; not a SWE validation target,SHA-256,b415b9f8ff2fd663937da68842f8c2fef31baa9188d2b4b6e25ce6c0dbebd1ad,2505396,https://cmr.earthdata.nasa.gov/search/concepts/G3958092960-NSIDC_CPRD.umm_json,Local-file SHA-256 and size recorded in the inventory; selected CMR revision 2026-01-12T09:33:27.848Z.
2026-09-29T02:46:58+00:00,VIIRS VJ110A1F,NASA NSIDC DAAC via CMR and earthaccess,VIIRS/JPSS1 CGF Snow Cover Daily L3 Global 375m SIN Grid V002,,002,002,,002,VJ110A1F.A2026012.h08v05.002.2026013082811.h5_7mNIrwxJ,C3173454072-NSIDC_CPRD,G3960360003-NSIDC_CPRD,Tuolumne River Basin,,,2026-01-12,2026-01-12,NDSI; source scale 0.01,,375 m (product title),data/external/viirs/tuolumne/vj110a1f_v002/raw/VJ110A1F.A2026012.h08v05.002.2026013082811.h5,earthaccess authenticated download,G3960360003-NSIDC_CPRD,downstream snow-cover diagnostic; not a retrieval filter,ancillary diagnostic; not a SWE validation target,SHA-256,aec4554cdaf8102f025ae901e889267329a869d421e3e6b9f0c0b219f3d7170b,2197030,https://cmr.earthdata.nasa.gov/search/concepts/G3960360003-NSIDC_CPRD.umm_json,Local-file SHA-256 and size recorded in the inventory; selected CMR revision 2026-01-13T09:19:05.305Z.
2026-09-29T02:46:58+00:00,VIIRS VJ110A1F,NASA NSIDC DAAC via CMR and earthaccess,VIIRS/JPSS1 CGF Snow Cover Daily L3 Global 375m SIN Grid V002,,002,002,,002,VJ110A1F.A2026023.h08v05.002.2026024072515.h5_7mNIrwxJ,C3173454072-NSIDC_CPRD,G3979010452-NSIDC_CPRD,Tuolumne River Basin,,,2026-01-23,2026-01-23,NDSI; source scale 0.01,,375 m (product title),data/external/viirs/tuolumne/vj110a1f_v002/raw/VJ110A1F.A2026023.h08v05.002.2026024072515.h5,earthaccess authenticated download,G3979010452-NSIDC_CPRD,downstream snow-cover diagnostic; not a retrieval filter,ancillary diagnostic; not a SWE validation target,SHA-256,1f3c8592b720aa185459a284e7cd6b62bedeb6c83922b4d64d104c9701079c61,2335563,https://cmr.earthdata.nasa.gov/search/concepts/G3979010452-NSIDC_CPRD.umm_json,Local-file SHA-256 and size recorded in the inventory; selected CMR revision 2026-01-24T08:07:06.184Z.
2026-09-29T02:46:58+00:00,VIIRS VJ110A1F,NASA NSIDC DAAC via CMR and earthaccess,VIIRS/JPSS1 CGF Snow Cover Daily L3 Global 375m SIN Grid V002,,002,002,,002,VJ110A1F.A2026024.h08v05.002.2026025075142.h5_7mNIrwxJ,C3173454072-NSIDC_CPRD,G3980634840-NSIDC_CPRD,Tuolumne River Basin,,,2026-01-24,2026-01-24,NDSI; source scale 0.01,,375 m (product title),data/external/viirs/tuolumne/vj110a1f_v002/raw/VJ110A1F.A2026024.h08v05.002.2026025075142.h5,earthaccess authenticated download,G3980634840-NSIDC_CPRD,downstream snow-cover diagnostic; not a retrieval filter,ancillary diagnostic; not a SWE validation target,SHA-256,69ef8984bcd2020c3d26074cc22252498272a9976f9c29c384a0a32ce5d83b14,2322002,https://cmr.earthdata.nasa.gov/search/concepts/G3980634840-NSIDC_CPRD.umm_json,Local-file SHA-256 and size recorded in the inventory; selected CMR revision 2026-01-25T08:26:07.149Z.
2026-09-29T02:46:58+00:00,VIIRS VJ110A1F,NASA NSIDC DAAC via CMR and earthaccess,VIIRS/JPSS1 CGF Snow Cover Daily L3 Global 375m SIN Grid V002,,002,002,,002,VJ110A1F.A2026035.h08v05.002.2026036080614.h5_7mNIrwxJ,C3173454072-NSIDC_CPRD,G3999546179-NSIDC_CPRD,Tuolumne River Basin,,,2026-02-04,2026-02-04,NDSI; source scale 0.01,,375 m (product title),data/external/viirs/tuolumne/vj110a1f_v002/raw/VJ110A1F.A2026035.h08v05.002.2026036080614.h5,earthaccess authenticated download,G3999546179-NSIDC_CPRD,downstream snow-cover diagnostic; not a retrieval filter,ancillary diagnostic; not a SWE validation target,SHA-256,e34cf24854c580975f6ccd3f1f161983de6d50b0406efc46f45a3d231ccd335a,1211567,https://cmr.earthdata.nasa.gov/search/concepts/G3999546179-NSIDC_CPRD.umm_json,Local-file SHA-256 and size recorded in the inventory; selected CMR revision 2026-02-05T08:10:09.944Z.
2026-09-29T02:46:58+00:00,VIIRS VJ110A1F,NASA NSIDC DAAC via CMR and earthaccess,VIIRS/JPSS1 CGF Snow Cover Daily L3 Global 375m SIN Grid V002,,002,002,,002,VJ110A1F.A2026047.h08v05.002.2026048070839.h5_7mNIrwxJ,C3173454072-NSIDC_CPRD,G4033945151-NSIDC_CPRD,Tuolumne River Basin,,,2026-02-16,2026-02-16,NDSI; source scale 0.01,,375 m (product title),data/external/viirs/tuolumne/vj110a1f_v002/raw/VJ110A1F.A2026047.h08v05.002.2026048070839.h5,earthaccess authenticated download,G4033945151-NSIDC_CPRD,downstream snow-cover diagnostic; not a retrieval filter,ancillary diagnostic; not a SWE validation target,SHA-256,44363992e30cc02703d4751bedc3051cb76b5b1c90d3aac8ab5883c022035372,2010590,https://cmr.earthdata.nasa.gov/search/concepts/G4033945151-NSIDC_CPRD.umm_json,Local-file SHA-256 and size recorded in the inventory; selected CMR revision 2026-02-17T18:53:09.065Z.
2026-09-29T02:46:58+00:00,VIIRS VJ110A1F,NASA NSIDC DAAC via CMR and earthaccess,VIIRS/JPSS1 CGF Snow Cover Daily L3 Global 375m SIN Grid V002,,002,002,,002,VJ110A1F.A2026048.h08v05.002.2026049073531.h5_7mNIrwxJ,C3173454072-NSIDC_CPRD,G4034775184-NSIDC_CPRD,Tuolumne River Basin,,,2026-02-17,2026-02-17,NDSI; source scale 0.01,,375 m (product title),data/external/viirs/tuolumne/vj110a1f_v002/raw/VJ110A1F.A2026048.h08v05.002.2026049073531.h5,earthaccess authenticated download,G4034775184-NSIDC_CPRD,downstream snow-cover diagnostic; not a retrieval filter,ancillary diagnostic; not a SWE validation target,SHA-256,cfda112816369f7cfaaf64f4adac6f7fb577a43103c6a84be11870fae05ed88a,2777875,https://cmr.earthdata.nasa.gov/search/concepts/G4034775184-NSIDC_CPRD.umm_json,Local-file SHA-256 and size recorded in the inventory; selected CMR revision 2026-02-18T08:51:07.231Z.
2026-09-29T02:46:58+00:00,VIIRS VJ110A1F,NASA NSIDC DAAC via CMR and earthaccess,VIIRS/JPSS1 CGF Snow Cover Daily L3 Global 375m SIN Grid V002,,002,002,,002,VJ110A1F.A2026059.h08v05.002.2026061233007.h5_7mNIrwxJ,C3173454072-NSIDC_CPRD,G4062040042-NSIDC_CPRD,Tuolumne River Basin,,,2026-02-28,2026-02-28,NDSI; source scale 0.01,,375 m (product title),data/external/viirs/tuolumne/vj110a1f_v002/raw/VJ110A1F.A2026059.h08v05.002.2026061233007.h5,earthaccess authenticated download,G4062040042-NSIDC_CPRD,downstream snow-cover diagnostic; not a retrieval filter,ancillary diagnostic; not a SWE validation target,SHA-256,04a4afeedf37086948c08b1fd1b080f80a97bfb6120c2e4a0d52b50994fb700c,1712387,https://cmr.earthdata.nasa.gov/search/concepts/G4062040042-NSIDC_CPRD.umm_json,Local-file SHA-256 and size recorded in the inventory; selected CMR revision 2026-03-03T00:06:08.527Z.
2026-09-29T02:46:58+00:00,VIIRS VJ110A1F,NASA NSIDC DAAC via CMR and earthaccess,VIIRS/JPSS1 CGF Snow Cover Daily L3 Global 375m SIN Grid V002,,002,002,,002,VJ110A1F.A2026060.h08v05.002.2026062020737.h5_7mNIrwxJ,C3173454072-NSIDC_CPRD,G4062141485-NSIDC_CPRD,Tuolumne River Basin,,,2026-03-01,2026-03-01,NDSI; source scale 0.01,,375 m (product title),data/external/viirs/tuolumne/vj110a1f_v002/raw/VJ110A1F.A2026060.h08v05.002.2026062020737.h5,earthaccess authenticated download,G4062141485-NSIDC_CPRD,downstream snow-cover diagnostic; not a retrieval filter,ancillary diagnostic; not a SWE validation target,SHA-256,a4809bd0e046d0231ea42b6cc82ed01a6e0b315df9b04abe76022a054adfaa58,1702785,https://cmr.earthdata.nasa.gov/search/concepts/G4062141485-NSIDC_CPRD.umm_json,Local-file SHA-256 and size recorded in the inventory; selected CMR revision 2026-03-03T02:31:05.724Z.
2026-09-29T02:46:58+00:00,VIIRS VJ110A1F,NASA NSIDC DAAC via CMR and earthaccess,VIIRS/JPSS1 CGF Snow Cover Daily L3 Global 375m SIN Grid V002,,002,002,,002,VJ110A1F.A2026071.h08v05.002.2026072071606.h5_7mNIrwxJ,C3173454072-NSIDC_CPRD,G4078653427-NSIDC_CPRD,Tuolumne River Basin,,,2026-03-12,2026-03-12,NDSI; source scale 0.01,,375 m (product title),data/external/viirs/tuolumne/vj110a1f_v002/raw/VJ110A1F.A2026071.h08v05.002.2026072071606.h5,earthaccess authenticated download,G4078653427-NSIDC_CPRD,downstream snow-cover diagnostic; not a retrieval filter,ancillary diagnostic; not a SWE validation target,SHA-256,b6ecf467bc9e53e87822f696b480765230e89dc93a650359b78a7ac2dd9d9c56,957863,https://cmr.earthdata.nasa.gov/search/concepts/G4078653427-NSIDC_CPRD.umm_json,Local-file SHA-256 and size recorded in the inventory; selected CMR revision 2026-03-13T07:48:06.093Z.
2026-09-29T02:46:58+00:00,VIIRS VJ110A1F,NASA NSIDC DAAC via CMR and earthaccess,VIIRS/JPSS1 CGF Snow Cover Daily L3 Global 375m SIN Grid V002,,002,002,,002,VJ110A1F.A2026072.h08v05.002.2026073074336.h5_7mNIrwxJ,C3173454072-NSIDC_CPRD,G4080621722-NSIDC_CPRD,Tuolumne River Basin,,,2026-03-13,2026-03-13,NDSI; source scale 0.01,,375 m (product title),data/external/viirs/tuolumne/vj110a1f_v002/raw/VJ110A1F.A2026072.h08v05.002.2026073074336.h5,earthaccess authenticated download,G4080621722-NSIDC_CPRD,downstream snow-cover diagnostic; not a retrieval filter,ancillary diagnostic; not a SWE validation target,SHA-256,dd3b7b82b7e2eaeeb2606c60aecbb08c2933a8c34d9961177da959f39605eee7,1220850,https://cmr.earthdata.nasa.gov/search/concepts/G4080621722-NSIDC_CPRD.umm_json,Local-file SHA-256 and size recorded in the inventory; selected CMR revision 2026-03-14T08:06:09.314Z.
2026-09-29T02:46:58+00:00,VIIRS VJ110A1F,NASA NSIDC DAAC via CMR and earthaccess,VIIRS/JPSS1 CGF Snow Cover Daily L3 Global 375m SIN Grid V002,,002,002,,002,VJ110A1F.A2026083.h08v05.002.2026084164530.h5_7mNIrwxJ,C3173454072-NSIDC_CPRD,G4104317956-NSIDC_CPRD,Tuolumne River Basin,,,2026-03-24,2026-03-24,NDSI; source scale 0.01,,375 m (product title),data/external/viirs/tuolumne/vj110a1f_v002/raw/VJ110A1F.A2026083.h08v05.002.2026084164530.h5,earthaccess authenticated download,G4104317956-NSIDC_CPRD,downstream snow-cover diagnostic; not a retrieval filter,ancillary diagnostic; not a SWE validation target,SHA-256,cf000d28dd94f32b6911794dc40d1ef4336f7e11cd168e12358a8f1bf32f7847,862931,https://cmr.earthdata.nasa.gov/search/concepts/G4104317956-NSIDC_CPRD.umm_json,Local-file SHA-256 and size recorded in the inventory; selected CMR revision 2026-03-25T17:02:08.099Z.
2026-09-29T02:46:58+00:00,VIIRS VJ110A1F,NASA NSIDC DAAC via CMR and earthaccess,VIIRS/JPSS1 CGF Snow Cover Daily L3 Global 375m SIN Grid V002,,002,002,,002,VJ110A1F.A2026084.h08v05.002.2026090155037.h5_7mNIrwxJ,C3173454072-NSIDC_CPRD,G4114057378-NSIDC_CPRD,Tuolumne River Basin,,,2026-03-25,2026-03-25,NDSI; source scale 0.01,,375 m (product title),data/external/viirs/tuolumne/vj110a1f_v002/raw/VJ110A1F.A2026084.h08v05.002.2026090155037.h5,earthaccess authenticated download,G4114057378-NSIDC_CPRD,downstream snow-cover diagnostic; not a retrieval filter,ancillary diagnostic; not a SWE validation target,SHA-256,d355466cdf697b5808a653c3056e150c6439919ad218afbeb4abe9ba3e2c3a7a,841702,https://cmr.earthdata.nasa.gov/search/concepts/G4114057378-NSIDC_CPRD.umm_json,Local-file SHA-256 and size recorded in the inventory; selected CMR revision 2026-03-31T17:16:07.537Z.
2026-09-29T02:46:58+00:00,VIIRS VJ110A1F,NASA NSIDC DAAC via CMR and earthaccess,VIIRS/JPSS1 CGF Snow Cover Daily L3 Global 375m SIN Grid V002,,002,002,,002,VJ110A1F.A2026095.h08v05.002.2026096073953.h5_7mNIrwxJ,C3173454072-NSIDC_CPRD,G4124030416-NSIDC_CPRD,Tuolumne River Basin,,,2026-04-05,2026-04-05,NDSI; source scale 0.01,,375 m (product title),data/external/viirs/tuolumne/vj110a1f_v002/raw/VJ110A1F.A2026095.h08v05.002.2026096073953.h5,earthaccess authenticated download,G4124030416-NSIDC_CPRD,downstream snow-cover diagnostic; not a retrieval filter,ancillary diagnostic; not a SWE validation target,SHA-256,2853b9a5306bfefe48992701447ea147c40e7f9b9bdcc922d2332fc4abb5a578,1224109,https://cmr.earthdata.nasa.gov/search/concepts/G4124030416-NSIDC_CPRD.umm_json,Local-file SHA-256 and size recorded in the inventory; selected CMR revision 2026-04-06T08:53:10.017Z.
2026-09-29T02:46:58+00:00,VIIRS VJ110A1F,NASA NSIDC DAAC via CMR and earthaccess,VIIRS/JPSS1 CGF Snow Cover Daily L3 Global 375m SIN Grid V002,,002,002,,002,VJ110A1F.A2026096.h08v05.002.2026097073152.h5_7mNIrwxJ,C3173454072-NSIDC_CPRD,G4125914431-NSIDC_CPRD,Tuolumne River Basin,,,2026-04-06,2026-04-06,NDSI; source scale 0.01,,375 m (product title),data/external/viirs/tuolumne/vj110a1f_v002/raw/VJ110A1F.A2026096.h08v05.002.2026097073152.h5,earthaccess authenticated download,G4125914431-NSIDC_CPRD,downstream snow-cover diagnostic; not a retrieval filter,ancillary diagnostic; not a SWE validation target,SHA-256,87a783106bea3a9ba8a8401a024a87b02cc03eecb8c906c47e88274f8d086c84,1350724,https://cmr.earthdata.nasa.gov/search/concepts/G4125914431-NSIDC_CPRD.umm_json,Local-file SHA-256 and size recorded in the inventory; selected CMR revision 2026-04-07T08:25:06.773Z.
2026-09-29T02:46:58+00:00,VIIRS VJ110A1F,NASA NSIDC DAAC via CMR and earthaccess,VIIRS/JPSS1 CGF Snow Cover Daily L3 Global 375m SIN Grid V002,,002,002,,002,VJ110A1F.A2026107.h08v05.002.2026108074104.h5_7mNIrwxJ,C3173454072-NSIDC_CPRD,G4148921112-NSIDC_CPRD,Tuolumne River Basin,,,2026-04-17,2026-04-17,NDSI; source scale 0.01,,375 m (product title),data/external/viirs/tuolumne/vj110a1f_v002/raw/VJ110A1F.A2026107.h08v05.002.2026108074104.h5,earthaccess authenticated download,G4148921112-NSIDC_CPRD,downstream snow-cover diagnostic; not a retrieval filter,ancillary diagnostic; not a SWE validation target,SHA-256,ed071371875bb108b8b74ed67a2b4a32d54a40362091b206377cde0622c0f2cb,895179,https://cmr.earthdata.nasa.gov/search/concepts/G4148921112-NSIDC_CPRD.umm_json,Local-file SHA-256 and size recorded in the inventory; selected CMR revision 2026-04-18T08:34:08.738Z.
2026-09-29T02:46:58+00:00,VIIRS VJ110A1F,NASA NSIDC DAAC via CMR and earthaccess,VIIRS/JPSS1 CGF Snow Cover Daily L3 Global 375m SIN Grid V002,,002,002,,002,VJ110A1F.A2026108.h08v05.002.2026109073635.h5_7mNIrwxJ,C3173454072-NSIDC_CPRD,G4150846585-NSIDC_CPRD,Tuolumne River Basin,,,2026-04-18,2026-04-18,NDSI; source scale 0.01,,375 m (product title),data/external/viirs/tuolumne/vj110a1f_v002/raw/VJ110A1F.A2026108.h08v05.002.2026109073635.h5,earthaccess authenticated download,G4150846585-NSIDC_CPRD,downstream snow-cover diagnostic; not a retrieval filter,ancillary diagnostic; not a SWE validation target,SHA-256,0b618edc1dde1ee89a567be9c846fe0d76ed7b0bd3c8cf2712a2b290318e6a79,1166376,https://cmr.earthdata.nasa.gov/search/concepts/G4150846585-NSIDC_CPRD.umm_json,Local-file SHA-256 and size recorded in the inventory; selected CMR revision 2026-04-19T09:22:09.088Z.
2026-09-29T02:46:58+00:00,VIIRS VJ110A1F,NASA NSIDC DAAC via CMR and earthaccess,VIIRS/JPSS1 CGF Snow Cover Daily L3 Global 375m SIN Grid V002,,002,002,,002,VJ110A1F.A2026119.h08v05.002.2026120080739.h5_7mNIrwxJ,C3173454072-NSIDC_CPRD,G4171691387-NSIDC_CPRD,Tuolumne River Basin,,,2026-04-29,2026-04-29,NDSI; source scale 0.01,,375 m (product title),data/external/viirs/tuolumne/vj110a1f_v002/raw/VJ110A1F.A2026119.h08v05.002.2026120080739.h5,earthaccess authenticated download,G4171691387-NSIDC_CPRD,downstream snow-cover diagnostic; not a retrieval filter,ancillary diagnostic; not a SWE validation target,SHA-256,eeb0c248efd7b1cdd48fc50518a0db47da0898b19bbee9aa0c741ea08f2adfa2,1510559,https://cmr.earthdata.nasa.gov/search/concepts/G4171691387-NSIDC_CPRD.umm_json,Local-file SHA-256 and size recorded in the inventory; selected CMR revision 2026-04-30T08:10:09.586Z.
2026-09-29T02:46:58+00:00,VIIRS VJ110A1F,NASA NSIDC DAAC via CMR and earthaccess,VIIRS/JPSS1 CGF Snow Cover Daily L3 Global 375m SIN Grid V002,,002,002,,002,VJ110A1F.A2026120.h08v05.002.2026121081020.h5_7mNIrwxJ,C3173454072-NSIDC_CPRD,G4173190841-NSIDC_CPRD,Tuolumne River Basin,,,2026-04-30,2026-04-30,NDSI; source scale 0.01,,375 m (product title),data/external/viirs/tuolumne/vj110a1f_v002/raw/VJ110A1F.A2026120.h08v05.002.2026121081020.h5,earthaccess authenticated download,G4173190841-NSIDC_CPRD,downstream snow-cover diagnostic; not a retrieval filter,ancillary diagnostic; not a SWE validation target,SHA-256,08844b6b901f69bf3154a7b1038efcc2774baa55cb0466d7a13473c6f48647d5,1752523,https://cmr.earthdata.nasa.gov/search/concepts/G4173190841-NSIDC_CPRD.umm_json,Local-file SHA-256 and size recorded in the inventory; selected CMR revision 2026-05-01T08:13:28.840Z.
2026-09-29T02:46:58+00:00,VIIRS VJ110A1F,NASA NSIDC DAAC via CMR and earthaccess,VIIRS/JPSS1 CGF Snow Cover Daily L3 Global 375m SIN Grid V002,,002,002,,002,VJ110A1F.A2026131.h08v05.002.2026132075215.h5_7mNIrwxJ,C3173454072-NSIDC_CPRD,G4185047783-NSIDC_CPRD,Tuolumne River Basin,,,2026-05-11,2026-05-11,NDSI; source scale 0.01,,375 m (product title),data/external/viirs/tuolumne/vj110a1f_v002/raw/VJ110A1F.A2026131.h08v05.002.2026132075215.h5,earthaccess authenticated download,G4185047783-NSIDC_CPRD,downstream snow-cover diagnostic; not a retrieval filter,ancillary diagnostic; not a SWE validation target,SHA-256,2ed8cc94f762a0c3f3dee23302a0213385088809834f1ca0aecd938d2cfc1892,798895,https://cmr.earthdata.nasa.gov/search/concepts/G4185047783-NSIDC_CPRD.umm_json,Local-file SHA-256 and size recorded in the inventory; selected CMR revision 2026-05-12T18:13:13.542Z.
2026-09-29T02:46:58+00:00,VIIRS VJ110A1F,NASA NSIDC DAAC via CMR and earthaccess,VIIRS/JPSS1 CGF Snow Cover Daily L3 Global 375m SIN Grid V002,,002,002,,002,VJ110A1F.A2026132.h08v05.002.2026133074432.h5_7mNIrwxJ,C3173454072-NSIDC_CPRD,G4185636418-NSIDC_CPRD,Tuolumne River Basin,,,2026-05-12,2026-05-12,NDSI; source scale 0.01,,375 m (product title),data/external/viirs/tuolumne/vj110a1f_v002/raw/VJ110A1F.A2026132.h08v05.002.2026133074432.h5,earthaccess authenticated download,G4185636418-NSIDC_CPRD,downstream snow-cover diagnostic; not a retrieval filter,ancillary diagnostic; not a SWE validation target,SHA-256,490cd862f8684d20600c933fc2cd730bbe42132f24cb872de6c2370d336347a3,1421648,https://cmr.earthdata.nasa.gov/search/concepts/G4185636418-NSIDC_CPRD.umm_json,Local-file SHA-256 and size recorded in the inventory; selected CMR revision 2026-05-13T07:50:08.348Z.
2026-09-29T02:46:58+00:00,VIIRS VJ110A1F,NASA NSIDC DAAC via CMR and earthaccess,VIIRS/JPSS1 CGF Snow Cover Daily L3 Global 375m SIN Grid V002,,002,002,,002,VJ110A1F.A2026143.h08v05.002.2026144074539.h5_7mNIrwxJ,C3173454072-NSIDC_CPRD,G4195942083-NSIDC_CPRD,Tuolumne River Basin,,,2026-05-23,2026-05-23,NDSI; source scale 0.01,,375 m (product title),data/external/viirs/tuolumne/vj110a1f_v002/raw/VJ110A1F.A2026143.h08v05.002.2026144074539.h5,earthaccess authenticated download,G4195942083-NSIDC_CPRD,downstream snow-cover diagnostic; not a retrieval filter,ancillary diagnostic; not a SWE validation target,SHA-256,3eb18f33841bc08c8349cf237b56778914ece045ca51cab86f9584737a0a6418,1219102,https://cmr.earthdata.nasa.gov/search/concepts/G4195942083-NSIDC_CPRD.umm_json,Local-file SHA-256 and size recorded in the inventory; selected CMR revision 2026-05-24T07:49:10.048Z.
2026-09-29T02:46:58+00:00,VIIRS VJ110A1F,NASA NSIDC DAAC via CMR and earthaccess,VIIRS/JPSS1 CGF Snow Cover Daily L3 Global 375m SIN Grid V002,,002,002,,002,VJ110A1F.A2026144.h08v05.002.2026145084425.h5_7mNIrwxJ,C3173454072-NSIDC_CPRD,G4196752600-NSIDC_CPRD,Tuolumne River Basin,,,2026-05-24,2026-05-24,NDSI; source scale 0.01,,375 m (product title),data/external/viirs/tuolumne/vj110a1f_v002/raw/VJ110A1F.A2026144.h08v05.002.2026145084425.h5,earthaccess authenticated download,G4196752600-NSIDC_CPRD,downstream snow-cover diagnostic; not a retrieval filter,ancillary diagnostic; not a SWE validation target,SHA-256,143b951d41eaffb255d8f5ef308fa0529bcc7bf08188305764e8d72a3d0bbf85,1430545,https://cmr.earthdata.nasa.gov/search/concepts/G4196752600-NSIDC_CPRD.umm_json,Local-file SHA-256 and size recorded in the inventory; selected CMR revision 2026-05-25T08:48:09.973Z.
2026-09-29T02:46:58+00:00,VIIRS VJ110A1F,NASA NSIDC DAAC via CMR and earthaccess,VIIRS/JPSS1 CGF Snow Cover Daily L3 Global 375m SIN Grid V002,,002,002,,002,VJ110A1F.A2026155.h08v05.002.2026156120802.h5_7mNIrwxJ,C3173454072-NSIDC_CPRD,G4207667054-NSIDC_CPRD,Tuolumne River Basin,,,2026-06-04,2026-06-04,NDSI; source scale 0.01,,375 m (product title),data/external/viirs/tuolumne/vj110a1f_v002/raw/VJ110A1F.A2026155.h08v05.002.2026156120802.h5,earthaccess authenticated download,G4207667054-NSIDC_CPRD,downstream snow-cover diagnostic; not a retrieval filter,ancillary diagnostic; not a SWE validation target,SHA-256,00ed5290993988d53cff175b6851d025256632d8a6e935eaceced12c6ddc3bd7,940360,https://cmr.earthdata.nasa.gov/search/concepts/G4207667054-NSIDC_CPRD.umm_json,Local-file SHA-256 and size recorded in the inventory; selected CMR revision 2026-06-05T12:11:30.141Z.
2026-09-29T02:46:58+00:00,VIIRS VJ110A1F,NASA NSIDC DAAC via CMR and earthaccess,VIIRS/JPSS1 CGF Snow Cover Daily L3 Global 375m SIN Grid V002,,002,002,,002,VJ110A1F.A2026156.h08v05.002.2026157114605.h5_7mNIrwxJ,C3173454072-NSIDC_CPRD,G4208660674-NSIDC_CPRD,Tuolumne River Basin,,,2026-06-05,2026-06-05,NDSI; source scale 0.01,,375 m (product title),data/external/viirs/tuolumne/vj110a1f_v002/raw/VJ110A1F.A2026156.h08v05.002.2026157114605.h5,earthaccess authenticated download,G4208660674-NSIDC_CPRD,downstream snow-cover diagnostic; not a retrieval filter,ancillary diagnostic; not a SWE validation target,SHA-256,81a4c7ca0e6f5e2c28db82b6a4e26dc1311fe13811f4b9582a759355c56a54bb,979791,https://cmr.earthdata.nasa.gov/search/concepts/G4208660674-NSIDC_CPRD.umm_json,Local-file SHA-256 and size recorded in the inventory; selected CMR revision 2026-06-06T11:49:07.022Z.
2026-09-29T02:46:58+00:00,VIIRS VJ110A1F,NASA NSIDC DAAC via CMR and earthaccess,VIIRS/JPSS1 CGF Snow Cover Daily L3 Global 375m SIN Grid V002,,002,002,,002,VJ110A1F.A2026167.h08v05.002.2026168151919.h5_7mNIrwxJ,C3173454072-NSIDC_CPRD,G4219508468-NSIDC_CPRD,Tuolumne River Basin,,,2026-06-16,2026-06-16,NDSI; source scale 0.01,,375 m (product title),data/external/viirs/tuolumne/vj110a1f_v002/raw/VJ110A1F.A2026167.h08v05.002.2026168151919.h5,earthaccess authenticated download,G4219508468-NSIDC_CPRD,downstream snow-cover diagnostic; not a retrieval filter,ancillary diagnostic; not a SWE validation target,SHA-256,08d0f3e48e1a0709baef3d2d7592f23cdcaec12325873bbe3f087290b18a5ae1,1264155,https://cmr.earthdata.nasa.gov/search/concepts/G4219508468-NSIDC_CPRD.umm_json,Local-file SHA-256 and size recorded in the inventory; selected CMR revision 2026-06-17T15:22:13.367Z.
2026-09-29T02:46:58+00:00,VIIRS VJ110A1F,NASA NSIDC DAAC via CMR and earthaccess,VIIRS/JPSS1 CGF Snow Cover Daily L3 Global 375m SIN Grid V002,,002,002,,002,VJ110A1F.A2026168.h08v05.002.2026169083548.h5_7mNIrwxJ,C3173454072-NSIDC_CPRD,G4220398258-NSIDC_CPRD,Tuolumne River Basin,,,2026-06-17,2026-06-17,NDSI; source scale 0.01,,375 m (product title),data/external/viirs/tuolumne/vj110a1f_v002/raw/VJ110A1F.A2026168.h08v05.002.2026169083548.h5,earthaccess authenticated download,G4220398258-NSIDC_CPRD,downstream snow-cover diagnostic; not a retrieval filter,ancillary diagnostic; not a SWE validation target,SHA-256,8e66c15496de049a7db58b3a0d18ad9b23fa746381e08d9db648ccd23905adf4,1189545,https://cmr.earthdata.nasa.gov/search/concepts/G4220398258-NSIDC_CPRD.umm_json,Local-file SHA-256 and size recorded in the inventory; selected CMR revision 2026-06-18T08:39:07.576Z.
2026-09-29T02:46:58+00:00,VIIRS VJ110A1F,NASA NSIDC DAAC via CMR and earthaccess,VIIRS/JPSS1 CGF Snow Cover Daily L3 Global 375m SIN Grid V002,,002,002,,002,VJ110A1F.A2026179.h08v05.002.2026180075826.h5_7mNIrwxJ,C3173454072-NSIDC_CPRD,G4230465056-NSIDC_CPRD,Tuolumne River Basin,,,2026-06-28,2026-06-28,NDSI; source scale 0.01,,375 m (product title),data/external/viirs/tuolumne/vj110a1f_v002/raw/VJ110A1F.A2026179.h08v05.002.2026180075826.h5,earthaccess authenticated download,G4230465056-NSIDC_CPRD,downstream snow-cover diagnostic; not a retrieval filter,ancillary diagnostic; not a SWE validation target,SHA-256,10b384226ce89454898471a85ba02efe027b938e039958c8b46f39c61776032c,948933,https://cmr.earthdata.nasa.gov/search/concepts/G4230465056-NSIDC_CPRD.umm_json,Local-file SHA-256 and size recorded in the inventory; selected CMR revision 2026-06-29T08:01:09.501Z.
2026-09-29T02:46:58+00:00,VIIRS VJ110A1F,NASA NSIDC DAAC via CMR and earthaccess,VIIRS/JPSS1 CGF Snow Cover Daily L3 Global 375m SIN Grid V002,,002,002,,002,VJ110A1F.A2026180.h08v05.002.2026181072956.h5_7mNIrwxJ,C3173454072-NSIDC_CPRD,G4231154325-NSIDC_CPRD,Tuolumne River Basin,,,2026-06-29,2026-06-29,NDSI; source scale 0.01,,375 m (product title),data/external/viirs/tuolumne/vj110a1f_v002/raw/VJ110A1F.A2026180.h08v05.002.2026181072956.h5,earthaccess authenticated download,G4231154325-NSIDC_CPRD,downstream snow-cover diagnostic; not a retrieval filter,ancillary diagnostic; not a SWE validation target,SHA-256,7b25e71fdaffbbe2c4add0f25bb907ecb97a0c32170e4755320763700fd45d80,893706,https://cmr.earthdata.nasa.gov/search/concepts/G4231154325-NSIDC_CPRD.umm_json,Local-file SHA-256 and size recorded in the inventory; selected CMR revision 2026-06-30T07:33:08.384Z.
2026-09-29T02:46:58+00:00,VIIRS VJ110A1F,NASA NSIDC DAAC via CMR and earthaccess,VIIRS/JPSS1 CGF Snow Cover Daily L3 Global 375m SIN Grid V002,,002,002,,002,VJ110A1F.A2026191.h08v05.002.2026192073036.h5_7mNIrwxJ,C3173454072-NSIDC_CPRD,G4243298246-NSIDC_CPRD,Tuolumne River Basin,,,2026-07-10,2026-07-10,NDSI; source scale 0.01,,375 m (product title),data/external/viirs/tuolumne/vj110a1f_v002/raw/VJ110A1F.A2026191.h08v05.002.2026192073036.h5,earthaccess authenticated download,G4243298246-NSIDC_CPRD,downstream snow-cover diagnostic; not a retrieval filter,ancillary diagnostic; not a SWE validation target,SHA-256,0354d3e6d02f35906bc35c9ea5b61b19c2da843637e9fedd64d00e13b0dd50da,730845,https://cmr.earthdata.nasa.gov/search/concepts/G4243298246-NSIDC_CPRD.umm_json,Local-file SHA-256 and size recorded in the inventory; selected CMR revision 2026-07-11T07:33:06.718Z.
2026-09-29T02:46:58+00:00,VIIRS VJ110A1F,NASA NSIDC DAAC via CMR and earthaccess,VIIRS/JPSS1 CGF Snow Cover Daily L3 Global 375m SIN Grid V002,,002,002,,002,VJ110A1F.A2026192.h08v05.002.2026193080011.h5_7mNIrwxJ,C3173454072-NSIDC_CPRD,G4244588706-NSIDC_CPRD,Tuolumne River Basin,,,2026-07-11,2026-07-11,NDSI; source scale 0.01,,375 m (product title),data/external/viirs/tuolumne/vj110a1f_v002/raw/VJ110A1F.A2026192.h08v05.002.2026193080011.h5,earthaccess authenticated download,G4244588706-NSIDC_CPRD,downstream snow-cover diagnostic; not a retrieval filter,ancillary diagnostic; not a SWE validation target,SHA-256,1a9aa3338cd560e34fce3e975763f1489a9752e37595082525352d3e6d2cf307,996698,https://cmr.earthdata.nasa.gov/search/concepts/G4244588706-NSIDC_CPRD.umm_json,Local-file SHA-256 and size recorded in the inventory; selected CMR revision 2026-07-12T08:03:07.850Z.
2026-09-29T02:46:58+00:00,VIIRS VJ110A1F,NASA NSIDC DAAC via CMR and earthaccess,VIIRS/JPSS1 CGF Snow Cover Daily L3 Global 375m SIN Grid V002,,002,002,,002,VJ110A1F.A2026203.h08v05.002.2026204081341.h5_7mNIrwxJ,C3173454072-NSIDC_CPRD,G4257270265-NSIDC_CPRD,Tuolumne River Basin,,,2026-07-22,2026-07-22,NDSI; source scale 0.01,,375 m (product title),data/external/viirs/tuolumne/vj110a1f_v002/raw/VJ110A1F.A2026203.h08v05.002.2026204081341.h5,earthaccess authenticated download,G4257270265-NSIDC_CPRD,downstream snow-cover diagnostic; not a retrieval filter,ancillary diagnostic; not a SWE validation target,SHA-256,ab6dab50ed1c3917b93cbd74ba4a5f86dcd24e4907ac9792dd66ee0be84e1c80,2050621,https://cmr.earthdata.nasa.gov/search/concepts/G4257270265-NSIDC_CPRD.umm_json,Local-file SHA-256 and size recorded in the inventory; selected CMR revision 2026-07-23T08:17:08.084Z.
2026-09-29T02:46:58+00:00,VIIRS VJ110A1F,NASA NSIDC DAAC via CMR and earthaccess,VIIRS/JPSS1 CGF Snow Cover Daily L3 Global 375m SIN Grid V002,,002,002,,002,VJ110A1F.A2026204.h08v05.002.2026205072532.h5_7mNIrwxJ,C3173454072-NSIDC_CPRD,G4261799823-NSIDC_CPRD,Tuolumne River Basin,,,2026-07-23,2026-07-23,NDSI; source scale 0.01,,375 m (product title),data/external/viirs/tuolumne/vj110a1f_v002/raw/VJ110A1F.A2026204.h08v05.002.2026205072532.h5,earthaccess authenticated download,G4261799823-NSIDC_CPRD,downstream snow-cover diagnostic; not a retrieval filter,ancillary diagnostic; not a SWE validation target,SHA-256,f915caeb4f63b1d2fb583d07f04bf103fe5deeb48a0507e142432d74d32ebde9,1570783,https://cmr.earthdata.nasa.gov/search/concepts/G4261799823-NSIDC_CPRD.umm_json,Local-file SHA-256 and size recorded in the inventory; selected CMR revision 2026-07-27T22:21:13.781Z.
2026-09-29T02:46:58+00:00,VIIRS VJ110A1F,NASA NSIDC DAAC via CMR and earthaccess,VIIRS/JPSS1 CGF Snow Cover Daily L3 Global 375m SIN Grid V002,,002,002,,002,VJ110A1F.A2026227.h08v05.002.2026228075848.h5_7mNIrwxJ,C3173454072-NSIDC_CPRD,G4280928049-NSIDC_CPRD,Tuolumne River Basin,,,2026-08-15,2026-08-15,NDSI; source scale 0.01,,375 m (product title),data/external/viirs/tuolumne/vj110a1f_v002/raw/VJ110A1F.A2026227.h08v05.002.2026228075848.h5,earthaccess authenticated download,G4280928049-NSIDC_CPRD,downstream snow-cover diagnostic; not a retrieval filter,ancillary diagnostic; not a SWE validation target,SHA-256,af134d573b8ef15dec8011ca9819dda220a183e14a46c18802c965053c0a0945,1687132,https://cmr.earthdata.nasa.gov/search/concepts/G4280928049-NSIDC_CPRD.umm_json,Local-file SHA-256 and size recorded in the inventory; selected CMR revision 2026-08-16T08:01:06.730Z.
2026-09-29T02:46:58+00:00,VIIRS VJ110A1F,NASA NSIDC DAAC via CMR and earthaccess,VIIRS/JPSS1 CGF Snow Cover Daily L3 Global 375m SIN Grid V002,,002,002,,002,VJ110A1F.A2026228.h08v05.002.2026229073706.h5_7mNIrwxJ,C3173454072-NSIDC_CPRD,G4281553813-NSIDC_CPRD,Tuolumne River Basin,,,2026-08-16,2026-08-16,NDSI; source scale 0.01,,375 m (product title),data/external/viirs/tuolumne/vj110a1f_v002/raw/VJ110A1F.A2026228.h08v05.002.2026229073706.h5,earthaccess authenticated download,G4281553813-NSIDC_CPRD,downstream snow-cover diagnostic; not a retrieval filter,ancillary diagnostic; not a SWE validation target,SHA-256,8416a0d7ea4e69cace71fba70c6e34d8a87c40ed126d1bfe88fc7451b06f1560,1893272,https://cmr.earthdata.nasa.gov/search/concepts/G4281553813-NSIDC_CPRD.umm_json,Local-file SHA-256 and size recorded in the inventory; selected CMR revision 2026-08-17T07:40:07.650Z.
2026-09-29T02:46:58+00:00,VIIRS VJ110A1F,NASA NSIDC DAAC via CMR and earthaccess,VIIRS/JPSS1 CGF Snow Cover Daily L3 Global 375m SIN Grid V002,,002,002,,002,VJ110A1F.A2026239.h08v05.002.2026240065040.h5_7mNIrwxJ,C3173454072-NSIDC_CPRD,G4290172994-NSIDC_CPRD,Tuolumne River Basin,,,2026-08-27,2026-08-27,NDSI; source scale 0.01,,375 m (product title),data/external/viirs/tuolumne/vj110a1f_v002/raw/VJ110A1F.A2026239.h08v05.002.2026240065040.h5,earthaccess authenticated download,G4290172994-NSIDC_CPRD,downstream snow-cover diagnostic; not a retrieval filter,ancillary diagnostic; not a SWE validation target,SHA-256,98950e872d62caa2bab9f596b77a6c50b3d0540d4e8a35b35465a5df4254abe9,1806694,https://cmr.earthdata.nasa.gov/search/concepts/G4290172994-NSIDC_CPRD.umm_json,Local-file SHA-256 and size recorded in the inventory; selected CMR revision 2026-08-28T06:53:10.408Z.
2026-09-29T02:46:58+00:00,VIIRS VJ110A1F,NASA NSIDC DAAC via CMR and earthaccess,VIIRS/JPSS1 CGF Snow Cover Daily L3 Global 375m SIN Grid V002,,002,002,,002,VJ110A1F.A2026240.h08v05.002.2026241074042.h5_7mNIrwxJ,C3173454072-NSIDC_CPRD,G4291277393-NSIDC_CPRD,Tuolumne River Basin,,,2026-08-28,2026-08-28,NDSI; source scale 0.01,,375 m (product title),data/external/viirs/tuolumne/vj110a1f_v002/raw/VJ110A1F.A2026240.h08v05.002.2026241074042.h5,earthaccess authenticated download,G4291277393-NSIDC_CPRD,downstream snow-cover diagnostic; not a retrieval filter,ancillary diagnostic; not a SWE validation target,SHA-256,2994ac7f8c94d4da91dd41672c99204c48feb963e3e783f69a656ffd94c00a38,1878794,https://cmr.earthdata.nasa.gov/search/concepts/G4291277393-NSIDC_CPRD.umm_json,Local-file SHA-256 and size recorded in the inventory; selected CMR revision 2026-08-29T07:45:11.746Z.
2026-09-29T02:46:58+00:00,VIIRS VJ110A1F,NASA NSIDC DAAC via CMR and earthaccess,VIIRS/JPSS1 CGF Snow Cover Daily L3 Global 375m SIN Grid V002,,002,002,,002,VJ110A1F.A2026251.h08v05.002.2026266144758.h5_7mNIrwxJ,C3173454072-NSIDC_CPRD,G4320964845-NSIDC_CPRD,Tuolumne River Basin,,,2026-09-08,2026-09-08,NDSI; source scale 0.01,,375 m (product title),data/external/viirs/tuolumne/vj110a1f_v002/raw/VJ110A1F.A2026251.h08v05.002.2026266144758.h5,earthaccess authenticated download,G4320964845-NSIDC_CPRD,downstream snow-cover diagnostic; not a retrieval filter,ancillary diagnostic; not a SWE validation target,SHA-256,54ecf3ca5ace84ce7a931be74e6abbbe2d3348d0df54da857259220467b1b28c,1779575,https://cmr.earthdata.nasa.gov/search/concepts/G4320964845-NSIDC_CPRD.umm_json,Local-file SHA-256 and size recorded in the inventory; selected CMR revision 2026-09-23T14:51:10.647Z.
2026-09-29T02:46:58+00:00,VIIRS VJ110A1F,NASA NSIDC DAAC via CMR and earthaccess,VIIRS/JPSS1 CGF Snow Cover Daily L3 Global 375m SIN Grid V002,,002,002,,002,VJ110A1F.A2026252.h08v05.002.2026257161212.h5_7mNIrwxJ,C3173454072-NSIDC_CPRD,G4310636189-NSIDC_CPRD,Tuolumne River Basin,,,2026-09-09,2026-09-09,NDSI; source scale 0.01,,375 m (product title),data/external/viirs/tuolumne/vj110a1f_v002/raw/VJ110A1F.A2026252.h08v05.002.2026257161212.h5,earthaccess authenticated download,G4310636189-NSIDC_CPRD,downstream snow-cover diagnostic; not a retrieval filter,ancillary diagnostic; not a SWE validation target,SHA-256,8f2ceae57a627583f7a3efe6ab5ba1433fda04d569a21422c9b4471a6cfe3405,1568534,https://cmr.earthdata.nasa.gov/search/concepts/G4310636189-NSIDC_CPRD.umm_json,Local-file SHA-256 and size recorded in the inventory; selected CMR revision 2026-09-14T16:15:12.326Z.
2026-09-29T02:46:58+00:00,VIIRS VJ110A1F,NASA NSIDC DAAC via CMR and earthaccess,VIIRS/JPSS1 CGF Snow Cover Daily L3 Global 375m SIN Grid V002,,002,002,,002,VJ110A1F.A2026263.h08v05.002.2026264073019.h5_7mNIrwxJ,C3173454072-NSIDC_CPRD,G4318323184-NSIDC_CPRD,Tuolumne River Basin,,,2026-09-20,2026-09-20,NDSI; source scale 0.01,,375 m (product title),data/external/viirs/tuolumne/vj110a1f_v002/raw/VJ110A1F.A2026263.h08v05.002.2026264073019.h5,earthaccess authenticated download,G4318323184-NSIDC_CPRD,downstream snow-cover diagnostic; not a retrieval filter,ancillary diagnostic; not a SWE validation target,SHA-256,aa497b53db8e89cf62966105f81ee79181005037c7c16ce9f39c76adff1b55da,1508502,https://cmr.earthdata.nasa.gov/search/concepts/G4318323184-NSIDC_CPRD.umm_json,Local-file SHA-256 and size recorded in the inventory; selected CMR revision 2026-09-21T07:33:29.171Z.
2026-09-29T02:46:58+00:00,VIIRS VJ110A1F,NASA NSIDC DAAC via CMR and earthaccess,VIIRS/JPSS1 CGF Snow Cover Daily L3 Global 375m SIN Grid V002,,002,002,,002,VJ110A1F.A2026264.h08v05.002.2026265062334.h5_7mNIrwxJ,C3173454072-NSIDC_CPRD,G4319368675-NSIDC_CPRD,Tuolumne River Basin,,,2026-09-21,2026-09-21,NDSI; source scale 0.01,,375 m (product title),data/external/viirs/tuolumne/vj110a1f_v002/raw/VJ110A1F.A2026264.h08v05.002.2026265062334.h5,earthaccess authenticated download,G4319368675-NSIDC_CPRD,downstream snow-cover diagnostic; not a retrieval filter,ancillary diagnostic; not a SWE validation target,SHA-256,184f0069845c57d4c523078c21b810b631c66e2bb026e5d6bade7dd6f7e1897e,1809479,https://cmr.earthdata.nasa.gov/search/concepts/G4319368675-NSIDC_CPRD.umm_json,Local-file SHA-256 and size recorded in the inventory; selected CMR revision 2026-09-22T06:26:08.893Z.
2026-09-29T02:21:48+00:00,Tuolumne basin boundary,User-provided local project artifact,GeoJSON basin polygon,,,,,,ch13_nisar_prelim/data/vectors/tuolumne.geojson,,,Tuolumne River Basin,,,,,,EPSG:4326 (GeoJSON longitude/latitude),vector boundary,data/inventories/tuolumne_basin_boundary.geojson,Copied from source artifact recorded in inventory,,basin mask and station membership; not the CMR search AOI,,SHA-256,4e3c4f3fe86f75917e66b71d9ccf52bf77d40eaa8e5da9a67660e9cbbc8703af,21512,,NISAR CMR search AOI; use tuolumne_aso_aoi.geojson for the ASO raster-footprint search geometry
2026-09-29T03:53:11+00:00,Modified Copernicus DEM for NISAR,Distributor/provider not recorded in available local metadata,Four-tile Tuolumne DEM mosaic,,,,,,DEM_N37_00_W121_00_C01.tif;DEM_N37_00_W120_00_C01.tif;DEM_N38_00_W121_00_C01.tif;DEM_N38_00_W120_00_C01.tif,,,Tuolumne River Basin,,,,,m elevation,EPSG:4326,"[0.0002777777777777778, 0.0002777777777777778]",data/external/dem/nisar_cop30/tuolumne_four_tile_mosaic.tif,Local mosaic; source-tile transfer details unresolved,,local-incidence calculation input,,SHA-256,93a747b7c44bf8be548e53e8538a2239ff055ec353fcf925d3f022ef094d425b,173465840,,Vertical datum: WGS84 ellipsoid. Distributor and download record were not present in local metadata.
